7000	"Subject : XXXX XXXX for XXXX and XXXX XXXX XXXX under FCRA, XXXX, XXXX, FDCPA, and XXXX XXXX To Whom It XXXX Concern : This is a formal Reinvestigation Request and Notice of Dispute regarding the information your company is furnishing to the credit reporting agencies under my consumer file. \n\nPursuant to the Fair Credit Reporting Act ( XXXX XXXX. XXXX ( b ) ), and the Fair Credit Billing Act, you are required to conduct a reasonable investigation upon receiving notice of a dispute. I am hereby demanding a reinvestigation of the item ( XXXX ) listed below, and a comprehensive review of your reporting under XXXX XXXX compliance guidelines, including all data fields and condition codes. \n\nAccount Name/Number : AMERICAN EXPRESS XXXX XXXX Opened : XXXX XXXX Nature of Dispute : The Date of Last Activity is inconsistent : XXXX  reports XXXX XXXX XXXX  reports XX/XX/XXXX Violation of FCRA XXXX ( b ) and XXXX XXXX XXXX XXXX ( inaccurate and misleading reporting of aging ) Dispute Reason : This account shows 96 % on-time payments, but late payment markers appear in other bureaus. \nIf XXXX bureau reports perfect payment history while others show late payments, this is an inconsistency that violates XXXX XXXX guidelines. \nThe creditor must validate these missed payments or update XXXX  bureaus for accuracy The account is missing from XXXX  : Suggests selective or incomplete furnishing Violation of FCRA XXXX, XXXX XXXX ( XXXX  provisions ), and equal data furnishing standards The XXXX date is suspiciously aged : Last activity in XXXX vs. XXXX XXXX indicate artificial account extension Possible violation of XXXX and XXXX, which govern aging and accurate XXXX  practices This XXXX indicate either : The debt is unverifiable and thus omitted by other CRAs. \nThe data furnisher failed to report uniformly, leading to incomplete data transmission in violation of FCRA XXXX ( a ) ( XXXX ) ( A )."
7001	"I am writing to formally express my concerns regarding Zelle 's handling of disputes, particularly in light of the recent CFPB lawsuit highlighting significant issues with the platform. Despite using Zelle numerous times and reporting discrepancies, my financial institution and Zelle failed to investigate my claims adequately. They informed me that recovering lost funds was impossible and that tracking these transactions was unfeasible. The CFPB 's findings indicate that Zelle has not only neglected to protect consumers but has also allowed repeat XXXX  to exploit the system, leaving users vulnerable to scams. This lack of accountability and transparency is unacceptable and raises serious concerns about consumer safety."
7002	"NAME : XXXX XXXX XXXX ACCOUNT # : XXXX ACCESS # : XXXX SUBJECT : NFCU UNETHICAL PRACTICES ( INACCURATE BALANCES/XXXX. REPORTS, OVERDRAFT FEES ) Dear CFPB, I am reaching out to seek assistance in resolving an ongoing issue with my financial institution, Navy Federal Credit Union ( NFCU ), regarding overdraft fees charged to my checking account, ending in XXXX. \n\nAfter an inquiry into a recent overdraft fee, I demanded that NFCU waive and refund all overdraft fees. Additionally, I requested that NFCU accurately report pending transactions and balance information, allowing customers a grace period to correct any negative balance issues. \n\nDespite my efforts to address these concerns directly with NFCU, they have not provided a satisfactory resolution. Therefore, I am seeking your intervention to ensure that NFCU complies with these demands and rectifies the situation appropriately. \n\nPlease find documentation supporting my claims, including correspondence with NFCU and evidence of the inaccurate balance reporting. \n\nThank you for your attention to this matter. \n\nXXXX XXXX XXXX"
7003	"I have been a loyal Bank Of America for over 12 years, On XX/XX/XXXX, I deposited a check at Bank of America XXXX XXXX XXXX XXXX XXXX, XXXX  after being explicitly told by a bank representative that the funds would be available the next business day. The check was an emergency loan from my XXXX, which I paid extra fees to get it delivered ASAP. \nAfter I deposit the check ( {$9200.00} ), a note was stated on the transaction on the online banking page said that XXXX dollar available on XX/XX/XXXX, available next day to cover debit purchases, full funds available on XX/XX/XXXX, and though it was one day later than what the teller said, but I was fine with that. \nToday, XX/XX/XXXX the bank broke that promise too, changed the hold time to seven ( 7 ) days, and when I called them on the phone, they even refused to return my check so I could deposit it elsewhere. \nI urgently need these funds and now face severe financial hardship. I spoke to three different bank associates, and none offered a resolution. Because of the banks delay and broken promise, I may have to take out a loan to cover immediate expenses. If that happens, I hold Bank of America fully responsible for reimbursing me for any and all loan interest or related costs. \nBy changing their original decision and withholding my funds longer than promised, the bank caused this problem and must be fully responsible for all consequences not me. \nThis decision has harmed not only my financial stability but also the financial well-being of several members of my family who depend on me. Bank of Americas actions directly caused this harm and violated the trust I placed in them."
7004	"Nelnet does not follow your requests to allocate extra payments to the highest interest rate, thus you are paying more interest over the life of the loan. They also \" magically '' move money to a group that was paid off."
7005	"I been still getting charges from XXXX and American Express keeps allowing them to go through making fraudulent claims I agreed to a subscription when I never been to the website or agreed to such charges. They are supporting fraudulent charges I been fighting this for month and it leading to over $ XXXX of dollars for something I do not want nor signed up for personally. They are offering me no fraud protection on my credit card!"
7006	"From XX/XX/XXXX - XX/XX/XXXX I was in the process of applying for a pre-approval on a mortgage from Bank of America. XXXX XXXX, NMLS # XXXX was assisting me in putting the application together and asked for my current rental history. I live in a house co-owned by my father and I, and I transfer him money every month ( under no obligation or contract to do so ) to help him get by. \n\nThe underwriter and XXXX initially assumed that I was renting the house from my father, and asked for me to provide a rental agreement or documentation. When I informed him that there is no agreement, and I have no obligation to pay rent, XXXX instructed me to forge documentation ( a \" lease agreement '' ) saying that I have been renting my residence from my father for years in order to establish enough credit history to get my mortgage pre-approved. I declined, and our conversation ended."
7007	"Dear CFPB! \nMy bank closed my checking account and promised to send checks back to me in XXXX. The amount is XXXX . But I havent received it after three months. Every time I tried to reach out to the bank, the representative told me there was no update. \nThis is very frustrating and confusing. Please look into my case and help me!"
7008	"I have been trying for months to remove the PMI from my mortgage for a year. I filed a complaint with the CFPB against XXXX XXXX and just as I was close to a resolution they sold my mortgage to Chase and I began the whole PMI removal process again. I sent a written request to Chase to remove the PMI as I have met the requirements for removal. As described in my second letter to Chase requesting PMI removal dated XXXX/XXXX/16 I have met the LTV ratio requirement below XXXX % and have no outstanding or late payments. I feel as if Chase is taking advantage of their valued customers. It is appalling."
7009	"I am submitting a complaint against Cash App ( Block , Inc. ) for poor customer service and unfair practices that violate the Consumer Financial Protection Act. Specifically, Cash App failed to take prompt and effective action to prevent and address fraud on their platform, leaving my account exposed and unprotected. Additionally, their dispute resolution process was unfair and deceptive, as they did not adhere to error resolution requirements under the Electronic Fund Transfer Act and Regulation E. These actions have resulted in significant inconvenience and financial loss, and I am seeking appropriate redress for these violations."
7010	"My new vehicle financed with Kia Motors Finance was totaled on XX/XX/2023. The account went through the usual processes of insurance claims. After the insurance payment on XX/XX/2023, there was still a balance of {$1500.00}. I was informed by my GAP insurance provider that I would not need GAP as the balance would be covered by warranty refunds. In XX/XX/2023, I spoke with my dealership to submit the paperwork to get the refunds processed. Kia Motors Finance would not debit the refunds from the dealer. I attempted to call Kia finances phone number, but an automated answer always states that they are busy and the call ends. Months went by while I kept attempting to call Kia finance. On XX/XX/2023, I received a call from Hyundai Motors that my account would be charged off. There was no previous warning, whether through call, email, or physical mail. I was told it would not go to my credit report if I paid that day. I paid off the remaining {$1500.00} with my own bank account, even though it should have been covered with the refunds they should have processed. Kia Finance ended up placing a derogatory remark on my credit report anyway and my score fell by over XXXX pts. I had to submit a dispute by mail to them and now the remark is removed but my score has not recovered. As of XX/XX/2023, I still have not received my refunds. I was told that the GAP refund was mailed out on XX/XX/2023 but I have yet to receive it. I asked for the check to be reissued and they mentioned it could take up to 45 business days. Today I also inquired about the 2 other refunds that total in the amount of {$3000.00}. The representative told me that the refunds have not been processed yet. I can see on my payment history that Kia Finance received these refunds from my dealer on XX/XX/2023."
7011	"Hello I talked to them and other programs and repayment plans or options and they said that my plan will just be getting interest but a fixed one and that was not true and another person said I can cancel my loan but I have to give up my degree for the XXXX XXXX. Also on my credit score they put it as a default."
7012	"My complaint is about the handling of the vehicle financing. Under the SEC Act, concerns with securities fraud and tax evasion are raised. My promissory note/certificate of indebtedness has been securitized by this company where they received a cusip number and engaged in trading activities. I have done everything correctly and sent to the correct place/person/trustee according to their Indenture agreement and prospectus reports on sec.gov. They have even sent back my copy of the 1099-A which is attached along with other communications and proof of registered mail. Ally is engaging in securities fraud."
7013	"VANCE AND HUFFMAN LLC A balance of {$650.00}. I am unaware of this debt and did not have opportunity to dispute this account. If you believe you sent proper notification, Please provide Certified Mail with receipt displaying my signature. If not, Please delete this from all three credit bureaus account or I will have to take Legal action."
7014	"The initial lender, Mohela, transferred the loan to anew lender, XXXX, in the XXXX  of XXXX. In the notice, the letter instructed that no action was necessary for auto-pay and that those payments would automatically transfer to XXXX. Mohela continued to draw my monthly payments from XXXX through XX/XX/year>, but did not transfer the payments to XXXX, which resulted in defaulting on my loan. However, again, money continued to be withdrawn from my account. When I figured this out, after being denied another loan ( with XXXX XXXX XXXX and $ XXXX in income ), I called Mohela. The wait was more than an hour and I opted for a call back on XXXX. They never called back. I called the next day, XXXX, and waited on hold for more than XXXX hours before a representative came on the line. She would not help me and told me to call my bank to stop payment. I did call my bank and stopped payment. I paid XXXX directly and set up a new autopay. My credit has been affected and I have no recourse."
7015	"To Whom It May Concern, I purchased my vehicle, a XXXXXXXX XXXX XXXX at the beginning of XX/XX/XXXX. I made all my payments on time or earlier than the due date until I became XXXX in XXXX. At the time, I was employed as a XXXX XXXX and was not able to work due to the worsening of the XXXX I received on XXXX XXXX in the United States XXXX XXXX. I contacted Wells Fargo numerous times and spoke to several different loan employees explaining that I was waiting for the XXXX of North Carolina to pay me my short-term XXXX pay. The last person I spoke to at Wells Fargo was rude and nasty as I was explaining my situation to her. Within a few days of this last conversation, my vehicle was repossessed leaving me with no way to go to the XXXX XXXX XXXX XXXX XXXX in XXXX, XXXX, to obtain medical care for my injuries. When I received my XXXX XXXXXXXX pay, I caught up on my payments and asked for the exact pay-off amount of the loan. The Wells Fargo lady I spoke to acted like she did not want to give me this information. I paid off my loan in full and expected my credit report to report this ; however, my credit report shows that the loan was charged off. I will find all the pertinent information if it is needed for my claim to be processed."
7016	"I been making payments ahead of time and sometime sending extra money to be applied to the principle and i have statement to. The show debt the balance goes up instead of decreasing after i am paid at front all the time my total amount dude show {$0.00} and but carmax sent statement with amount {$3800.00} on XX/XX/2022 and on XX/XX/2022 they sent one with my balance XXXX how is posible when i paid ahead all the time and my principal is the same"
7017	"I HAVE BEEN AFFECTED BY THE XXXX DATA BREACH. PER 15 USC 1681 C-2 STATES EXCEPT AS OTHERWISE PROVIDED IN THIS SECTION A CONSUMER REPORTING AGENCY SHALL BLOCK THE REPORTING OF ANY INFORMATION IN THE FILE OF A CONSUMER THAT THE CONSUMER IDENTIFIES AS INFORMATION THAT RESULTED FROM AN ALLEGED IDENTITY THEFT. \n\nAccount Name : XXXX # XXXX Account Name : XXXX XXXX # XXXX Account Name : XXXX XXXX XXXX # XXXX Account Name : XXXXXXXX XXXX XXXX # XXXX Account Name : XXXX # XXXX Account Name : XXXX # XXXX Account Name : XXXX # XXXX"
7018	"I have applied for programs to allow a defer loan payments because we have been financially impacted by the coronavirus pandemic. I have made multiple attempts online and over the phone with Ally Financial Inc. to get a some sort of help through this time. If a customer is past due they are only offering assistants if you bring your account current and then you are automatically due again for the following month. So in reality Ally isn't really offering anything other than bring the account current and still remaining due for the following month. This has also affected my credit score because of the days past due. The lack of compassion by Ally is really concerning."
7019	"I want to file complaint about Vero credit. They keep putting XXXX cars under XXXX while its falsein formation. I disputed the XXXX accounts with the bureau of credit with prooves and won the dispute everytime. I never missed a payment and cars never been XXXX  but XXXX by defaulted seized the cars for investigation Im not involved in then released them to Vero credit. While the cars were with XXXX I still made my payments. I kept communicating with Vero credit to help me getting the cars back from XXXX and when XXXX released cars to them they refused to give it back to me even though I didnt make any defaults on the loan and forced me to sale the car while it was in their possession. I lost so much money because they only gave me XXXX days to find a buyer after all when the cars was sold and loan was closed they ruined my XXXX XXXX by claiming that the cars was XXXX. I need help to stop them reporting this in my credit report its affecting my life and ruining my XXXX XXXX. Im not able to do anything getting a loan or anything."
7020	"The phone number on Net Spend XXXX does not work, the website will not allow me to talk or email anyone, only XXXX bucks but I cant use the card for travel as expected and now I cant contact a human or an email. This is ridiculous and wrong for a company to do to XXXX older Americans just trying to get by."
7021	"So on around XXXX of XXXX  my Wells Fargo Account was hacked by someone in the upstate XXXX XXXX area. I visited XXXX a month earlier and didnt think anything of it. But when I tried using my Wells Fargo account my funds where disappearing and any money I was transferring from my other bank accounts was being taken. It started small then it progressed more and more. I went to the bank to report the incident and they had assured me that they locked it down. But the following day my money was disappearing all over again. I lost over XXXX $ dollars from someone using my information to open a new Wells Fargo account to transfer money from my Wells Fargo and XXXX  XXXX XXXX account to the fraudulent account. That I never opened. The account was opened like I said in upstate New York and during that time I was living in XXXX XXXX. I wasnt able to pursue any legal action before because I was XXXX  for 2 years. For XXXX XXXX the person I got in an altercation with was the person I was dating and he lived in XXXX. He was responsible for leaking my information to his associates, so they can steal from me. I was so angry that I dated someone who used me for his own advantage, but am even more upset that I had to go to prison for trying to defend myself from this crook. \nNow that I am finally free I need to be able to get the money that the bank owes from their mistake. Can I get help with this kind of situation? On the files I attached the XXXX  transfers happened on the XX/XX/year> and in my XXXX  XXXX XXXX account you can see that they transferred from that account into my Wells Fargo account."
7022	"I was approved for the homeowners assistance program in XX/XX/XXXX and have been receiving payments since then. My mortgage company was recently sold to Shellpoint and I am missing mortgage payments that HAF has said they have sent to Shellpoint. I am given no answers when I call and talk to Shellpoint and I am in fear of losing my home. I need answers as to where my missing payments are. My mortgage payment was due on XX/XX/XXXX and HAF informed me that they sent the payment of XXXX on XX/XX/XXXX. Shellpoint can not locate the payment and will not apply it to my account."
7023	"I have disputed this debt on XX/XX/year>, and XX/XX/year>, regarding {$200.00}, and the debt has not been removed from my credit reports. The debt collector has verified this debt as accurate with XXXX and XXXX, but this is not correct information. Upon trying to resolve this debt online through myjcap.com, its says that Jefferson Capital Systems llc does not own the debt, that its is serviced by XXXX. \n\nThis has caused undue financial hardship and distress for me, which has negatively impacted my credit, and I want to have this debt removed from my XXXX and XXXX reports immediately."
7024	"On XX/XX/year> a one XXXX XXXX sent me {$50.00} though XXXX  for a fundraiser I was doing. Several months later, not sure exactly when, XXXX XXXX flagged the purchase as fraudulent and asked XXXX  to refund the money. XXXX XXXX FIxed the issue with XXXX but XXXX  claimed I owed them {$50.00} and froze my account, requesting that I repay them. My accoutn showed a {$50.00} deficit. I tried to close the account but it seems I can't. \n\nYesterday, a friend was suppsed to send me {$40.00} through XXXX but sent it to XXXX  by mistale and XXXX  took the money. \n\nTo me this seems life theft. They owe me {$40.00}. There is no real way to get in touch with anyone at XXXX  who can help me with this. \n\nPlease assist!"
7025	"I am XXXX XXXXXXXX XXXX XXXX XXXX XXXX  many times I did transfer money to my bank account they usually put long holds up to 15 days on my account, which caused a lot of problems and stress for me as an XXXX XXXX  here and extra fees for delayed payments, also some times I have been telling them that I dont have even money to buy food but they literally didnt pay attention and just repeated words like robots! \n\nMore than a month ago I reported a scam on my account and they started closing my savings account without telling me, and I was supposed to receive a cashier check in 7-10 business days which I have not received yet after 35 days! After a lot of calls and going to the branch and supposed to receive check from branch, I am told that I will receive a check in 7-10 business days by mail! They also have closed my credit card without letting me know on time again, I receive letters after my account are already closed, and today I noticed that they are also closing my checking account too! All my money is frozen now in their bank with no reason! I told them I have no money to buy food even and they didnt pay any attention. As an XXXX XXXX just graduated with no job and stable income its been so frustrating, while providing the expensive currency in this broken economically situation if XXXX is another hard process for us! I really appreciate your help and consideration on this case! Its XXXX and I dont think that transaction of money or even disclosure of account should not be in this way! I am very frustrated by this bank and I want all my money back as soon as possible to open a new bank account. \n\nBest, XXXX"
7026	"On XX/XX/year>, my PayPal account was accessed by unauthorized users. My password was changed at XXXX XXXX  PST without my consent, followed immediately by XXXX large {$490.00} purchases of PayPal USD ( PYUSD ), and over XXXX additional microtransactions totaling ~ {$1400.00}, all to a crypto wallet I do not recognize. \n\nI do not own an XXXX  device, yet my account history clearly shows logins on XX/XX/XXXX from XXXX  PayPal App and Unknown Device. I had XXXX XXXX XXXXXXXX enabled, was not using public Wi-Fi, and did not click on phishing links. I submitted extensive screenshots of login sessions, timestamps, and transaction history to PayPal. \n\nPayPal closed the case claiming the activity was \" consistent with my history, '' which is demonstrably false. \n\nMy bank reviewed the activity and reversed the fraudulent transactions. Now PayPal is retaliating by claiming I owe them money that was stolen from me. They have refused to reopen the case or acknowledge the security breach. I am requesting that the CFPB intervene to : Ensure PayPal ceases collection efforts on fraudulent charges Require a full, fair re-investigation Prevent PayPal from misreporting this debt to credit agencies I have a PDF report with all supporting documentation and will provide it on request."
7027	"* * 1. The Root Issue with the Merchant : * * I utilized Cash App to fund an online casino account to purchase virtual coins. I did not receive or get to use the virtual coins I paid for because the casino app stopped working properly and I was locked out/unable to log in. Because the merchant failed to provide the goods/services I paid for, I initiated transaction disputes through Cash App. * * 2. Cash App 's Failure to Investigate and Communicate : * * Cash App has failed to properly handle my claims and they just focus on one merchant transactions ( XXXX XXXX ) and the rest they put dispute completed without any explanation or comment/ status just dispute completed and has violated standard dispute resolution transparency : * * * Lack of Explanation : * * Cash App summarily closed multiple claims by marking them as \" Disputes Completed '' without providing any written status updates, explanations, or formal letters explaining why the claims were denied. * * * Selective Resolution : * * They ignored the bulk of the submitted claims, focusing their attention on only one single merchant transaction while ignoring the rest of the related transactions. * * * Failure to Update : * * I have received no clear status communication or legally required explanation of findings regarding the closed/denied claims. * * * I included some screen recorded from my phone when im trying to open the mobile app casino that shows that I can't login or get in to the app and its not the same as like before the platform is just like a regular game."
7028	"I, as well as my family, XXXX family, bank with Chase Manhattan. Chase Manhattan has engaged in attempted assault and grand larceny as well as elder abuse. We want to move our money to XXXX  XXXX XXXX or XXXX XXXX XXXX. Chase has blocked access to a {$2000.00} bank transfer and deprived us of banking services. Chase from the XXXX Branch, XXXX XXXX XXXX, XXXX, NY XXXX. This branch has engaged in repetitive grand larceny issues, closing bank accounts illegally. They also cancel bank transfers and refuse to give us access to our own money. This branch also refused to investigate a forged check related to third party access from XXXX XXXX and other third parties. They also remove names illegally from assets and bank accounts."
7029	"XXXX XXXX company does not offer auto pay / auto debit to be able to ensure your account is paid on time. They did offer the ability to schedule up to 3 future payments. I set up scheduled payments for three months at a time because it is the only way I can ensure that it is paid ontime and not have to go online each month to make a payment ( very very inconvenient ). I had schedule payments through XXXX of 2020, but received calls from this company today stating that I was late. I went online to check my account and there are no scheduled payments pending. I was charged a late fee. I made my past due payment which they convienently combined with my XX/XX/XXXX payment. I was forced to pay XXXX and XXXX together. I then tried to schedule payments for the next 3 months and the ability is now gone. I called the company to try and find out what happened. They told me that they do not offer the ability to schedule payments any longer. I asked what happened to the payments that I had scheduled through XX/XX/2020 and she did not have an answer. I feel like this company is setting consumers up for failure in order to take advantage of our current nations crisis. I am one of the people who would like to make sure that my account is paid on time and they offer a very slim window to do that. I believe they are praying on consumers to be able to have them default on payments to increase their APR 's and charge them late fees to make more money. I have many credit cards for both personal and business along with other store cards and ALL of them offer auto pay. XXXX XXXX is the ONLY card that does not offer auto pay or scheduled payments. Why would a company take away payment options and only provide you with the bare minimum options during a Pandemic?  My guess to charge late fees and boost APR 's to take advantage of people to make more money."
7030	"I went to XXXX College in XXXX XXXX, MA while the school was being sued- it was a joke school and pretty expensive. Many people have been repaid for this issue. I would like to address this as soon as possible because it has been effecting my credit score for years now."
7031	"My home loan was transferred from XXXX XXXX XXXX to SLS Services effective XXXX/XXXX/16. I have spoken with customer service representatives half a dozen times and sent repeated communications. \n1 ) They changed my monthly minimum when transferring my loan as they require 2 months reserve escrow rather than one month. This increases my monthly mortgage without my agreement and now creates a difficult situation to be able to pay the monthly amount. \n2 ) The continue to fail to credit my account for the monthly mortgage and rather apply it direct to principle despite paying timely payments and communications. They transferred the loan on XXXX/XXXX/16 and I did n't find out about the transfer until XX/XX/XXXX. Two payments were made in the original loan amount to my original mortgage company in the amounts of XXXX ( pay XX/XX/XXXX and XX/XX/XXXX effectively ). I spoke repeatedly with customer service and was told to pay XXXX XX/XX/XXXX and that will cover both the XX/XX/XXXX and any missing funds due to the change in monthly minimum due to the increase in escrow funds. I then paid XXXX XX/XX/XXXX which was intended to cover XX/XX/XXXX. They are still disputing that I am missing an entire monthly payment."
7032	"On XX/XX/year> I Zelled {$610.00} from my XXXX  XXXX checking account to my husband 's XXXX XXXX account, using his email address XXXX, he did not receive the money, my husband let me know he recently unenrolled his email XXXX and enrolled his phone number XXXX because he was having trouble receiving funds via Zelle with XXXX XXXX XXXX After reviewing my transaction on my XXXX XXXX online bank with Zelle the transaction shows delivered for Friday XX/XX/year> so we waited after XXXX holiday. As of XX/XX/year> we phoned XXXX XXXX they do not see any transfer deposits made to my husband 's checking account for {$610.00} and XXXX XXXX shows my transfer for {$610.00} was delivered they cannotcancelthe transfer and its not pending with errors. I filed a claim dispute and XXXX XXXX stated it would take 45 days and they would temporarily deposit the {$610.00} dollars back into my account after 10 business days. On XX/XX/year> I had my husband unenroll his phone number using his XXXX XXXX Zelle and re-enroll his email to see of the money will go through and it did not."
7033	"I had a private student loan debt written off to profit and loss write off by the lender on XX/XX/XXXX after I was unable to continue making payments the middle of XXXX. The lender is XXXX  XXXX XXXX. I have now recently been contacted by a debt collector, XXXX XXXX XXXX XXXX  nearly XXXX YEARS after the lender voluntarily wrote my debt off. The amount is over {$22000.00} and I absolutely can not afford to pay this. I have no money at all and cant afford to make monthly payments either. The debt collector has my account in a hardship status after I sent them an email explaining why I couldnt pay the debt and why Id never be able to pay the debt, but I know that wont last forever. I need both of them off my back and for both of them to leave me alone. The fact that the lender is trying to come after me almost XXXX years after they wrote it off is pretty XXXX."
7034	"Barclay card is one my few financial institutes that did not implement two-step authentication. They also fail to allow registering \" + '' in email address. Both led to Barclay 's insecure and less private system. The customer service and IT remain ineffective and/or give false promises even after years of multiple calls/messaging."
7035	"DATE : XX/XX/XXXX violation of : 15 usc 1681 ( b ) - you do not have the right to report, unless you have authorization. \n\n15 usc 6802 ( a ) ( b ) - ( a ) Except as otherwise provided in this subchapter, a financial institution may not, directly or through any affiliate, disclose to a non affiliated third party any nonpublic personal information, unless such financial institution provides or has provided to the consumer a notice that complies with section 6803 of this title. ( b ) a financial institution may not disclose nonpublic personal information to a nonaffiliated third party unles such financial institution clearly and conspicuously discloses to the consumer, in writing or in electronic form or other form permitted by the regulations prescribed under section 6804 of this title, that such information may be disclosed to such third party ; 16 cfr 313.1 ( 1 ) Requires a financial institution in specified circumstances to provide notice to customers about its privacy policies and practices ; ( 2 ) Describes the conditions under which a financial institution may disclose nonpublic personal information about consumers to non affiliated third parties ; 16 cfr 313.7 - you are required to provide an opt out notice under 313.10 ( a ), you must provide a clear and conspicuous notice to each of your consumers that accurately explains the right to opt out under that section. \n\nTHESE ( CFR ) LAWS TO PROTECT THE CONSUMER RIGHTS HAVE ALSO BEEN VIOLATED ; 16 cfr 313.2 16 cfr 433.3 16 cfr 433.2 ALL PARTIES FALL UNDER THE PRIVACY ACT OF 1974!"
7036	"I was charged a late fee on a new card before I had even received the card or an initial bill. I have sent an email as they requested over a month ago and have been ignored. Have tried to call on several occasions and was on hold for over 30 minutes without a representative answering."
7037	"I made a complaint against Robinhood earlier regarding the unethical business refusing to provide me with tax documents that I need in order to file tax returns with. Robinhood has locked me out of my account and in doing so refused me access to the documents that I need to file my taxes with. In doing so, I am not able to file taxes honestly with the IRS because Robinhood is maliciously withholding my important tax information from me."
7038	"I was contacted by a lady, named XXXX, who introduced me to use this app ( originally, it was an XXXX  app called XXXX, then they changed the name as XXXX, now the XXXX  app is complete not working ) through XXXX. \nLater, they also gave me a website to trade cryptocurrency, https : XXXX  and later it was changed to XXXX XXXX XXXX. \n\nAt XXXX, I was a little cautious, I only transferred a few thousand dollars, and I tried to transfer back and forth a few times, did not see any hiccups. Then I started to wire transfer from my bank ( Capital one bank ) to them, on XX/XX/XXXX, I wired XXXX XXXXXXXX ; on XX/XX/XXXX, wired XXXX XXXXXXXX ; on XX/XX/XXXX, wired XXXX  XXXX ; XX/XX/XXXX, wired XXXX XXXXXXXX, XX/XX/XXXX, wired XXXX XXXXXXXX. A total of XXXX XXXXXXXX were wired to them. \n\nLater in XXXX, I was trying to withdraw some money, but my withdrawal request was declined. I asked them the reason, but they did not provide a reasonable answer. I tried multiple withdrawal attempts, but I was never been able to withdraw any amount of cash. So I immediately led a fraud report through FBI website and reported the transactions to my bank ( XX/XX/XXXX ) just trying to recover some of my money. \n\nSo far, it has been more than 4 months, I did not hear anything from any law enforcement nor did I hear back from my bank, although I have been trying to contact my bank 's fraud department about the progress, so far NO progress either. \n\nJust two days ago, the company 's website no longer exists, so did their XXXX  app. All of my hard-earned savings are gone, I even borrowed some money and carried a loan. It has been so frustrating for the last couple of months, I just want to see if there is any way I can recover some money."
7039	"Complaint Jefferson Capital Systems ( JEFFCAPSYS ) Company : Jefferson Capital Systems Issue : Identity Theft / Reporting fraudulent account Complaint Text : I am a victim of identity theft. These 2 accounts being reported by Jefferson Capital Systems is fraudulent and does not belong to me. \n\nThis account is documented in my official FTC Identity Theft Report ( FTC Report Number XXXX ). I did not authorize, apply for, or benefit from this account in any way. \n\nDespite this, Jefferson Capital Systems continues to report the account on my credit file, causing significant financial harm and credit damage. \n\nUnder the Fair Credit Reporting Act ( 15 U.S.C. 1681 ) and identity theft protections, a furnisher may not report information it knows or should know is the result of identity theft.\n\nI am requesting : Immediate investigation of this fraudulent account Permanent deletion from all credit bureaus Written confirmation of deletion Cessation of all collection activity Supporting documentation, including my FTC Identity Theft Report, has been provided."
7040	"Had an issue with my escrow increasing over the passed 2 or 3 years. This is the XXXX time I have filed a complaint about my escrow. After talking to my mortgage company, Chase Mortgage, it was explained to me that my escrow had increase the last year by {$700.00} and {$700.00} the year before that a total for {$1400.00} in two years and that was a very huge increase even for the year or the last 2 years and I would have to call my Insurance company, XXXX XXXX to find out why. After talking to XXXX XXXX, all they could tell me is that it had increase due to inflation and nation wide disasters such as fires in California, earthquakes, etc. Ok, first off I live in Kentucky, no where near any wild fires from California. She said she was just giving examples but I told her that I am in KY and not in California. Asked her if California is in the United States, she replied yes, I then asked her is KY in the United States, she then said yes. I said ok that means what you just told me is natural disasters that happen in California effect my insurance rate all the way in KY. I am so sick and tired of dealing with this XXXX! To be honest I have a lot of stuff wrong with the house as it is that I don't have the money nor the time to fix its not even funny. But here I am paying {$1300.00} a month for a house that's falling apart and wont sell for what I still owe. I might take one step forward trying to do an update on the house by replacing the back doors because they are rotted and falling apart, but right after that 5 more things fall apart right in front of me! It is pretty much impossible to try to sell my house because no one wants to deal with buying a house with a ton of damages. I will probably die before I can even get it all fixed. Its not even worth trying to buy a house unless you win the lottery and you just out right buy a house instead of making payments to a mortgage company. My XXXX XXXX XXXX # is XXXX"
7041	"I am filing a complaint against Cash App ( Block , Inc. ) due to inadequate customers service and unfair practices, which violates the Consumer Financial Protection Act ( CFPA ). Specifically, Cash App failed to take timely and effective measures to prevent and address fraud on their platform, leaving my account vulnerable and unprotected.\n\nFurthermore, their dispute resolution process was unfair and deceptive, as they did not comply with error resolution requirements under the Electronic Fund Transfer Act ( EFTA ) and Regulation E. These actions have caused significant inconvenience and financial loss, and I seek appropriate redress for these violations."
7042	"I needed to make a large purchase to pay an IRS tax bill that was unexpected. I signed up for a My Best Buy Visa Card which had a promotion that for 18 months there was 0 % interest. In order to pay for this charge I had that was substantial, I called their customer service. I was told on XX/XX/XXXX at XXXX XXXX  during a call to customer service ( call duration 15 mins 18 seconds ), that it would also qualify for 0 % interest. The only reason we made this purchase was because we were told that it would qualify. \n\nI also had to pay an additional 3 % in order to make this large purchase due to credit card fees from the IRS. We would never have done this if we weren't told by the representative that it would qualify for the 0 % interest promotion. \n\nI realized this happened on XX/XX/XXXX, XXXX XXXX, and spoke with their billing fee dispute department. They promised me that they would review the recorded call from that day. I was told the process to review recorded calls can take a significant amount of time, so I waited patiently. \n\nTo avoid accruing further interest, we paid off the balance that was causing the interest charges, and only didn't pay the interest fees assessed to our account. \n\nOur final interaction was on XX/XX/XXXX when I had not been contacted by Citi or Best Buy. I called at XXXX XXXX  on XX/XX/XXXX and was told that they can not comment further but that they were not going to adjust or credit the account for any of these false charges. \n\nI paid the remaining balance accruing interest on XX/XX/XXXX. I truly hope that there is some sort of protection for people who are abused and lied to by credit card companies. What I was told and promised on the phone by a Citi representative was false, I had to pay these interest charges, and would like to be reimbursed for all fees/interest."
7043	"I signed up for a BMO Relationship Checking account on XX/XX/year>. I signed up at www.BMO.com/fallbonus The company said I would receive a {$500.00} bonus after making {$7500.00} or more in direct deposits during the first 90 days. They said the bonus would be paid 100 days after opening the account. \n\nI completed all the terms and have not received the {$500.00} bonus the company promised. It has now been 113 days, and no bonus has been paid."
7044	"My mortgage servicing was transferred from XXXX to XXXX XXXX effective XX/XX/year>, less than XXXX month before my first payment was due. My XX/XX/XXXX payment fell during the servicing transfer window. \n\nWhen I attempted to contact XXXX XXXX by phone to confirm payment instructions and ensure my account was properly set up, I was unable to reach a live agent. The phone system required account authentication before allowing access to any representative, even though the loan had not yet been fully accessible to me. \n\nThis prevented me from receiving confirmation or reassurance regarding my first mortgage payment during a legally protected servicing transfer period. I ultimately had to locate the Lakeview website and create an account on my own to confirm the payment amount and due date. \n\nI am concerned about the lack of human support during a critical onboarding period and the barriers placed on borrowers attempting to manage time-sensitive mortgage payments."
7045	"I was scam on cash app with all transactions made. I was told I would get paid for making reviews so I went ahead and start the reviews. At a pint they told me I need to add funds to receive the salary as it was a special module so I went ahead and they deposited and we continue then they requested more funds I did again and after they funds were added I never received it back. I was fraud but not just in cash app was I fraud I was also fraud on XXXX For cash app XXXX I was scam {$400.00} on Wednesday XXXX at XXXXXXXX XXXX {$140.00} on Wednesday XXXX at XXXX {$410.00} on Wednesday XXXX at XXXXXXXX XXXX {$200.00} on Monday XXXX at at XXXX"
7046	"I am writing to dispute information on my credit report regarding an account reported by EdFinancial Services. The account information I am disputing is as follows : Creditor : EdFinancial Services Account Number : [ Account Number ] I believe this information is inaccurate because [ explain the reason for the disputefor example : the account balance is incorrect, payments were not properly credited, the account should be in deferment or forbearance, the account does not belong to me, or the account was discharged ]. Under the Fair Credit Reporting Act ( FCRA ), I request that you investigate this matter and verify the accuracy of this account. If the information can not be verified, I request that it be corrected or removed from my credit file. Enclosed are copies of supporting documentation, including : A copy of my government-issued identification Proof of address A copy of my credit report highlighting the disputed account Supporting documents related to my dispute ( payment records, correspondence, discharge approval, etc. ) Please provide me with written confirmation of the results of your investigation. Thank you for your prompt attention to this matter."
7047	"My cash app card was locked by cash app supposedly because of two elements 1 ) said to be because of a new device ( cellphone ) noticed 2 ) because of a location area. I moved from XXXX Florida to XXXX  Florida.? I also followed the cash app support instructions and sent them all required documents, my State ID, paper work forms that show my residence with my case managers stamped and signature on the forms, also I verified my new device ( cellphone ) as required by cash app online website. Since the first week of XXXX my cash app card is still locked and after sending all my required documents to the cash app safesend website as they instructed and all marked submitted successfully, all i continue to receive is the same results as of XX/XX/XXXX that case escalations will notify me by my email address when information is available. Also I have many times spoken with cash app phone representatives and informed many of them about the situation including my recent social security payment to me that has been sent back to the sender. I have not received any results from the cash app service representatives other then the repeated reply that the cash app specialist are working hard on the case, since XX/XX/XXXX they repeatedly have been unable to provide me with any results and my cash app card remains locked since XX/XX/XXXX and recently my social security payment was sent back to the social security senders department. I have no income and my cash app card remains locked."
7048	"On XX/XX/XXXX Fay Serving sent us paperwork to fill out for a deferment, which we did. \nThe paperwork was mailed back, & we received a letter and a phone call we were approved for a loan modification the first week of XXXX. Our account never got updated for the deferment. Many e-mails/phone calls were made which they never returned. We had included a voided check to start taking money out of our bank account monthly & they never did. We started receiving past due notices in XXXX along with a letter that had new paperwork to fill out which was the same as the previous one. We sent them new paperwork even though they received the first set, and after several phone calls with messages & emails they didn't respond back. On XXXX first we sent once again a voided check along with our bank information for automatic payments with a copy of our paperwork which once again they never started taking out payments. Our account manager never returned our calls or e-mails. Going through the customer service line was the only was to talk to someone which they said they would forward to our account manager & said the paperwork must be in the mailroom & still no responses. The same thing happened in XX/XX/XXXX. We received new deferment paper for XX/XX/XXXX. Now due to no payment history we can't get a loan with a new company. We have attached a summery of events and paperwork copies. We have never had a company like Fay Serving that doesn't return phone calls & emails, as well as not moving forward with signed documents and voided checks that were submitted to monthly autopay."
7049	"On XX/XX/XXXX, I went to Best Buy to use my newly approved Best Buy Citibank credit card to purchase camera equipment. Before that, I had made a small purchase to test the card and it worked fine. But when I went to check out for the camera gear, I was met with harassment, intimidation, and what felt like racial discrimination.\n\nA Best Buy employee told me I had to be verified. I immediately questioned this because I knew Citibank doesnt do in-store verification like that. What followed was a staged and fake verification process the employee stood there pretending to be on the phone with Citibank for 1520 minutes, asking me extremely sensitive questions including my full Social Security number, full credit card number, phone number, name, and address all out loud in front of other people.\n\nI asked multiple times to speak directly with Citibank. He refused. At the end, my card was denied and later shut off completely.\n\nI called Citibank directly the next day and gave all my info to verify myself. After verifying everything, they suddenly said, we cant give you any information until you verify again, then made excuses. I called back same thing. Nobody could tell me if Citibank ever actually requested verification on XX/XX/XXXX. \n\nNow it feels like both Citibank and Best Buy are trying to hide something or cover this up. I want to know exactly : Why my card was shut off If Citibank ever authorized the in-store verification at Best Buy Why I was forced to expose private information publicly under false pretenses I feel my privacy was violated, I was targeted, and both companies failed to follow fair and secure procedures."
7050	"XXXX XXXX XXXX XXXX XXXX Account opened- XXXX XXXX XXXXXX/XX/XXXX Date reported- XX/XX/XXXX High credit - {$6400.00} Credit limit - {$5500.00} I wrote a dispute letter to Capital One Bank to remove this from my credit, because I was never approve for a Capital One Bank card."
7051	"Today XX/XX/year> i made a deposit on my checking account for {$160.00} and after i made the Deposit i noticed that my account was closed and could not use XXXX or Transfer money on my online banking because i keep getting and error no active accounts available to use XXXX  and I contacted Citizens bank and they also told me over the phone that the reason i could not use XXXX  because my account was closed and i never requested for my checking account to be closed This was something that was done without my permission."
7052	"My loan was charged off by USAA back in 2016. I have reached out numerous times and placed on 45+ minute holds in order to gather information about my charged off debt. I have been transferred to a department by the Member Debt Solutions team to provide me information, as well as tried to email and call   XXXX   XXXX   to see if he could route me in the appropriate direction."
7053	"In XX/XX/2018 I began home loan mortgage process with Quicken Loans DBA rocket mortgage which closed XX/XX/2018. I found out later on that my home and finances met the criteria for a USDA loan which the lender never offered and instead wrote the loan for an FHA. They also ran my credit report 3 times in an 8 month period w/out authorization of one. When I contacted them to request that the one be removed I was told \" no they would not remove it ''."
7054	"I ask for statement for the original signature. I told them my daughter father and his girlfriend open this in my name because we broke up. Still they said nothing.i ask how was the payments made, and how was the initial deposit made. Its been on my credit report for XXXX  years."
7055	"In accordance with the Fair credit reporting act convergent. The list of accounts below has violated my federally protected consumer rights to privacy and confidentiality under 15 USC 1681. \nXXXX XXXX XXXX XXXX XXXX XXXX XXXX XXXX XXXX XXXX XXXX XXXX XXXX XXXX XXXX XXXX XXXX XXXX XXXX XXXX XXXX XXXX XXXX XXXX XXXX XXXX XXXX XXXX XXXX have violated my rights 15 U.S.C 1681 SECTION 602 A. States I have the right to privacy.\n\n15 U.S.C 1681 SECTION 604 A SECTION 2 It also states a consumer reporting agency can not furnish an account without my written instructions 15 U.S.C. 1681c ( a ) ( 5 ) SECTION States no consumer reporting agency may make any consumer report containing any of the following items of information ; any adverse item of information, other then records of convictions of crimes which antedates the report by seven years.\n\n15 U.S.C 1681s-2 ( A ) ( 1 ) A person shall not furnish any information relating to a consumer to any consumer reporting agency if the person knows or has reasonable cause to believe that the information is inaccurate."
7056	"Equifax did not provide the proper level of security to protect my consumer credit information from being stolen. In addition, Equifax did not notify me not only in a timely manner, but have yet at all to notify of this breach to this day, XXXX XXXX XXXX, when the breach happened from mid XXXX through XXXX. I 've found out through the media and confirmed I was effected through their website. They offer an unacceptable compensation of 1 year free monitoring when I now have to be concerned for far beyond a year."
7057	"XXXX XXXX XXXX Address : XXXX XXXX XXXX XXXX XXXX XXXX XXXX XXXX XXXX XXXX XXXX XXXX XXXX XXXX XXXX XXXX XXXX XXXXXX/XX/XXXX Recently, i did an investigation on my credit report and found several items on there to be inaccurate.\n\nUnder 15 U.S. Code 1681 e ( b ) Accuracy of report whenever a consumer reporting agenvy prepares a consumer report, it shall follow reasonable procedures to assure the maximum possible accuracy of the information concerning the individual about whom the report relates.\n\n16 U.S. Code 1681i ( 5 ) treatment of inaccurate or unverifiable information ( A ) in general if, after any reinvestigation under paragraph ( 1 ) of any information dispute by a consumer, an item of the information is found to be inaccurate or incomplete or can not be verified, the consumer reporting agency shallj ) promptly delete that item of information from the file of the consumer, or modify that item of information, as appropriate, based on the results of the reinvestigation : and ii ) promptly notify the furnisher of that information that the information has been modified or deleted from the file of the consumer.\n\nPlease remove the following items from my credit report, immediately : Accounts * XXXX XXXX XXXX XXXX date opened XX/XX/XXXX this account is being reported inaccurately, please remove this from my credit report immediately * * XXXX XXXX XXXX XXXXXXXX date opened XX/XX/XXXX, this account is being reported inaccurately, please remove this from my credit report immediately * XXXX XXXX XXXX"
7058	"My issue involves WellsFargo Credit company due to them labeling me as deceased with no explanation. I want to say this error happened on XX/XX/XXXX. On XX/XX/XXXX, I contacted a Wellsfargo branch in person to submit a proof of life document, and called social security, in which I was told they had no indication of me being deceased and that they did not contact the bank. Basically, I have been given different dates on when my previous credit card will return to my account. 4 different occasions, I called the credit company and they would tell me wait until a certain day. That day would come or pass and I would be told a different date. Finally, I was transferred to their higher up on XX/XX/XXXX to be told they don't know why I was labeled as deceased and I would have to wait two more business days. I've been with this bank since I was a teenager for almost 14 years and I feel like they are being laxed and not completely honest with processing my documents to return credit card. I was in good standing with my credit card, and I'm even unable to get a new one because of their error. To know that Wellsfargo credit company does not have specific notes to why I was listed as deceased is disturbing and makes me feel that the process can happen again without them taking precautionary steps to ensure they have accurate information. This is another stress I have added to my life and I've tried getting help from them, to which they seem to be clueless."
7059	"I had XXXX on XX/XX/2022. The evening before XXXX I received a call from Global One requesting an excessive amount to be paid by me just hours before major XXXX. I explained to them that I was not going to pay, until my other medical bills had gone through for deductible purposes, and further until I received a detailed accounting of the actual procedures on the actual day of XXXX. This week I received a letter from Global One that I was being sent to collections, however, this is the first notice I have received and additionally I have still not received a detailed accounting of procedures, costs, and what was actually billed."
7060	"Subject : Formal Complaint : IDR Forgiveness Eligibility Not Processed Despite Meeting Requirements To Whom It May Concern, I am submitting a formal complaint regarding the failure to process my eligibility for Income-Driven Repayment ( IDR ) loan forgiveness. According to my Department of Education loan records, I have accumulated XXXX qualifying payments under the Income-Contingent Repayment ( ICR ) plan, exceeding the XXXX payments required for forgiveness. Despite this, my loans have not been discharged, and my servicer, Aidvantage, has been unable to provide my qualifying payment count or confirm my forgiveness status. I am requesting the following actions : Immediate review of my account under the IDR account adjustment Confirmation of my eligibility for IDR forgiveness Prompt processing of loan discharge if eligibility is confirmed Written explanation of any remaining requirements, if applicable This delay is causing unnecessary uncertainty and administrative burden, despite clear evidence that I have met the statutory requirements for forgiveness. Please treat this matter as time-sensitive and provide a written response outlining the status and next steps."
7061	"I have submitted multiple disputes regarding these accounts that is reporting inaccurately on my credit report. I have also submitted multiple reports regarding the account that needs to be updated.\n\nThese companies have refused to do work on disputes even though they're required by the law to do so. \n\nXXXX XXXX XXXX XXXX XXXX"
7062	"Today XXXX XXXX I received a link from credit karma. It stated my XXXX XXXX disput had been completed and verified by XXXX XXXX XXXX I called XXXX XXXX and made them aware of XXXX XXXX had placed incorrect data. The had been made aware I could not afford the new rent prices. was going to move out before my lease was up. Move in XXXX XXXX XXXX XXXX XXXX. Made XXXX manager XXXX was aware and worked with me to prevent any negative actions. \nAfter speaking with repersentative she assurred me all the information requested allowed any derogatory information from my account. By it being placed wrongfully and having had a negative impact. It would be removed. I had to allow for her to take a dollar from my XXXX account. I told her I had copy of XXXX XXXX XXXX death and social security letter showing loss of XXXX XXXX  benefits. \nThe next thing I recall was her saying the fee of XXXX would be deducted from my account and she was canccelling the monthly fee of XXXX. \nI"
7063	"On my credit report it states that I have used XXXX XXXX XXXX XXXX  61 times in a 2 yr period, which is impossible, I might have some but not 61 times, also they are duplicate statements for the same identical amount, Ive tried with all credit bureaus, my report says I owe {$77.00}, not true. Thank you very much."
7064	"Validation of Debt Request - LMMINC/XXXX - XXXX I am disputing this account as inaccurate and request full validation, including the original signed agreement and complete payment history. If you can not verify this debt, you must delete it from all credit reporting agencies. Pursuant to the Fair Debt Collection Practices Act ( FDCPA ) 1006.34, I am entitled to receive verification of the debt you claim I owe. I dispute the validity of this debt and, as such, I am exercising my rights under the FDCPA to seek verification. Please provide the following information within the next 30 days : 1. The amount of the debt claimed. 2. The name of the original creditor. 3. A copy of the agreement, contract, or other instrument that created the debt. 4. Verification that you are licensed to collect debts in."
7065	"I have reached out to all three credit bureaus on many occasions to express the fraud alert. I have on my account as well as two request that the unauthorized unknown inquiries be removed while I am still dealing with this issue credit is also being processed with my information with the disregard to my fraud alerts that are on each of my credit bureau profiles. Trans Union has giving me the hardest time Ive reached out to them only to be told they dont remove inquiries. It doesnt matter that they are unauthorized or authorized. They do not remove inquiries is what several out there Representatives told me from Transunion. XXXX has been kind enough to understand and begin to remove inquiries that I did not authorize, XXXX I believe has removed most all of the inquiries however, there are still the several variations of my name, and which I only use my name one way my Social Security number has been listed as an account number that I dont know or recognize and they continue to allow credit checks or inquiries with my fraud alert on my account"
7066	"I was a XXXX XXXX seeking student at XXXX XXXX University a few years back but abruptly was prevented from taking another course due to \" not signing a letter that I accepted the private loan via Sallie Mae ''. When I signed up for the course I went online to to officially aquire student loans to attend XXXX  school. Then I received a letter from XXXX stating that I can not take any more courses until I pay {$2000.00} in cash and then I can reapply but when I tried contacting the bursar office they claimed that I should have received a letter in the mail that needed my signature to approve the loan. Well at the time, I was living at my parents home helping pay their mortgage because the home was under forclosure. My parents ended up losing their home but I still never received a letter from the XXXX Bursar stating that I needed a signature for the loan. Now I am seeing a creditor asking for {$3400.00} which another XXXX dollars added on to the original amount owed. Can you say price gouging? There is an epidemic of teachers and former college students that went through the very same situation. Can you say scam?"
7067	"Account in Dispute : XXXX XXXX Account Number : XXXX Reported Balance : {$0.00} Account In Dispute : FLAGSHIPCRD Account Number : XXXX Reported Balance : {$0.00} Account In Dispute : EXETER FIN Account Number : XXXX Reported Balance : {$0.00} To Whom It XXXX Concern, I am writing to urgently request the removal of fraudulent accounts and inquiries on my credit report due to identity theft. The inaccurate information is causing significant harm to my credit, and I expect immediate corrective action.\n\nPer Section 605B of the Fair Credit Reporting Act ( 15 U.S.C. 1681c-2 ), the following fraudulent accounts must be blocked and permanently removed from my credit file. I am invoking my right to have fraudulent information blocked and permanently removed from my credit report within four ( 4 ) business days from the date of receipt of this letter.\n\nAdditionally, I request the removal of all unauthorized inquiries related to this identity theft :"
7068	"Bank of America processed a  Loan Modificatio n in   XXXX   XXXX     with my ex husband  ( borrow er ) without notification to myself or my signature. There is no divorce decree or property division giving my ex husband sole decision making on the loan, yet BoA allowed for only him to be the decision maker on the loan mod. BoA processed the loan with only ex husband signature, stating him as \" Borrower, '' but not myself. I attempted to have BoA remove me from the loan obligation as it was processed as fraud, and was declined. I am filing this complaint because of fraudulent financial practices to process the loan modification. It is a fraudulent practice to process loan mods quickly and not seeking the signature of all parties."
7069	"This is the main narrative box no personal info. Paste this : I filed a credit card dispute ( Case # XXXX ) against XXXX for an unauthorized {$190.00} charge on XX/XX/XXXX. I submitted comprehensive evidence to XXXX documenting four months of email cancellation attempts beginning XX/XX/XXXX, including XXXX own responses, a pre-billing warning sent XX/XX/XXXX, and XXXX failure to respond before charging me. XXXX ruled in XXXX favor based on their chargeback response, which contains a materially false statement : The customer made no attempt to contact us to cancel their services. This is directly contradicted by my email record already in XXXX file and by XXXX own Terms of Service, which expressly permit email cancellation to XXXX. XXXX failed to weigh documented evidence against the merchants false claim. The ruling is unsupported by the record. I have submitted a formal rebuttal to XXXX portal and also filed FTC Report # XXXX and a Texas AG complaint against XXXX for deceptive trade practices and submission of false statements in a financial dispute proceeding."
7070	"My Chase checking account of over 5 years was compromised due to identity theft. I am not sure how the hackers got my info but they did. They started requesting claims on refund of several of my valid transactions. I went in to the branch on XXXX  in XXXX Texas where I was treated like a criminal by XXXX XXXX she refused to help me. Two days later my federal money deposits hit but on the same day the account was restricted. That was XX/XX/year>. I am a XXXX veteran and I need my funds. The restrictions could not be lifted until I went in to a branch. I did that and here we are 2 weeks later and I still dont have my money."
7071	"On XX/XX/2021 I emailed a \" notarized and \" certified '' to Convergent Outsourcing, Inc. Convergent Outsourcing, Inc is in violation of several laws according to the 15 U.S Code 1692g of the Fair Debt Collection Practices Act. A debt collector can not say I owe alleged debt, it is a violation and seeking remedy for damages inflicted on me. This debt is not mine. Additionally, Convergent Outsourcing, Inc never sent a notice 5 days before the account was placed on my report."
7072	"Dear CFPB Representative, I am writing to formally lodge a complaint against Select Portfolio Servicing ( SPS ) for engaging in what I believe to be predatory lending practices. Specifically, SPS has failed to fulfill its obligations as my loan servicer, leading to unnecessary financial burdens and potential default risks on my mortgage. \n\nFailure to Pay Property Taxes on Time SPS failed to pay my fourth-quarter property taxes on time, resulting in late fees. Despite my repeated written requests, as of todayfive days past the tax due datethey have still not made the payment. Their consistent delays appear to be intentional, exposing me to financial penalties and additional stress.\n\nFailure to Pay Homeowners Insurance In late 2024, SPS also failed to pay my homeowners insurance in a timely manner, which I believe was a deliberate act to push my loan into default. As a result, I had to intervene to prevent a lapse in coverage, which could have jeopardized my property. \n\nPattern of Negligence and Excuses Despite numerous written communications with SPS regarding these ongoing issues, they have continued to offer dismissive and baseless excuses. Their actionsor lack thereofsuggest an intent to manufacture default conditions rather than properly servicing the loan. \n\nI request the CFPB to launch an immediate investigation into SPSs practices. Their continued failure to make timely escrow payments is not just negligent but appears to be a calculated move to place borrowers at financial risk. I urge the CFPB to take appropriate action to hold SPS accountable for these unfair and deceptive practices. \n\nPlease advise on the next steps and any additional information you may require. I appreciate your time and attention to this serious matter."
7073	"I Have called the company many times requesting a debt validation letter and the stated they would try to work with me to fix the debt but kept saying they would have to send me to different areas of the company."
7074	"This CFPB complaint has been filed to request pursuant to FCRA XXXX5B ( 15. U. S. C.\n\n1681c2 ) that you, the Equifax credit reporting agencys block the information appearing on my consumer credit report that is the result of identity theft, and fraud within four business days of you receiving this complaint. This fraudulent, inaccurateand false information consist of personal credit card accounts, auto loans, personal loansand open end unsecured consumer accounts as follows : INQUIRIES : XXXX XXXX XXXX XXXX XXXX XXXX XXXX XXXX XXXX XXXX XXXX XXXX  - Account Number : XXXX XXXX XXXX XXXX XXXX XXXX XXXX, Date Opened : XX/XX/year>, Balance : {$0.00} These accounts have resulted in several fraudulent hard inquiries and fraudulent collections appearing on my consumer FICO credit report. Ive attached a list of the hard inquiries in question as well as a copy of the consumer FICO credit report maintained by you which shows the said fraudulent items. I do not recognize these accounts, collections and hard inquiries as reported. The aforementioned accounts, collections and hard inquiries appearing on my consumer credit report maintained by you were not opened, made or initiated by me. \nAll of the said accounts, collections and hard inquiries are a result of identity theft, and fraud. I have attached a copy of the FTC identity theft criminal complaint case number XXXX, XXXX as proof from the XXXX federal trade commission that all of the aforementioned, consumer credit accounts, collections and hard inquiries are in fact a result of identity, theft, and fraud."
7075	"XX/XX/year> I deposited a check into my investment banking account through E * trade of {$150.00} and they approved it and deposited it then chose to close my account due to conflicting statements but wouldnt provide the information I asked about them"
7076	"I applied on XX/XX/2020 for unemployment and choosed the debit card as the way I wanted to get paid ... .. I have been calling XXXX and since there is nothing to choose from as in not getting a card the only option I have was lost stolen or I cant do that for the simple fact of no PIN number ... .. I have called XXXX and there is the option of not receiving a card but I have called every day and wait four - five hours and still no one answers. Understand that there is probably a bunch but man o have been sleeping outside under a restaurant porch being harassed by the cops and its not easy trying to find WiFi and sit for hours on someones property that the cops dont allow you to go on ... .. I have 4 unemployment payments that is 4 weeks of unemployment money that can get me a motel room and find a house to move in .... I can actually eat a hot meal instead of bags of potatoe chips .... it has been freezing cold and rainy every night ... .. then Im told by one of my co workers that if the money hasnt been touched in a month all my money goes back .... like this is so unfair ...., I dont have a address so my place of employment has me sending my mail there and no mail ... .. I have begged complete strangers for rides to post offices to be told there is nothing there for me, ... .. like I dont know what to do something has got to give my life depends on this card cause now there is no sleeping outside allowed ... .. Im in a motel room right now for three days can I get my card overnighted to where I am at take the money off the card there is over 2 grand on it ... .. like Im begging someone to help I have sent three emails to XXXX and nothing I am right now have been on hold for 5 hours on this XXXX and Im about to just give up yall are my only hope."
7077	"XXXX XXXX ( Mechanics Bank XXXX XXXX Nevada financed the XXXX XXXX XXXX XXXX XXXX  I bought in XX/XX/XXXX. I am XXXX XXXX and a XXXX Veteran who has seen my work slow down because of the COVID 19 Virus, yet XXXX XXXX continually harassers me with phone calls every day, late charges which exceed 10 % of the amount due and charges for GAP Insurance. \nI have told the callers repeatedly I have requested a due date change, they keep calling, I sent an email to XXXX XXXX detailing the issue, they continue to call several times a day. \nI tell them I will Only speak with a Supervisor, a XXXX who Is Not a Supervisor then calls within the hour. This behavior is unwarranted and causing Me XXXX  and XXXX  I Do Not Need or Do I deserve."
7078	"On XX/XX/year>, PayPal permanently limited my account and froze {$9100.00} with no warning. The only explanation I was given was a vague reference to their Acceptable Use Policy ( AUP ), with no specific violation or opportunity to respond. \n\nI run a private, invite-only adult forum for users 18 and older. I had been using PayPal for several months without issue. If adult-related content is not allowed, PayPal had ample time to notify me before suddenly locking my funds.\n\nOut of hundreds of successful transactions, only two disputes are currently open. I responded to both with proof and communication. The rest of the funds are entirely undisputed.\n\nI rely on this income, and I dont believe its fair or acceptable to freeze my entire balance based on vague terms and two minor cases. I need this money, and I believe PayPals actions are excessive and damaging."
7079	"I received a call on my cell phone and my work phone and my mother received a call which is transcribed below. The caller had no information regarding what this was about. I called the number requested for a XXXX XXXX XXXX and was advised that in XXXX I had a Capital One Credit Card that was not paid and they are using the \" tolling agreement '' in the contract to pursue recovery. I have never had a credit card with them, nor have I ever had unpaid credit card. I also have never had this account on my credit repot. I called Capital One and they said they I never had an account with them. They refused to provide me any information on who sent this debt to be collected citing an \" NDA '' with the acquisitions company and told me if I didn't pay in arbitration suit would be filed however they could not provide me with the info for the attorney that would allegedly be handling this suit.They also said it was verified XXXX XXXX however I just ran an XXXX report and it is also not there so this XXXX and XXXX Co is clearly assisting their client in commiting fraud. \n\n\nHi, good afternoon. This is a courtesy call intended for XXXX XXXX. My name is XXXX XXXX. I am a notification clerk for Document Services. This message is to notify you of a pending complaint that has been reported failure to respond to a 30 day notice issued out to your home address. Contact must be made on your behalf today. It is XX/XX/XXXX. To prevent moving forward with the filing process with or without your acknowledgement, please contact the issuing office today. Their telephone number will be XXXX. Reference number will be XXXX for XXXX XXXX for XXXX XXXX. For further information. This notification has been completed."
7080	"While I was in the XXXX  getting XXXX for a XXXX  that occurred in XXXX of XXXX my phone was loss or stolen I was without my phone from XXXX until XXXX when I came home from the XXXX  in fact I was XXXXXXXX XXXX XXXX XXXX XXXX XXXX XXXX XXXX XXXXwhen I came home and was able to used another phone that I had that is the same type of phone as my original phone I transferred all my information to that phone only to find out that all my bank accounts, emails, and credit cards has been used without my authorization even my name, social and other important things. But anyways money was unauthorized and used for XXXX XXXX, XXXX XXXX and other unauthorized activities through my Chime account using different virtual cards. Though I had my physical cards my virtual cards was compromised and Chime and XXXX refuse to give me back my money please help in this matter."
7081	"I booked a wedding at XXXX paid a deposit on my amex card in XXXX 2016 this was paid for in full my contract with the club asked for a check on the final day in XXXX 2016 which I wrote prior to the party. There were many issues that the vendor did not resolve and things they did not follow through with on their contract I am starting a small claims regarding this. I put a stop on my check for the final amount until they can work out a resolution. On XXXX XXXX 2016 the XXXX put a charge through with AMEX for XXXX dollars. This was not authorized by me nor does it allow in their contract I called amex to dispute after a month they put the charge back on and said the company had authorization. That is not the case they showed them the old deposit authorization. I just wrote and official letter to AMEX explaining the above because when you call you get nameless faceless people in a company that is far to large to handle consumer complaints I dont wish my credit to be ruined or reported late during this dispute process"
7082	"On XXXX XXXX, 2015 I made contact with Cardinal Financial Company LP Doing Business As as Sebonic Financial through the web site XXXX. I agreed to apply for a mortgage to refinance my personal residence. The mortgage terms were to be 30 year fixed at an interest rate of 3.375 %, origination fees of {$350.00} and a 30 day rate lock. After multiple delays on their part, on XXXX XXXX, 2015, two days prior to closing, they informed me that instead of paying origination fees of {$350.00} as originally stated in the Good Faith Estimate ( GFE ) dated XXXX XXXX, 2015, if I wanted the loan at the original terms I would have to pay origination fees of {$2700.00} as a rate lock extension charge. When I pointed out that the bulk of the delays were on their side and that on two occasions I was told by Sebonic/Cardinal representatives that if I was timely in my production of documents I would not have to pay for a rate lock extension, I was told by XXXX XXXX, XXXX XXXX XXXX, to take it or leave it. Given that rates had increased 84 % from the 3.375 % to around 4.0 % in the intervening 67 days and the XXXX is assumed to start raising rates in XXXX, I could do nothing but take it and pay the increase in fees."
7083	"Fay servicing stole my house in 2016. They forged documents and stole it and auctioned it off. My family is homeless from it as I had over {$200000.00} of equity in it. And you sued them for over a million dollars. Where and who does that money go to? They scammed us and California let them. Can I get my money they stole in equity from you? The falsified everything. There is no limitation on fraudulent and illegal evictions. Nothing about it was legal. And I get no help from you when it was happening only to find out they were sued a year after this happened."
7084	"I am filing this complaint regarding Sun Loans response to CFPB Complaint # XXXX, in which I disputed the inaccurate reporting of an account showing as a collection with a {$0.00} balance. Despite this, your response falsely claims that I still owe a balance, you also re-aged the account once again by updating the Date last active which I have included proof of the account in XXXX and now in XXXX for your reference. Additionally, you instructed me to contact XXXX regarding the inaccurate reporting, which is entirely misleading. XXXX furnishes information provided by creditorstherefore, the source of this incorrect reporting is Sun Loan, and you are responsible for ensuring its accuracy. \n\nI first contacted you in XX/XX/year>, giving you ample time to correct this issue, yet the inaccurate information remains. Furthermore, this account is past the statute of limitations in the state of Texas, meaning it should not be reported or used against me in any way. \n\nDue to these violations, I am demanding the immediate deletion of this account from all credit reporting agencies. If this issue is not resolved promptly, I will pursue legal action for damages under 15 U.S.C. 1692 and 15 U.S.C. 1681s-2, seeking {$1000.00} per violation for inaccurate and misleading credit reporting."
7085	"I had my identity stolen I am a victim of a XXXX bill being sent to a collection on all three credit bureau reports and by the company Sunrise Credit Services Inc. I have no awareness of this bill or the activation of the XXXX account"
7086	"My mortgage broker made an unathorized withdrawal from my checking account in the amount of {$3000.00} which includes a XXXX dollar wire transfer fee as my mortgage is {$2700.00} they helped themselves to {$230.00} additionally. It is criminal that any entity can withdraw funds without your permission. I want sanctions against Ditech Financial for robbing my account. Thank you XXXX XXXX"
7087	"I am writing to file a formal complaint against the Credit Reporting Agencies ( CRAs ) for violating the Fair Credit Reporting Act ( FCRA ), specifically Section 15 USC 1681b ( a ) ( 2 ), which governs the permissible purpose of furnishing consumer reports.\n\nThe FCRA explicitly states : \" A consumer reporting agency may furnish a consumer report under the following circumstances and no other : ( 2 ) In accordance with the written instructions of the consumer to whom it relates. '' I DID NOT provide any written authorization or written instructions to the CRAs to report or share my consumer report information. Despite this, my information has been disclosed, which constitutes a clear violation of the law.\n\nEquifax, Experian and Transunion have violated my consumer rights. I am attempting to settle this inaccurate matter privately, NOW. I received a copy of my credit report and noticed account ( s ) that needs to be immediately DELETED. It is as follows : XXXX XXXX XXXX XXXX XXXX XXXX XXXX XXXX XXXX XXXX XXXX XXXX XXXX XXXX XXXX XXXX XXXX XXXX XXXX XXXX XXXX XXXX XXXX XXXX XXXX XXXX XXXX XXXX XXXX XXXX XXXX XXXX XXXX XXXX XXXX XXXX XXXX XXXX"
7088	"Sams Club Synchrony never received credit card was billed for card never received also information about bill sent to credit bureaus! \nHave tried for months to resolve with no results called today XXXX XXXX was cut off while speaking with customer service."
7089	"I am a victim of identity theft by a family member, who is now dead. I have written several letters to XXXX about this matter. They refuse to believe me. They hired a debt collector to come after me, and I sent THEM the information, and they sent a letter saying they did not know that I had disputed the debt, and they did not pursue me further. I wrote ANOTHER letter to XXXX with supporting documentation. I sold jewelry, and made an offer of settlement though I DO NOT owe them any money, but I just want this over. They did not respond to my offer, they just sent another letter, from XXXX XXXX of the Executive Response Unit, and she said they will no longer respond to me in any way, and they have hired ANOTHER debt collector to come after me -- Northland. I have not yet heard from them directly. I suppose that they will keep hiring collectors, or even sue me. This letter even referenced a second card number, that I never had. I am in poor health and the stress has caused several XXXX XXXX."
7090	"I received a mailed statement from Bank of America showing interest only due of {$100.00}. I paid off the balance by phone after I specifically asked and was told by their representative there would be no additional fees or interest charged with the amount that I provided as my pay off balance payment. \n\nThis has happened previously with balance payoff in that an additional statement arrives with interest due. In our experience there is no way to payoff the interest in this form as the interest incurs additional interest, and the cycle never ends. As such I specifically asked the representative to help ensure the final payment was the complete and full payoff amount and that no additional charges would be made against me in any form."
7091	"I authorized my wife to pay her XXXX credit card bill using my Marcus savings account on XXXX and provided her with my routing and account numbers. On XXXX the transaction showed in my Marcus account, but when I checked on XXXX, the {$10000.00} transaction showed as reversed. Now other transactions are being reversed as well. \n\nWhen I called Marcus for an explanation, they put me on hold repeatedly. Customer support told me they were transferring me to the fraud department. 40 minutes later, nobody has picked up."
7092	"On XX/XX/XXXX I deposited a check from the XXXXXXXX XXXX  via the capital one mobile app. I received an email that this check is being held for verification and would be released by XX/XX/year>. On XX/XX/XXXX the funds were still not available so I called Capital One via the number provided in the email. I asked the agent why it is being held and I was told that it needed to be verified. I told them that they are not allowed to hold checks from the XXXX XXXX  under {$5500.00} and that it must be made available by the next day. The agent told me that I was wrong. I asked to speak to a supervisor. I asked the supervisor why the check was being held. He told me the same thing, that it needed to be verified and would be available on XX/XX/XXXX. I told him that XXXX XXXX  are not allowed to be held and asked for proof that there is reasonable cause for this to be held. He told me that every check can be held. I read the law stating that a XXXX XXXX check can not be held and he told me there was nothing he could do so I informed him that I would be putting in a complaint."
7093	"Paypal closed my account for no reason and will not help me with getting it back up and going I am not sure if this is some mistake as i assume it has to be. I have not been able to get help for digital wallet withdrawal from them but i just remembered i could file a report on here as i feel they are not doing their job properly and it is effecting me a great deal as i used paypal quite frequently. My email linked to my Paypal is XXXX XXXX"
7094	"SELF FINANCIAL is falsely reporting on my credit. I have never had any accounts with them. Per my research SELF FINANCIAL is a debt collector. They are falsely reporting on my credit!! Account number is XXXX is falsely reporting to my credit file and is against my rights and fair credit act. Under U.S Code 1618d - Disclosure of investigation consumer report ; you are in violation."
7095	"In XXXX I got an American Express XXXX card at my local XXXX. Everything was fine until late XXXX. I had my banking debit card linked up and had an automatic transfer of {$2.00} per day and one day I made an extra {$20.00} transfer ( Id give exact dates but I can not get into the account anymore ). I had issues logging in and was like maybe the site is down. I called that evening and was told that I had to do bank verification for the card, which made no sense because they were claiming that the {$20.00} deposit was suspicious activity. A deposit, not a withdrawal or charge. The way the they wanted the bank verification was suspicious and they said it was required to continue using the card. I declined since it was weird how they approached the situation. I was escalated twice to a manager who said in 7-10 days my account would be fully closed and a check mailed out for {$12.00}. It has now been over a month and a half and I still get alerts that the money is with American Express and that they are still attempting to debit {$2.00} every day."
7096	"Citi Bank has failed to protect me against an overcharge from XXXX XXXX. The issue has continued for 3 frustrating months. I finally got the matter resolved and XXXX issued the credit in XX/XX/XXXX. Citi put the credit on my account and all was well for a week. \n\nThen Citi began sending me letters requesting information about the dispute. I sent them an email response saying the matter was resolved and they could cancel the dispute. Citi notified me XXXX XXXX I would be re-billed for the disputed amount since I canceled the dispute! \n\nSo, I 'm back where I started with Citi and pulling out my hair. XXXX XXXX issued the credit, but Citi still ca n't get my account right. This is the worst customer service experience of my XXXX years. Citi 's lack of controls and oversight is inexcusable. I 've attached written correspondence with Citi."
7097	"Paid my mortgage in full, by wire transfer on XXXX XXXX, 2016. Ocwen has failed to submit document ( Deed ) of Reconveyance to our ( California ) XXXX County Clerk 's Office. Phone calls to ocwen offer no acceptable reason for their delay in filing."
7098	"Hello, I got a car loan from XXXX XXXX but they charged me twice when I contacted them they said that they refunded my money but there is nothing my account went to the negative amount after that I contacted my bank which is Chase bank to dispute one of they do nothing they are acting like scammers.I am tired of dealing big these liars. I need my money to pay other bills My Chase account number is XXXX XXXX account number is XXXX Total Amount is {$59000.00}"
7099	"am filing this complaint regarding an unresolved dispute with PayPal involving unauthorized transactions totaling {$1000.00}. On XX/XX/year>, PayPal initially ruled the case in my favor and confirmed that the disputed transactions were unauthorized. However, without proper justification, the case was reopened and then reversed despite the fact that on XX/XX/year>, the system again reflected that I had won the dispute. \n\nDespite multiple contacts and escalations with PayPal customer service, I have not received my refund, nor have I received a clear explanation for why the dispute was reopened and reversed against their own buyer protection policies. This contradicts PayPals own handbook and standard consumer protection protocols."
7100	"cosigner with my daughter have asked several times to make a principle reduction on the loan and they keep applying it as paid ahead status ... would like to know why I cant make a principle reduction to reduce my repayment schedule"
7101	"I was previously a member of XXXX XXXX and they had a valid credit card on file. They got bought out by another company called XXXX. I did not sign with XXXX and they sent a bill to collections. I spoke to the collections agency and sent a letter in the mail asking for proof of the amount that I owed and some form of documentation to prove this. I have not received anything as of yet. I am not responsible for a bill I did not agree or sign any contract with. I want to dispute this and also have the derogatory marks removed from my account."
7102	"Hello, SLS Mortgage has raised our payment by {$370.00} during COVID19. We have repeatedly asked for escrow analysis since they have made a huge mistake. We have never missed a payment, the loan was sold 4 times, and somehow they claim we are {$6000.00} short yet our taxes, insurance have barely changed. \nWe also requested that they remove escrow due to the mismanagement and lack of communication, and difficulty we have getting any help about our loan and getting escrow analyzed. \nThey denied escrow removal because they said we had a late payment in XX/XX/2020, however we were on forebearance for one month and we were promised that no payments would be deemed late during COVID19 Forebearence. \nI have called 5 times XXXXnd I keep getting hung up on by agents who can not answer my questions. They say they do not see the record of us being on forebearance for COVID19 and therefore the payment was deemed late. I have it in writing."
7103	"Chase is refusing to help and remove unauthorized charges on my account, representative said charges are valid after 60 days of posting regardless of status. \n\nIve asked for them to change my account number and file disputes however the agents refused and because of their refusal to help, my account went negative and they closed it out after the fraudulent transactions posted Now my account with fraud activity was closed and chase is making me responsible for transactions I never authorized"
7104	"As of XX/XX/year>, my account is still suspended with Cash App. Two transactions between my wife and I in the amount of {$600.00} on XX/XX/XXXX and {$64.00} on XX/XX/XXXX hasnt been returned or resolved. The amount for {$64.00} is still pending and the {$600.00} was deducted from my wifes checking account but Im unable to withdraw the {$600.00} payment to my account. This has resulted in payment responsibilities including mortgage and credit card payment to be late. Several attempts via customer support and email have been made to resolve this issue to no avail."
7105	"My credit report shows that I have a collection of {$2200.00} approximately debt with synchronicity bank. Several times I reported that this debt does not belong to me. I requested prove but they never answer. I am a XXXX XXXX XXXX XXXX citizen and this collection is affecting me a lot. It does not allow me to get an HELOC from my home which I desperately need."
7106	"I have sent two certified letters ( See Doc 1 & 4a,4b ) requesting validation bearing my signature for a Capital One credit card in the amount of {$470.00} that I am currently disputing. I have proof that my letters were signed for and received. ( See Docs 2 & 5 ). Not only did they fail to provide me with proof of MY SIGNATURE validating the debt, they failed to update my account status as \" disputed '' with the 3 major Credit Bureaus in the required 30 day period. Please note ( DOCUMENT 3 ) which is a copy of my XXXX report dated XX/XX/17 ... more than 30 days after Capital One received my letter of dispute, it does NOT have the account marked as disputed. By not placing the disclosure within the 30 day period Capital One has violated the Fair Credit Reporting Act, Section 623 ( a ) ( 3 ) and/or The Fair debt Collections Practices Act Section 807 ( 8 ). \nCapital One continues to send me copies of billing statements for this account which does not constitute validation of debt."
7107	"My identity was stolen in XX/XX/scrub> 2024. My personal/work emails, cell phone, several bank/credit cards accounts, and other personal information ( SSN, phone, address, birth date, etc. ) were hacked. One of my savings account ( in addition to several other bank accounts ) was hacked using the information mentioned above. In this specific case, the person ( s ) transferred {$32000.00} in various increments from XXXX to a SoFi account that was fraudulently created with my name/information. I called SoFi to freeze the fake account. I had to call SoFi several times before they finally froze the account. By then, the damage was done - {$32000.00} was stolen, transferred to SoFi, and used for the following : A ) Send funds to XXXX XXXX XXXX XXXX Account and other external accounts that I did not create B ) Send funds to someone like a XXXX-type transaction C ) Pay bank wire fees D ) Purchase several thousands of dollars of digital assets/cryptocurrency products SoFi is refusing to return the remaining stolen funds of {$11000.00}."
7108	"My debit card was charged {$1000.00} by XXXX its a pool company by someone fraudulently using my debit card in XXXX, I contacted my bank, CHASE, as soon as I became aware of the transaction, they issued a temporary credit and began their investigation, What they found was evidence that my card was used and product was delivered to my address, If thats true, I never authorized payment of any type to XXXX pool company and I never received any products from XXXX pool company ... but some how my bank has left me responsible for this, I never misplaced my card or my checkbook, and I have no way of fighting the charges, my bank closed the investigation, and I have a charge of {$1000.00} is there anything I can do?"
7109	"I received a check in the mail for XXXX. It was suppose to be for car advertising. XXXX for first week pay and the rest for the techicion to put XXXX logos on my car. I deposited the check into my wells Fargo checking account on Saturday XXXX the the XXXX. The banker gave me XXXX at that time as a courtesy. The rest would have to be cleared before it became available. Which was Tuesday XXXX the XXXX. When the check was cleared on the XXXX. I was instructed to take the money out of the account for payment to the techicion. I sent it as XXXX gift card as instructed. The techicion was supposed to come out on XX/XX/XXXX at XXXX. He never showed up. Then at XXXX my bank card was declined. So I called the bank and occurs my account was over drawn by the amount of the check. So it was a fraud. Now I believe that I should have to pay back the XXXX cash the banker gave me on the XXXX. As a courtesy. But the XXXX. Is there falt. They held the check until Tuesday XXXX to be shore that the check went through. Then they made it available to my account. Now they want me to pay the XXXX plus fees. And that isn't right. Again. I believe I should have to pay the XXXX cash given to me on the XXXX that they gave me out of courtesy. But the rest is on them. For if they would have been doing there jobs for those 3 days it was on hold to make shore the check was real and go through before they made it available like they were supposed to. For that is the whole reason of them holding it. I would only owe them XXXX. And the name of the company that wrote the check is sticker ride as team. And obviously there a fraud."
7110	"Suntrust is my bank, now Truist. \nXXXX XXXX XXXX XXXX XXXX XXXX XXXX XXXX XXXX XXXX XXXX XXXX XXXX. XXXX. \nBeginning in XX/XX/2021 SunTrust account was compromised and hacked. Every month for the next 14 months this fraudulent website and hacker charged my account to sometimes three times in a month without my knowledge or consent or authorization. I had no Internet access during this time frame, and was very very ill. I had no idea this was going on because they were charging small amounts every time first of the 14 months it adds up to over {$1000.00} and some 40 charges I contacted my bank they did investigation and they see that they are unauthorized and fraudulent and that it happened on their watch and their security breach. I never received any paper statements with my ledger again, was very sick and had no Internet access during this time. They just contacted me via email and said they can only refund me the first 60 days. Unacceptable my money was stolen on their watch and their security breach which I have no control over and I have no way to monitor my account as they never mailed me a paper ledger. I was very sick and did not have access to any Internet during those two years, I brought it their attention as soon as I found it two weeks ago. They can, I brought it there attention as soon as I found it two weeks ago. They can clearly see that it is fraudulent and unauthorized charges. They are only trying to pay me for 60 days, not my fault that they stole my money and now my bank is trying to keep my stolen money when its all their fault. I can not help that I was unable to access the Internet, and had no idea someone was stealing my money on their watches what I pay them to do. How can I allow someone to steal my money and then tell me I cant get it back because I didnt record it fast enough. I was on deathbed I need my money."
7111	"Last year I was involved in an eviction, I went to court in 2022 and was told and documented that if I completed with all of what the Landlord asked for paying the rent on time ect that the attorney would take the eviction off of my record in which he has not. He conducts law in XXXX XXXX XXXX  his name is XXXX XXXX his phone number is XXXX. I've tried contacting him several times and my case worker since I am XXXX has tried contacting him also via email and phone calls. Can you please help me! The name to look this under in XXXXXXXX XXXX XXXXXXXX is XXXX XXXX."
7112	"I requested XXXX statements for XXXX separate loans for the years XXXX and XXXX from Wells Fargo in writing on XXXX XXXX, XXXX. Since that time, I have received letters stating that I have no XXXX for those time periods. I know this to be false because I actually have XXXX XXXX for XXXX. They also told me it would take until XXXX XXXX, XXXX to complete my request. That date was later revised to XXXX XXXX, XXXX, XXXX XXXX, XXXX, XXXX XXXX, XXXX, XXXX XXXX, XXXX and XXXX XXXX, XXXX. This delay is causing me great harm in that it is preventing me from completing my loan modification request since I can not complete my taxes. Likewise, I am receiving notices from the IRS claiming that you have reported this income to them and that I owe $ XXXX to which I am unable to respond due to the bank 's failure to respond to my request."
7113	"I have a medical debt reporting on my credit that I have no knowledge of. I have never had services done with this facility nor have I authorized anyone else to do so. This debt does not belong to me."
7114	"Commencing on or about XX/XX/2022, I fell victim to a multi-layered scam operation run by XXXX XXXX XXXX XXXX  which involved me making deposits for a total amount of XXXX XXXX from my XXXX XXXX wallet to Binance at the instructions of the scammers."
7115	"I sold furniture to a buyer. I found a shipper who asked me to pay for the shipping via Cash App on XX/XX/2021 and then they would reimburse me once the buyer pays for shipping. The buyer paid for shipping that same day. The shipper never picked up the shipment. Buyer and I contacted shipper several times requesting fulfillment of service or refund. Shipper is not responding. I contacted Cash App since their website states that you can dispute a payment. I called and emailed several times with Cash ap. They keep telling me that they can not help me with this issue."
7116	"I was wanting to have a service provider for a childs birthday party and the service provider stated that they wouldve liked me to pay using Chime. I have the invoice and I have the conversations from XXXX in which I was advised to use them so that they would provide the service. Using Chime I sent a payment of XXXX XX/XX/XXXX, and then XX/XX/XXXX I sent a payment of XXXX, XXXX, and XXXX. Due to the fact that someone was supposed to arrive to provide the service, I realize that I was scammed for my money and not going to be provided the service for the party. When I initially called Chime, I was told by the XXXX customer service rep that they could not assist me until the charge is cleared. I still was persistent and contacted them anyway and when talking to an actual live agent, I just asked if she could reverse the charges and she told me that they had already cleared. Chime was aware of my situation within an hour after getting scammed and were able to provide no assistance, they could not refund my money, or reverse the charges. That is poor customer service. Even XXXX XXXX wouldve been able to give me my money back."
7117	"I sent a MoneyGram transfer on XX/XX/XXXX for XXXX. The transaction has shown In Transit for over one month. The funds were never delivered to the recipient and have not been refunded to me. I have a case number XXXX but no resolution. I am requesting immediate cancellation and refund of my funds."
7118	"I am writing to formally express my concerns regarding Zelle 's handing of disputes, particularly in light of the recent CFPB lawsuit highlighting significant issues with the platform. Despite using Zelle numerous times and reporting discrepancies, my financial institution and Zelle failed to investigate my claims adequately. They informed me that recovering lost funds was impossible and that tracking these transactions was impossible. The CFPB 's findings indicate that Zelle has not only neglected to protect consumers but has also allowed repeat offenders to exploit the system leaving users vulnerable to scam. This lack of accountability and transparency is unacceptable and raise serious concerns about consumer safety."
7119	"To recognize my changed phone number. They left my account available until this week and now I have no access Do you qualify for the lifeline government program for those on XXXX and XXXX I had to change my phone number twice first with Bank of America however they continue wanting to send me verification over the phone after locking me out of my online account to my old phone number not the phone number they currently have because of that I can not access my account now up until this week I was able to use my debit card in my checking account I just couldn't see it online I had a call now I can't even do that and my XXXX check is going to be deposited on the 3rd which pays my rent which I'm contractually now obligated to pay by Court under a certain amount because of being behind as well as all my other bills so when that check goes in and I can't change it now I will have no access to it and they don't care they're only answer is to go to a branch and show them ID they don't care that I'm on XXXX I do not have a car and I do not yet have a XXXX license because I got here from XXXX and again I do not have what they're asking for to go to a branch I can't even get to a branch however I have everything else in the Free world they can ask from from birth certificate to approve of address proof of identity everything else and yet they're going to keep my social security check I'm going to be in a lot of trouble cuz I can't even transfer it out I can't do anything with because they won't let me so they're going to hold my money hostage. They did offer to send me a new phone PIN verification number through the mail but I never got it and now this has gone this far. With that I could have identified myself with that anything else."
7120	"Finance and Late fee charges even after all balance is cleared - synchrony credit card Total Amount due in XXXX statement ( XX/XX/XXXX ) : {$22.00} which include a late fee of {$10.00}, finance charge of {$2.00}, and actual recurring charge of {$10.00}. \nTo clear the balance due ( {$22.00} ) and recurring charge for XXXX {$10.00} ; I paid {$32.00} on XX/XX/XXXX to clear the total balance including the charges for XXXX. \n\nFor XXXX statement, I paid the recurring charge ( {$10.00} ) on XX/XX/XXXX before the dure date XX/XX/XXXX. Despite me paying the XXXX amount due in the last statement and additional {$10.00}, they still charged me a finance charge of {$2.00}. \n\nFor XXXX statement, they charged me again a Late fee of {$12.00} and finance charge of {$2.00}, even after the balance was all cleared up on XXXX XXXX. \n\nI explained to them over the phone for an hour, including supervisor on how the finance charge/late fees in the XXXX and XXXX statements are incorrect as I already cleared the total balance in XXXX statement, but they wont correct it."
7121	"TransUnion indicates that they verified the bankruptcy account through the Bankruptcy court. Frustrated I decided to contact the Bankruptcy Court and they informed me that they do not provide anyone with a debtors full social security number, and they do not provide any credit bureau any information relating to any bankruptcy cases. \nI am hereby exercising my right under FCRA 611 ( a ) ( 7 ) to request a complete description of all methods used to investigate my aforementioned dispute. TransUnion List the court as a method of verification and the court denounces that investigation in the letter provided As you well know it is a violation of the Fair Credit Reporting Act to report erroneous information on a credit report. Also, Transunion has not verify the information accurately and I ask that they remove it immediately.\n\nThe law is very clear as to the civil liability and the remedy available to me for \" negligent noncompliance '' ( Section 617 ) if you fail to comply."
7122	"I submitted a payment on XX/XX/XXXX of XXXX on a payment that was XXXX. I then on XX/XX/XXXX submitted a payment of XXXX. I was told that XXXX was applied to principle only. I then made another payment of XXXX on XX/XX/XXXX and the same thing happened again. I then made another payment of XXXX on XX/XX/XXXX This again sent XXXX to principle only. On XX/XX/XXXX I made another payment of XXXX and this was held until my next payment of XX/XX/XXXX thinking I was caught up on my payments but this created a late payment again of 40 days. \n\nI was unable to remove PMI from my home for XXXX full year because of this and now unable to get favorable terms on a new loan as this hit my credit report. \n\nI called and asked to have this reviewed on XX/XX/XXXX and they returned with an unfavorable response on XXXX. \n\nAlso the terms the company that acquired my loan has are not the same terms that I had agreed to in the documentation I signed for my home loan. \n\nAlso looking at the principal balance between XX/XX/XXXX and XX/XX/XXXX My balance changed by {$8900.00}. Between that same time frame there were payments and specifically principle only payments of {$9300.00}. This in not including the payments to principle we made during that same time frame."
7123	"XXXX XXXX XXXX XXXX XXXX XXXX XXXX  Delaware XXXXTransUnion Consumer SolutionsXXXX XXXX XXXX PA XXXXSubject: Follow-Up and Request for Update  Identity Theft Victim Request to Block and Delete Fraudulent Accounts\\nDear Transunion Consumer Services,\\XXXXIm writing to follow up on the identity theft report I submitted regarding fraudulent accounts and information related to my identity under the Fair Credit Reporting Act (FCRA), specifically pursuant to 15 U.S.C.  1681c-2(a). I am a victim of identity theft because of the TransUnion data breach, and unauthorized accounts have been fraudulently opened in my name.\\n\\nThe fraudulent accounts that I have identified on my credit report are as follows:XXXX1. XXXX XXXX XXXX XXXX XXXX XXXX XXXX XXXX XXXX XXXX XXXX XXXX XXXX XXXX XXXX XXXX XXXX XXXX XXXX XXXX XXXX XXXX XXXX XXXX XXXX XXXX XXXX XXXX XXXX XXXX XXXX XXXX XXXX XXXX XXXX XXXX XXXX XXXX XXXX XXXX XXXX XXXX XXXX XXXX XXXX XXXX XXXX XXXX XXXX XXXX XXXX XXXX XXXX XXXX XXXX XXXX XXXX XXXX XXXX XXXX XXXX XXXX XXXX XXXXUnder 15 U.S.C.  1681c-2(a), I request that Transunion promptly block and delete the fraudulent accounts from my credit file to prevent further harm to my credit profile.\\n\\nFurthermore, I request written confirmation that these accounts have been removed, as well as an updated copy of my credit report reflecting these changes.\\n\\nIf you require any further information or documentation to process this request, please contact me immediately at the phone number or email provided above.\\n\\nThank you for your prompt attention to this matter. I appreciate your cooperation in ensuring my credit report remains accurate and free from fraudulent activity.\\n\\nAnthony Simmons'"
7124	"I am in XXXX, am a citizen of the XXXX, and do not have a mobile number associated with my SSN any longer. \n\n- I have a XXXX XXXX XXXX account XXXX needed to transfer money out of that account to a XXXX XXXX account in order to wire transfer to XXXX. so that I can purchase my home here -I created a Citi XXXX account on the XXXX of XXXX XXXX XXXX linked my XXXX Account, which had deposited to sub {$1.00} amounts to verify the account -I initiated a transfer of the full amount to Citi, which XXXX hit the account on the XXXXXXXX XXXX XXXX then initiated a wire transfer ( it would have been XXXX of XXXX due to daily limits ) to my XXXX account. \n-The wire went through, then was canceled, and then my account was blocked -They tried to verify through a phone call to a XXXX number ( my mother 's which I had authorized and worked previous for pin verification ) and it didn't work -They then blocked my account and access to my funds, and sent a reference letter in the mail which takes XXXX  days to deliver -I need to initiate wire transfers this week to make sure I have it in time for settlement -This is my money and they are basically holding it XXXX. \nXXXX 've spent hours on the phone with support and they basically don't want to help -This is unacceptable and I've seen many many customer complaints of this issue -I need to have my account unblocked and this money transfered or I risk losing my home."
7125	"We have been trying to work a short sale with SPS. They initially did an external value which didn't show the foundation that is collapsing. We submitted a value dispute and received a letter dated XX/XX/XXXX stating they agree with our value dispute {$22000.00}. SPS took so long to complete the decision process so that we lost the buyer. Based on their letter that they would take {$22000.00} we relisted the home to get them the required NET they require if the value was {$22000.00}. This put us at a purchase price of {$23000.00}. SPS has held the file for MONTHS again and finally decided they are countering to {$27000.00} stating our value dispute was denied in XXXX. How was it denied when it was already approved? They did a new DRIVE BY valuation - so they can not see the damages of the home. I have requested that the file be sent back to the investor for final decision - we don't have another 30 days to waste on SPS holding the file due to their inefficient processes."
7126	"there's something wrong with the software, or programming, when trying to log on and resetting the password. The same information used to pay as a guest is rejected when trying to reset the password. The same information used to pay as a guest is rejected, in fact, for trying to do anything else. They system rejects the information saying it doesn't match their records. If you try to reset the password the system gets stuck buffering indefinitely. Then, if you use \" live chat '' the agents direct you to use that very same process. Two different agents gave me two different links. One told me that the link I had been using before the password issue was the wrong link. The other told me to use another link as well. Which turned out to be the same link I had been using all along."
7127	"The company JP Morgan Chase said they distributed my business account check of my remaining balance last year around XX/XX/2025. I never received it. Then I called their fraud department and explain the issue. They said they was going to reissue the funds. I talked to a representative on XX/XX/2025. The representative told me that my funds will be mailed in 5 days and never received them by mail."
7128	"CNAC XXXX XXXX. took my car after I singed a new contract with them regarding two late payments that they had put at the end of my car loan which had me up to date on my car note the day my car not was due I went to pay it at XXXX in the amount of XXXX The CNAC locked me out of my account the following day sent me a letter of repossion the following day they came and took my car. I called and spoke with a loan person who told me that CNAC was backing out of the loan and I still have to pay for the car. As of today XX/XX/2022 I received a letter of intent to assign wages at my current job after close review I of all the paperwork that the company falsified my social security number. They also declined payment and arbitration agreement that was completed in the contract and forced a repossession on my back ground with a false information."
7129	"Transworld has posted a collection account to all 3 of the credit bureaus for XXXX. The original first date of delinquency is even older then the XX/XX/2017 that they say. This debt was previously posted on my credit reports years ago and went past the statute of limitations on it. I had all 3 bureaus investigate this matter and XXXX saw thru and removed it, XXXX and XXXX did not, although I'm having it reinvestigated thru XXXX. It would appear to me that Transworld pulled some finagaling in regards to this and posting it to my reports as if it is some new debt, which it is not. As I understand these type of tactics are unfair and illegal. I have never admitted to debt, arranged any payment plan or recieved any correspondence from/with Transworld.I would like this matter to be put to rest and stop the harassment of reposting this"
7130	"This account was disputed and I provided legal proof that the account was under XXXX XXXX. I also provided proof of ownership in my divorce papers for responsibility and ownership of the XXXX account. The company then removed my name from all claims in 2020 and recently a company named Zion Debt Holdings then put a derogatory collection mark onto my credit report without proof. I am seeking that the party fully removes this account status from my credit and seek the responsible party."
7131	"Latter half XX/XX/XXXX : I get a first XXXX XXXX store credit card statement for paying towards a single purchase, made without my authorization, for flooring in the amount of {$5800.00}. Particulars : 1. Purchase date XX/XX/XXXX on a XXXX XXXX store XXXX card for account ending in XXXX. \n2. Place of purchase : XXXX NY XXXX XXXX, on XXXX XXXX. I have not purchased flooring in any quantity at the XXXX XXXX XXXX or any XXXX XXXX in over ten years. I have not engaged any staff there by inquiring about flooring, its pickup or delivery, or installation. \n3. I never applied for this card. \n4. I have never seen this card, though it is possible my deceased wife ( XX/XX/XXXX ) got it in my name. But I have never gotten a statement on it by mail or electronically. It is a one-off fraudulent purchase - to my knowledge. \n5. The first statement I have gotten on this card was in XX/XX/XXXX. \n6. I called XXXX XXXX Customer Service in latter XXXX to report the impersonation and fraud done in my name. \n7. They opened a case, closed the account balance ( I now guess in pending fashion ) and then closed the case without finding in my favor. They divulged almost nothing, leading me to believe the effort was perfunctory.\n\n8. I have since received another account notice to make payment. \n9. I called again ( ~XXXX  XXXX, XXXX ) and, after they resisted and said only that signatures match, they reopened the case. \n10. I do not know even how to call XXXX and provide any information on the card number or its account application, etc. \n11. This was a clever impersonation and fraud and I doubt the item was delivered and installed by people associated with XXXX XXXX. Pickup by customer arrangement seems the most likely. \n12. Current case claim # is XXXX. \n13. XXXX XXXX agent is welcome to come to my house and look around."
7132	"XXXX  XXXX XXXX Account Number - XXXX Whom It May Concern, I dispute your claim and I am requesting validation from you pursuant to the Fair Debt Collection Practices Act, 15 USC 1692g Sec. 809 ( 8 ) ( FDCPA ).\n\nProvide breakdown of fees including how you calculated what you claim I owe.\n\nProvide a copy of my signature on a contract or document that holds me responsible for this alleged debt.\n\nCease any credit bureau reporting until debt has been validated by me as required under the FCRA. \nSend me proof that you are licensed to collect debt in the my state. \nSend this information to my address listed above and accept this letter-sent as my formal debt validation request, which I am allowed under the FDCPA. \nI will await your reply with above requested proof. Upon receiving it, I will correspond back with you."
7133	"XXXX XXXX XXXX garnished Consumer 's wages via CSE Agency.\n\nConsumer disputed CSE 's alleged debt in XX/XX/XXXXby way of affidavit and fee schedule. CSE Agency have not answered at all, CSE attempted to collect this alleged debt again in XXXX, ( See Exhibit 2 ) I disputed their alleged debt under 15 USC 1692g, XXXX XXXX XXXX garnished my wages due to communication with CSE Agency indirectly without Consumer 's consent."
7134	"According to the Fair Credit Reporting Act 15 USC 1681 sec 602a says \" There is a need to ensure consumer reporting agencies exercise their grave responsibilities with FAIRNESS, IMPARTIALITY, and a RESPECT for the consumer 's right to privacy. '' XXXX and XXXX are consumer reporting agencies and I XXXX ; XXXX. I have a RIGHT to make sure my PRIVATE INFORMATION isn't shared which is evidenced at 15 USC 6801 that says \" It is policy of the Congress that each Financial Institution has an affirmative and continuing obligation to respect the privacy of its customers and to protect the secuIrty and confidentiality of those customers ' non-public information. SPRING OAK CAPITAL LLC is a financial institution by definition under title 15 usc 1681 sec 604a ( 2 ) that says \" In general Subject to subsection ( c ), and consumer reporting agency may furnish a consumer report under the following conditions and no other : in accordance with the written instructions of the consumer to whom it relates. SPRING OAK CAPITAL LLC the financial institution and the consumer reporting agencies XXXX and XXXX DO NOT HAVE MY CONSENT to furnish this information and they certainly DO NOT HAVE MY WRITTEN CONSENT. ANY CONSENT TO XXXX, XXXX, OR SPRING OAK CAPITAL LLC whether verbal, non-verbal, written, implied, or expressed IS REVOKED, RESCINDED, AND TERMINATED!! 15 USC 6802 ( b ) ( c ) says \" A financial institution may not disclose nonpublic information to a nonaffiliate third party unless- the consumer is given an explanation of how the consumer can exercise that nondisclosure option '' SPRING OAK CAPITAL LLC never informed me of my RIGHT to exercise my nondisclosure option. 15 USC 1681C ( a ) ( 5 ) says Expect as authorized under subsection ( b ), no consumer reporting agency make any consumer report contain ANY of the following items of information ANY other ADVERSE items of information, other than records of convictions. ADVERSE means to prevent success."
7135	"Iam filing a complaint against Navient department of education loan servicing. I have been a student since XX/XX/XXXX, loan repayments are not due until you finish school. Right now Iam under the loan forgiveness program because Iam unable to start making payments. I have called every month for the last 5 years to indicate if I need I am able to make the monthly payment or if an extention is needed but the agent forgot to update my account and now my credit report is showing XXXX derogatoring marks, that is drastically affecting my credit. Navient is reporting that I have XXXX late payments for XX/XX/XXXX, and that is not correct. I have tried contacting them sending them letters to fix and delete the mistake made by their agent and I get no response from them! I have asked them in several occasions to please mail me the copy of my forbidance letter and they never do!! All they send is a summary of the bill."
7136	"This is my several requests but still, the same accounts were erroneous. The 3 credit Bureaus are required to authenticate these accounts. It is not acceptable to treat these reporting accounts as unconfirmed information without producing proof within the legal time range. Please investigate the unverifiable accounts below : XXXX XXXX XXXX Balance : {$530000.00} XXXX XXXX Balance : {$260.00}"
7137	"Consumer collection management IncXXXX located in XXXX XXXX Missouri has caused me to have to send in documentation for Medical bills that had been previously paid. They contacted me in XXXX Regarding a hospitalization In XXXX. XXXX XXXX XXXXXXXX XXXX releases these debts after I have already paid them so either XXXX XXXX XXXX in XXXX in XXXX Missouri Needs to get their billing account numbers and counter numbers straightened out because somehow this Debt Collection Agency gets some sort of notification that for some reason I did not pay when indeed I have and I have documentation to prove it"
7138	"I opened up a Coinbase account to trade Cryptocurrencies. First purchase on XX/XX/XXXX. XXXX bitcoin for XXXX. Second purchase on XX/XX/XXXX. XXXX Etherium for XXXX dollars. Sold XXXX bitcoin for XXXX ( after fees ) on XX/XX/XXXX. Sold XXXX etherium for XXXX on XX/XX/XXXX. Currently have {$180.00} in a stagnant USD account on coinbase. I am unable to withdrawal the money to either a bank account or credit/debit card. I have not taken action with the company, because upon research this is not an uncommon problem and the company does not take action when it occurs. Per my research this is the best coarse of action to get my money back."
7139	"I am filing a complaint against Arvest Bank regarding their failure to properly investigate and resolve a fraudulent transaction on my daughters debit card. On XX/XX/year>, a {$250.00} charge was made to a credit repair merchant using my daughters card. This transaction was unauthorized. Neither my daughter nor I made or approved this purchase. On XX/XX/year>, my daughter, went in person to Arvest Bank and immediately reported the transaction as fraud. The card was canceled at that time and a replacement card was issued. Despite timely reporting, Arvest Bank denied the dispute. When we followed up, we were told that the claim was denied because the merchant refuses to return the funds. We escalated the issue, and on XX/XX/year>, after speaking with a supervisor, we were again told that there was nothing further they could do because the merchant would not refund the money. This response is unacceptable. This is not a billing dispute with a merchantthis is a case of unauthorized fraud. Arvest Bank appears to have improperly handled this claim as a merchant dispute rather than conducting a proper fraud investigation. Under the Electronic Fund Transfer Act, financial institutions are required to investigate unauthorized transactions and provide appropriate protections to consumers. Simply relying on a merchants refusal to refund does not meet the requirements of a reasonable investigation. We reported this fraud immediately, took all appropriate steps, and have fully cooperated. There has been no evidence provided that this transaction was authorized. My daughter is a XXXX, and I am the one financially responsible. We maintain our accounts in good standing and expect our bank to protect us from fraudulent activity. At this point, Arvest Bank has failed to meet that responsibility."
7140	"My account was closed due to claim abuse on XX/XX/scrub>XXXX XXXX I got a letter a month ahead that my account will be closed at Chase due to claim abuse, but they will let me keep my credit account. I messaged them all the claims that were not made by me and let them know everything ; they took the money out of my account on the claims that were not made by me. I never knew something like this exist where your account could be closed because of claim abuse, it's my first time having a bank account. For all the other claims that I have made, I made them rightfully. Maybe there was a time where I reported something too early or accidently, but the claims that were not made by me, I let Chase not about it. I just wanted to be given a second chance to fix the mistakes that I did."
7141	"Received correspondence from EOS CCA, XXXX XXXX XXXX, XXXX, MA XXXX have a second address on form of XXXX XXXX XXXX, XXXX TX XXXX phone number XXXX - stating that they are collecting a debt from original creditor XXXX bank. Total due {$10000.00}. This is not my debt and they will not provide me with documentation about this debt."
7142	"Check was sent from my money market account through XXXX, envelope was stolen off of drop off location and cashed by someone Ive never met, by Bank of America. Check date was XX/XX/year>, was cashed same week. Amount of check was {$5000.00}."
7143	"Subject : Complaint Regarding XXXX Transfer Investigation Bank of America XX/XX/year> I am filing this complaint regarding the handling of a XXXX transfer error and the ongoing investigation conducted by Bank of America. On XX/XX/year>, I accidentally sent {$2600.00} through XXXX to an incorrect phone number due to a one-digit typing error. The payment description clearly indicated that it was a rent payment. Upon realizing my mistake, I immediately sent another payment of the exact same amount to the correct recipient for the same rent obligation. The facts demonstrate that this was an honest mistake : * Both transfers were for the exact same amount ( {$2600.00} ). * Both transfers contained the same rent payment description. * The second transfer was made shortly after the first one. * The error was reported promptly to Bank of America. * Bank representatives acknowledged that the transaction pattern was consistent with a typographical error. Bank of America informed me that an investigation would be conducted and provided a 45-day review period. I am requesting that the bank make every reasonable effort to recover the funds or provide a detailed explanation of all actions taken during the investigation. I believe the circumstances clearly show that the transfer was made in error and that I acted immediately upon discovering the mistake. I respectfully request that Bank of America : 1. Provide the final results of the investigation. 2. Explain all recovery efforts made regarding the funds. 3. Review the case based on the clear evidence that this was an accidental transfer caused by a typing error. 4. Consider reimbursement or any available remedy based on the facts of this case. Thank you for your attention to this matter. Sincerely, XXXX XXXX"
7144	"I am the successor in interest to a family home in mtn. home Arkansas. It took numerous attempts over the course of a year to get Mr. Cooper the mortgage servicer to recognize this. Since then I have requested a validation of the debt and the payoff amount. I requested any and all available loss mitigation options to be presented. None of these have been done or provided. They have on multiple occasions tried to assert the property is vacant and send people to \" maintenance the property '' to which I have responded on each occasion that the property is not vacant. I believe this was done to ultimately cause more fees to be assessed making it more difficult to keep the property. I have not been properly noticed of the immanent foreclosure. No proof that Mr . Cooped has the legal right, standing, authority to foreclose and sell the property. \n\nUpon my own investigation I have discovered Mr. Cooper is demanding the remaining principle of {$35000.00}, plus {$14000.00} in missed payments, and {$7000.00} in \" lender paid expenses ''. There is no details as to what these charges are for. The {$14000.00} includes principle amounts that the are adding to the states remaining principle balance in an effort to get more money in profits that could possibly be owed. I believe this to be a unconscionable and deceptive practice that was done intentionally by the mortgage servicer."
7145	"I spoke with XXXX of XXXX XXXX online bank on XX/XX/year>. I requested my account be closed and my money sent via ach to my credit union. The amount should be {$XXXX}. He said he closed the account and I would receive my money XXXX days. \nI called back on XX/XX/year> spoke with XXXX, she passed me on to another man who said they were working on it. I called back on XX/XX/year> and spoke with XXXX and he said it was in the fraud dept. I asked him to transfer me to that dept, he would not. I asked him for corporate phone number, he said they didn't have the phone number or a directory. \nThere is no fraud."
7146	"Crypto.com Support Team stole XXXX Litecoin from XXXX XXXX XXXX XXXX XXXX on the date of : XX/XX/year> Reason claimed is invalid, claimed as \" Adjustment ( Transfer ) when considering not received by me nor any affiliation"
7147	"I am requesting a refund of two cashiers checks totaling {$10000.00} that were payable to XXXX XXXX XXXX XXXX and were negotiated in XX/XX/year>. XXXX representatives advised me that they did not receive these cashiers checks, that the funds were not applied to my mortgage account, and that they could not assist me further because they no longer service my loan. After my loan transferred to XXXX XXXX XXXX, subserviced by XXXX XXXX XXXX XXXX, I contacted XXXX XXXX XXXX XXXX and was advised that they did not receive either cashiers check and could not locate those funds. XXXX XXXX XXXX XXXX confirmed that my mortgage account is current and that only my upcoming payment is due. I was advised that if unidentified funds were sent to the new servicer, they would not know how to apply them to my account. Because both servicers have stated they did not receive or apply these cashiers checks, I am requesting that XXXX refund the full amount of {$10000.00} and provide documentation showing who received and negotiated the funds. Cashier check number # XXXX, {$9400.00} Cashier check number # XXXX, {$1500.00} Totaling= {$10000.00}"
7148	"Regardless of the multiple written requests, the ITEMS listed below are still reporting on my credit report which is a violation of FCRA. The Bureaus failed to comply with Fair Credit Reporting Act, 15 USC sections 1681i within the time declared by law, they failed to properly investigate the matter by using a third party as their verification provider and have continued reporting the unconfirmed & unverified information. Given all my attempts to address it directly with 3 CREDIT BUREAUS, they are willfully negligent and non-complying with federal statutes & I need this matter handled immediately. Please remove the items below in my file : XXXX XXXXXXXX Balance : {$15000.00} XXXX XXXX Balance : {$0.00} XXXX XXXX XXXX XXXX Balance : {$2.00}, XXXXXXXX XXXX XXXX XXXX XXXXXXXX Balance : {$0.00} XXXX XXXX XXXX XXXX XXXX XXXX XXXX XXXX XXXX XXXX XXXX XXXX XXXX XXXX XXXX XXXX XXXX XXXX XXXX XXXXXX/XX/XXXX"
7149	"I ran a transaction on my customers card, no problem, but due to problems getting parts due to the supply chain issue the customer got angry and did a chargeback for XXXX dollars. The bank ruled against my customer and in my favor, my customer sent me a copy of the letter he received from his bank stating they ruled against him, I sent you Square a copy of that letter three times and you are refusing to acknowledge it stating that the bank ruled in the customers favor, when we ask you for confirmation of that byway of either a letter or e-mail transcript from the bank you have refused every time. \nYour dispute team has suggested to recharge my customer card so you can fraudulently keep the fraudulent balance of XXXX dollars on my account. You also suggested that I take legal action against my customer to get the money WHAT?? What drugs are you on? To demand that I do any such thing to my client who has as well spoken to you and verified that his bank ruled against him. Therefore, after many attempts to resolve this matter you continue to refuse to clear that fraudulent balance off my account leaving me no alternative but to take legal action against you."
7150	"Credit score went down from XXXX to XXXX around XXXX with cause being late or no payment from student loan co. Aidvantage . Despite a forbearance being issued, payments continued to be made. In XXXX, a payment was not made, even though a payment was not required and credit score was dinged. Even current statement attached shows no payment due. Please advise!!"
7151	"I am disputing the United XXXX XXXX account currently being reported as a charge-off on my credit report. According to my credit report, this account is reporting with a balance of approximately {$7100.00} and is listed as a charge-off with late payments being reported from XXXX. The account was reportedly opened in XX/XX/XXXX and charged off in XX/XX/XXXX. I dispute the accuracy, completeness, and verification of this account. I previously disputed this account and requested proper verification ; however, the account continues to report without sufficient documentation being provided to me. I have not received competent evidence validating the account, including : original signed agreement complete payment history proof of ownership method of verification accurate Date of First Delinquency Additionally, the account reporting appears inconsistent and misleading. The account continues to negatively impact my credit profile despite the lack of proper verification. Under the Fair Credit Reporting Act : FCRA 611 requires the credit bureaus to conduct a reasonable investigation. FCRA 623 ( a ) ( 1 ) ( A ) prohibits furnishers from reporting inaccurate information. FCRA 623 ( b ) requires furnishers to investigate disputed information. FCRA 611 ( a ) ( 5 ) ( A ) requires deletion of unverifiable information. FCRA 623 ( a ) ( 5 ) requires accurate reporting of the Date of First Delinquency. I am requesting : A complete investigation of this account Verification of the accuracy of all reported information Copies of documents used to verify the account Immediate deletion if the account can not be fully verified pursuant to federal law The continued reporting of inaccurate or unverifiable information is causing financial harm and negatively affecting my ability to obtain credit. Thank you for your attention to this matter."
7152	"I am filing a complaint against Cash App ( Block , Inc. ) due to inadequate customer service and unfair practices, which violate the Consumer Financial Protection Act ( CFPA ). Specifically, Cash App failed to take timely and effective measures to prevent and address fraud on their platform, leaving my account vulnerable and unprotected.\n\nFurthermore, their dispute resolution process was unfair and deceptive, as they did not comply with error resolution requirements under the Electronic Fund Transfer Act ( EFTA ) and Regulation E. These actice have caused significant inconvenience and financial loss, and I seek appropriate redress for these violations"
7153	"I have a debt that I owe to my previous apartment. I am aware of the debt, but have been unable to resolve it due to financial circumstances. \nThe debt was handed over to Hunter Warfield. I received a call from them on XXXX XXXX from them but I did not answer as I did not recognize the number. A few moments later I received a call from a friend alerting me of the debt ( with specifics of the debt as well as who I owed the debt to ). That friend told me the person who contacted her was XXXX and instructed her to to have me reach out at ( XXXX ) XXXX ; XXXX. I reached out to them to speak with them on the matter and come up with a solution to resolve the debt. \nOn XX/XX/year> I missed a call from them as I was at work and unable to answer. They in turn contacted this same friend again instructing her to instruct me to call them at XXXX ( XXXX ) XXXX. \nI understand with this process that a debt collector may reach out to third party sources in order to get in contact with me, but however it is illegal to share the information with specifics including who the debt is to as well as what the debt is for."
7154	"Disputed an unauthorized transactionthey legally have up to 10 business days to give me a response or issue a provisional credit to my accountthat has not been donethey have been contacted multiple times. This is an issue with venmo"
7155	"I opened a SoFi account in XX/XX/year> under a promotion offering a {$300.00} bonus for setting up a qualifying direct deposit ( DD ) of at least {$5000.00}. I received my paycheck via XXXX  on XX/XX/year>, and on XX/XX/year>, a SoFi representative confirmed in writing via in-app chat that I had met the Direct Deposit requirement and was eligible for the {$300.00} reward. \n\nI waited but did not receive the bonus. I contacted support again in XXXX and was told that the earlier representative had made a mistake and that my deposit was not counted due to a coding issue. I made another qualifying deposit in XXXX, but SoFi still refused to honor the promotion. I was told my deposit was being treated as a transfer rather than a direct deposit, despite the fact that a representative had previously confirmed it was valid. \n\nMost concerning, I requested a copy of the XX/XX/XXXX chat confirmation, but the customer support agent refused and abruptly ended the conversation.\n\nI acted in good faith based on SoFis written confirmation and\nfulfilled the requirements. SoFi is now refusing to honor its promotion and is also preventing access to key documentation.\n\nI would like SoFi to award the {$300.00} promotion as originally promised and ensure better accountability and transparency in its bonus qualification process."
7156	"XXXX XXXX XXXX XXXX XXXX XXXX XXXX XXXX XXXX XXXX XXXX XXXX XXXX XXXX XXXX XXXX XXXX XXXX XXXX XXXX XXXX XXXX XXXX XXXX XXXX XXXX XXXX XXXX  Re : Formal Dispute & Debt Validation Request Original Creditor : To be confirmed by collector Account Number : As reported/ to be confirmed by collector To Whom It May Concern & CFPB Reviewer : I am disputing the accuracy, ownership, and validity of an alleged debt being reported by True Accord. This is a request for validation under the Fair Debt Collection Practices Act ( 15 U.S.C. 1692g ) and a dispute under the Fair Credit Reporting Act ( 15 U.S.C. 1681s-2 ). \n\n\n\nI am requesting written confirmation of the original creditor and full account number associated with this alleged debt, as only partial or insufficient information has been made available. \n\n\n\nPlease provide : Identity of the original creditor A copy of the original agreement bearing my signature Complete itemization of the balance ( principal, interest, fees ) Proof that this debt was legally assigned/transferred to your agency Date of first delinquency and proof within statute of limitations Proof of authorization/licensing to collect in my state If you are reporting this account, you must : Mark the account as disputed Cease reporting until validation is supplied Provide proof all data furnished is accurate If you can not validate this debt, you must delete it from all credit bureaus under FDCPA and FCRA requirements. \n\n\n\nPlease upload all validation documentation to the CFPB portal. If you choose to contact me directly, email only at : XXXX I do not consent to phone contact. \n\n\n\nThank you, XXXX XXXX"
7157	"I demand a full check of the amount listed below or an open end credit plan for the 3 credit cards in the total amount of invoice sent to the address attached or A permanent credit in the total amount of invoice for the violations you have committed, the pain you have caused. I would prefer for the credit card accounts to be listed positive in good standing reporting monthly to all three credit bureaus with in 15 calendar days. Remove any and all liens from the credit accounts, and grant full permanent access to account login or a check written in my name for the total amount {$150000.00}. So it is and so it be. We can settle this between us or I can move further and take this to litigation. I know my rights and my rights have been violated. You have committed fraud under my name. \nPursuant 15 USC 1605 Pursuant 15 USC 1692d Pursuant 15 USC 1602 Pursuant 15 USC 1640 Pursuant to 15 USC 1692c. ( c ) I am contacting you in writing that I refuse to pay this alleged debt, and I am demanding that you cease all forms of communication with me through any and all mediums."
7158	"I made a purchased on XXXX marketplace last month. I paid for the item and the seller never shipped the item contacted cash app and did a complaint and they never refunded me so I gave away more than {$100.00} to a person that never shipped out an item. Cash app refuses to refund me."
7159	"I was scammed by an online seller through the app, XXXX. I sent {$160.00} on Monday, XX/XX/2020 to a \" XXXX XXXX '' that I'd met off XXXX. I sent the money, and the tickets were never sent. I did a reverse phone search for the phone number attached to the XXXX account because that is definitely a fake name. The real name of the scammer is XXXX XXXX. A simple XXXX search told me that. I've reached out numerous times via text, phone, email, facebook ( Again, all available online. ) I just want my money back but my bank refuses to follow up because of the terms of use from XXXX. I think XXXX needs to reassess their terms of use as their app is used entirely by scammers trying to defraud innocent people."
7160	"I recently had my old mortgage lender ( XXXX XXXX XXXX XXXX, IL ) sell my home loan to Citizens First Wholesale Mortgage Co. Their address is XXXX XXXX XXXX XXXX XXXX XXXX FL XXXX and phone is XXXX. We have tried several times in XXXX XXXX to get in touch with Citizens First about taking an automatic draft payment from our checking account every month as XXXX XXXX did. They never returned our calls for a couple weeks so we kept calling them back. Finally they did say the first month they needed a check so we sent them XXXX for XXXX. After that they would set up our payment to come out on the XXXX of every month. As of XXXX XXXX our payment of XXXX has still not come out. My husband called last week to find out what was going on and they said they transposed some numbers and our payment would be automatically drafted out in a couple of days. He spoke with someone named XXXX XXXX  week later it still has n't come out. I called them this morning to find out again why it was so difficult to take our money and I do n't want to have any late charges against me. An answering service answered and said they are not accepting calls and lots of other people are mad that no one has returned their calls either. This is crazy that I ca n't get the mortgage company to take my money, do what they say or not even be able to speak with someone from Citizens First now about my mortgage. I am worried about them trying to charge me late fees or having to pay a mortgage payment twice. What kind of fly by night operation is this?"
7161	"Midland Credit Management , Inc. is an American debt buyer and debt collection company headquartered in XXXX XXXX, XXXX and has offices throughout the United States as well as in XXXX and XXXX XXXX. It is a wholly owned subsidiary of XXXX XXXX XXXX. This company claims that I have a debt that I owe to them. But I have never done business with this company. I have had the debt removed from my XXXX and XXXX credit reports. Im currently disputing this on that credit report as well. I was harassed by a barrage of phone calls threatening me and letters saying that I could face jail time if I didnt pay back the debt."
7162	"I have had a Coinbase account for over 4 years and should have a balance in the account now of around {$7000.00}. For the last three months, I have not been able to log into the account. They have two part verification but do not send the SMS code so I can log into the account. I have tried all their \" customers serivce '' options and only get computer generated tips. I need to get into the account so I can close it. They seem to have no human assistance."
7163	"I received my XXXX XXXX from college approximately in the two and a half to three months ago they gave me the most terrible problems trying to get the money then I had my veterans XXXX lump sum check deposited into Bank of America on or about the XXXX of XXXX they constantly giving me a problem every day they change the reason why I can't get the money out then I do what they tell me to do and I still can't get the money out then they said wait till your new debit card comes you can get the money out when the new replacement debit card came they said they accidentally sent me a fraudulent debit card and then said there's no debit card connected to my account and I still can't get the money out there's a new card in the mail one gentleman was going to give me the information on the card I didn't have a pen I called back a day and I have later and they said they can't give me the number I have to go to the bank with two forms of ID I did that went to the XXXX got a complete identification print out they still won't give me the money now they said wait till Monday and go back with two forms of ID and then I don't know what to expect but the money 's been in there XXXX for almost 2 weeks and that's quite bizarre please contact me or tell me what I should try to do whatever I do with them they have council measures that prevent me from getting my veterans and XXXX check thank you"
7164	"These people threatened to put this on my credit when I told them that it was not me that opened it. They put it on my credit as late payments as well as into collections. This brought my score XXXX  points down"
7165	"Commencing on XX/XX/2022, I fell victim to a multi-layered scam operation orchestrated by Hackers ( the Fraudsters or the Scammers ), all of whose actions are designed to achieve the goal of robbing and defrauding innocent people in the equivalent of XXXX XXXX which were transferred from my Coinbase wallet. \n\nIt is important to mention that, during the course of the aforementioned actions, I was not informed, or better say, alerted by Coinbase in any way. No authentication protocols measures of any sort were issued, no questions asked whatsoever. Furthermore, I received no notification after the transfer of funds was completed. \n\nI have strong reasons to believe that the Coinbases protections systems failed miserably in my case."
7166	"XXXX XXXX owner. I have banked with Chase for 8 years. No warning, no letters, my account was closed and my money in the account frozen ... and my recurring and website batches went into this account ... on The Friday of XXXX XXXX weekend ... during Covid 19 lockdowns ... with XXXX kids in the house and staff not able to get paid. Thats not just mean ... that is disturbing and life altering. \n\nIm horrified that this was legal, violation is an understatement. How can they do this? I have no rights to my business money during a pandemic? \n\nNot customer service or branch locations are willing to talk to me and/or give me so much as a reason. \n\nNobody will help? What do I do? Chase bank representatives has reached out to me. \n\nXXXX XXXX XXXX owner"
7167	"I am writing to formally express my concerns regarding Chime handling of disputes, particularly in light of the recent CFPB lawsuit highlighting significant issues with the platform. Despite using Chime numerous times reporting discrepancies, my financial institution and Chime failed to investigate my claims adequately. They informed me that recovering lost funds was impossible and that tracking these transactions was unfeasible. The CFPB 's findings indicate that Chime has not only neglected to protect consumers but also allowed repeat offenders to exploit the system, leaving users vulnerable to scams. This lack of accountability and transparency is unacceptable and raises serious concerns about consumer safety."
7168	"On XX/XX/year>, I authorized a wire transfer from my account at South Carolina XXXX XXXX XXXX in the amount of {$16000.00} to a recipient that I later learned was involved in a fraud. The wire was sent using XXXX XXXX XXXX and account number ending in XXXX the amount of {$10000.00}. The next day, I discovered the transaction was fraudulent and immediately notified my bank. Based on the attached email, a recall request was made on XX/XX/year>. I was subsequently informed that the receiving bank will not verify whether the recipient name matches the account number or whether the account is valid, citing privacy policies. My concerns are as follows : 1. The wire was processed despite the recipient name not matching the account holder. 2. I reported the fraud the next day, yet I have not been provided confirmation that the funds were frozen or recovered. 3. I have received information from my bank that Wells Fargo has yet to respond to the recall efforts or the status of the funds. 4. I want confirmation from both bank followed proper fraud detection, account verification, and anti-money laundering procedures. I am requesting : A full investigation into the wire transfer Confirmation of whether the receiving account name matched the account number Documentation showing the recall request was sent and received Clarification of whether funds were frozen or withdrawn Recovery of any remaining funds This loss has caused significant financial harm, and I believe stronger fraud controls and communication should have been exercised given the next day report and name mismatch. I am requesting regulatory review and assistance in the recovering these funds. I have attached the following documents to this correspondence : A copy of the wire transfer Emails from bank In addition I give, XXXX XXXX, my daughter to discuss this matter with you."
7169	"Today, XX/XX/2023, I was alerted that a Chase Sapphire account was approved in my name. I contacted Chase to advise the application was fraud, and was told the account would be closed. I then asked for confirmation the hard inquiry would be removed from my credit report. I was told this is not their process, only that they would no longer report the account itself. This is in violation of the Fair Credit Reporting Act. In addition, I requested a copy of the fraudulent application submitted using my social security number as per the FACT Act, but was told I would have to go online to submit my request. This is a bank that Ive never done business with - I am not comfortable submitting any of my information online when Ive just been the victim of identity theft. I have contacted the three bureaus and placed a fraud alert on my file, but that does not protect my credit score with the unauthorized inquiry."
7170	"Earnin is supposed to lend money out in between pay checks. They get paid back AFTER I get paid. Their policy states that they make sure that they won't deduct money from an account until AFTER a paycheck posts. This is a lie. On XX/XX/2023, they attempted to deduct {$840.00} BERORE i got paid. It cause overdraft fees and extensive stress on my part as they DRAINED my account. \nThey also have no legitimate phone number and force customers to communicate via an outdated chat option in their app. I spent 3 hours trying to solve the problem and it took three escalations before anyone UNDERSTOOD that they can't take money out of my account before I get paid. They just said if I get overdraft fees, they would refund me, like that was OK. Supposedly after three hours, they fixed the next deductions to occur on XX/XX/XXXX. \nHowever, today, I was informed by the app that they would be deducting {$520.00} TODAY, 13 days early!!! Again, the only contact they provide is through their awful chat feature. So i spent several hours and they kept either not understanding ( with pictures provided ) or played XXXX to try to get me to give up my complaint. I had to move all the money out of my account to prevent them from draining my account a SECOND TIME in four days. I had to take off work 2 hours early to deal with their fraud, theft and broken company. I had to take off work and the 6 hours wasted on chat. I repeatedly asked to speak with someone and they refused over and over again."
7171	"I AM VICTIM OF AN IDENTITY THEFT, I HAVE SENT ALL REQUIRED ITEMS TO EXPERIAN AND TO XXXX XXXX XXXX TO HAVE THE FRAUDULENT ACCOUNT FROM MY CREDIT REPORT. THE NOTARIZED DOCUMENT WAS ALSO SENT TO EXPERIAN AND TO XXXX XXXX TO HAVE THE FRAUDULENT ACCOUNT. THE ACCOUNT AND THE CHARGES ARE NOT MINE.I HAVE NEVER OPENED THIS ACCOUNT NEVER MADE ANY CHARGES. NOW AS A CONSUMER I AM REQUESTING TO PLEASE HAVE THE FRAUDULENT ACCOUNT REMOVED FROM MY CREDIT REPORT. I MA TRYING TO BUY A HOUSE AND THE FRAUDULENT ITEM ON MY CREDIT REPORT IS GIVING ME HARDSHIP. AGAIN I HAVE SENT NOTARIZED ITEMS TO XXXX AND TO EXPERIAN TO SHOW THAT I AM VICTIM OF AN IDENTITY HTEFT, HOW FAR IS THIS TO ME."
7172	"I have been trying to repay an amount of {$10000.00} to AidVantage but they kept reversing my payment. \n\nThe first time was XXXX and they could not find my bank information. \nI \" updated '' my information and submitted a second payment on XXXX but apparently I used the wrong wire transfer account number on my side. \nThe Third time XXXX I payed with a different wire account and felt like it would not work so I had to call my bank and have a three way conversation with a customer representative on the other line. AidVantage confirmed they received payment and the bank also agreed the payment of {$10000.00} was processed. I check my bank account and the money was taken almost within seconds. \n\nI recently checked my Aidvantage account and I have an amount of {$4600.00} with interest now."
7173	"The property subject to the mortgage was demolished due to FEMA flood regulations. After the demo of the property Mr Cooper requested proof of flood insurance. \n\nMr Cooper was provided with : A copy of the demolition permit A signed letter from the contractor stating the property was demolished Email chain from the insurance provider stating that flood coverage is not provided for vacant land Despite calling and providing written notice that no structure that is eligible for flood insurance is on the property Mr. Cooper purchased force placed coverage on the property. \n\nOn XX/XX/2019 I contacted XXXX, the company providing the force placed coverage and inquired how they determined the value of the structure. ( {$170000.00} ) XXXX stated this value you was provided by Mr. cooper. Mr Cooper provided this information knowing that no structure is on the property that is eligible for flood coverage."
7174	"Hello! \nMy name is XXXX XXXX. I am a victim of Identity Theft. Monterey Financial Services is attempting to collect a debt that is not mine. The XXXX is a complete result of Identity Theft. Please have them remove this collection account from my credit report because it is damaging my chances of getting a car. \n\nPlease have them remove this account and investigate properly. \n\nThank you."
7175	"I am writing to formally express my concerns regarding Zelle 's handling of disputes, particularly in light of recent CFPB lawsuit highlighting significant issues with the platform. Despite using Zelle numerous times and reporting discrepancies, my financial institution and Zelle failed to investigate my claims adequately. They informed me that recovering lost funds was impossible and that tracking these transactions was unfeasible. The CFPB 's findings indicate that Zelle has not only neglected to protect consumers but has also allowed repeat offenders to explicit the system, leaving users vulnerable to scams. This lack of accountability and transparency is unacceptable and raises serious concerns about consumers safety."
7176	"On XX/XX/XXXX, someone committed fraud by finding a lost wallet, and using the contents of the wallet to deposit a US Treasury Check into a secondary account and immediately withdrawing monies by utilizing cashapp to transfer money. Cashapp was contacted immediately afterwards to file a claim against this unauthorized use as more than {$1000.00} was transferred from the account. They forwarded a notice on XX/XX/XXXX acknowledging that they needed to apologize due to their slow response on the the matter and that a representative would contact us immediately. That was back in XXXX. This matter still has not been finalized to this day. I am requesting that cashapp pay back all the money that was taken under this account immediately."
7177	"XXXX business practices to start. On XX/XX/23 I purchased a cheap sofa and 3 mattresses from a little shop in XXXX XXXX Ca. The shop owner advised he could finance the entire amount and all he would need is {$50.00} down. I was unaware that he was putting me in not 1 but 2 very high interest loans. He did explained it was for a 12 month period but he never said how much the payment would be. He pretends to be soft spoken and kind but he is a hustler and the worst kind, he prays on the poor. He creates an environment of chaos, acting confused and flustered stating he was late for church and continually looking at his phone. He also had multiple customer purchases going on while he was inputting my information making it difficult to ask any questions. One of the loans he put me in for {$1200.00} has a {$230.00} with an ending repayment of {$2800.00} after 12 months and the other one is for {$1000.00} with a monthly payment of {$140.00} and ending repayment of {$1700.00}. Ive already made 4 payments on each loan and this is just crazy. That I cant afford to keep paying on these loans"
7178	"The debt in question was deleted from my bureau reports several years ago after a failure to validate on the part of a different collector. \nThis collector ( First Collect of XXXX, Delaware ) is clearly a junk debt buyer. They purchased the old file and made attempts to collect via a dunning letter. In my response I requested validation. I received the validation and immediately recognized the old deleted debt. I replied with another letter indicating that the debt had previously been deleted. Further, the statute of limitations for reporting passed no later than XXXX XXXX. \nFirst Collect proceeded to make an entry to my bureau reports despite having been advised of the SoL and the previous deletion. The also falsely reported to XXXX that the \" account '' had been opened on XXXX XXXX, clearly the date that they bought the junk debt but misrepresenting that it was a new debt and/or a new delinquency. \nThey have revived a dead account, ignored the statute of limitations even when their own \" validation '' document supports my position, and they have violated the law by falsifying the date and character of the debt in my credit reports."
7179	"today, XX/XX/2022 I tried to activate my vanilla visa {$50.00} gift card given to me by my daughter for mothers day. I've tried and tried to reach them any and all ways available. such as XXXX numbers etc. once I actually spoke to someone whom I couldn't understand because of language barrier. she tried to sell me something - again I couldn't understand her but i did understand she wanted my banking account information which I quickly said NO. then she gave a phone number : XXXX which is a cable company!!!! \nthis nonsense went on and on I went to the vanilla visa website VinillaGift.com and of course I found no luck there. so im contacting you. really all I want is to activate my gift card and enjoy the bounty. I've contacted visa directly and no help there. \n\ncan you help thank you, XXXX XXXX XXXX"
7180	"I purchased an automatic renewal Time Deposit Receipt in XX/XX/1994 with XXXX. XXXX was bought out and now is Bank of America. I have gone to my local branch and inquired about cashing in this Time Deposit Receipt, but they have no record of it. I was told that it may have been sold to another financial institute. I contacted Mass Division of Banks and have gone on to the website Find Mass XXXX  and there is no account that was turned over to the state for inactivity. I was told by this office to file a complaint."
7181	"I was trying to get my free credit reports from the 3 main agencies. Equifax, XXXX, and XXXX. All three had incorrect security questions, one on XXXX and 2 on XXXX but I was still able to access them and they had nothing of concern on the reports. However, Equifax had all security questions wrong and I was unable to access my report which I am entitled to. I am very concerned that I might be the victim of identity theft due to the incorrect questions they asked. I called 4 times to dispute, was transferred twice only to get disconnected and the XXXX live agents I got refused to help me unless I paid for the report. I refused to pay for it as I am entitled to the free report, but if I am a victim of identity theft I can't wait for the 2 to 4 weeks in snail mail."
7182	"I booked a trip in XXXX through a travel agency. Due to COVID-19 the trip was canceled. The travel agency sent me an email stating that I had to contact my cardholder for a refund. I contacted my bank, Chase Bank, and they refunded me the money but took the money back. I never received my went on my trip and I dont have my money."
7183	"CapitalOne360 is not sending me money from my Mothers estate. I am the executor and have submitted all the paperwork. They claim XXXX check was sent in XXXX to my old address but it never came. They wanted to charge me {$25.00} for a stop payment. When I asked for proof it was ever mailed, they agreed top send another. I gave them my new address, which they already are sending mailings to, but they claim the new check was mailed on XXXX XXXX give or take a day. Never arrived. \nThe other account is an Individual account that required a Letter of Testamentary and an Affadavit of Residence. I sent them. They said one was n't notarized so I sent it again. In XXXX they sent an email saying the check would be sent out. It was n't. \nEvery time I call, I get different people who apologize profusely, promise to fix this and nothing gets done. No follow up calls, no emails. The last time they emailed me was to say the check was being drawn upo. That was XXXX. You can no longer log into the accounts."
7184	"I am filing this complaint against Bank of America , N.A . for reporting unverified and potentially inaccurate late-payment information on my credit file in violation of the Fair Credit Reporting Act ( 15 U.S.C. 1681s-2 and 1681e ). I formally requested verification of the reported late payments for the account ending in XXXX, specifically for the months XX/XX/XXXX, XX/XX/XXXX, and XX/XX/XXXX through XX/XX/XXXX, asking Bank of America to confirm whether the alleged delinquencies align with its internal payment records and to explain how any delinquency was calculated. To date, Bank of America has failed to provide proper verification or documentation substantiating the accuracy of this negative reporting. Furnishing late payments without maintaining or producing reasonable evidence of accuracy constitutes unlawful reporting and ongoing consumer harm."
7185	"On XX/XX/XXXX, Citibank, n, a received our written request under RESPA law. Citibank not only failed to acknowledge the written request but also failed to respond. We are seeking a copy of the allege loan agreement. On XX/XX/XXXX, Citibank filed a law suit demanding payment. The credit agreement was never signed by the lender. Under Florida statute XXXX A credit agreement is not valid unless it's signed by both the debt and the creditor. The loan agreement does not reflect it was executed by citibank therefore we never had a valid contract. Assuming that we had a valid contract which we do not, Citibank was barred from filling the action because we modified the first lien back in XX/XX/XXXX. Under the HAMP guideline when debtor engages into a first lien loan modification the bank is barred by treasury guiltiness to dismiss the action. Citibank must dismiss the action but also extinguished the debt. see attached supported documents."
7186	"some time on and around XXXX XXXX XXXX. I went to the bank to make my that was do or XXXX XXXX XXXX and pay on my account of XXXX TDB made an error .they post payment the XXXX of XXXX XXXX. but I pay in the bank Moring the XXXX about XXXX in the XXXX.after then they post my payment and it made my payment late .i have never been late in make my payment on any of my bill. TD.Bank after 24 month of have this credit line they took my credit line from me and my wife. because there misstated that they made. I believe it was unfair to removal my credit line from XXXX to XXXX on there misstated out of 24 month my payment is due on the XXXX of the month. and not only that I ask there representative about the post on the XXXX XXXX of XXXX because I knew that it was a XXXX XXXX week end .and she stated it would post that day. plus they mail me a statement stated, I old XXXX late payment. I send TD Bank a Letter on XXXX XXXX XXXX and have not hear back from my request. ever time the bank take your credit line your credit score drop. I think it was an unfair treatment by the bank and they refuse say that they was wrong"
7187	"On this date XX/XX/2022, I refinanced my XXXX car loan ( account number XXXX ). I did not realize I obtained two loans at the same time. XXXX XXXX Bank approved my loan ( account number XXXX ). XXXX sent a payoff to XXXX in amount of XXXX on date XXXX  Then XXXX XXXX XXXX  ( account XXXX ) sent a payoff to XXXX on XXXX XXXXn amount of XXXX ( Check Number XXXX ) and ( Tracking number XXXX ). Then XXXX sent a refund to XXXX XXXXXXXX XXXX on date XX/XX/ and credited on XX/XX/2022 ( account reference number # XXXX ). I am paying the XXXX car loan. XXXX XXXX Bank claims that it did not receive a refund from XXXX and keeps sending me notices for payment on that loan."
7188	"XX/XX/XXXXXXXX  - The riot, protest, whatever occurred in DC. - I was not there. \nXX/XX/XXXXXXXX  - The FBI and Bank of America discussed needed information on ( 1 ) A list of BofA card users that used their card in the vicinity of DC, VA, MD from XXXX - XXXX and ( 2 ) ANY PERSON THAT PURCHASED A FIREARM \" GENERALLY '' WITHIN 6 MONTHS. \nEmail will be attached. \nXX/XX/XXXXXXXX  -- After hearing about testimony of a whistleblower I wanted to know if my name was given to the FBI because I purchased a firearm on this card. I called my bank and was assured that legally the bank can not give that information out and that BOA adheres to all Federal Laws on Customer Privacy. \nI followed 2 CFPB complaints that resulted in BOA telling me I do not own the account - false information. \nI filed a complaint with the OCC - BofA Regulator. - Denied I filed a complaint with the FTC - No word I filed a complaint with the FED - They do not regulate National Banks. \nI filed a complaint with Sen. XXXX XXXX, Sen. XXXX XXXX, Rep. XXXX. - Nothing The response from the last complaint was not shown as public, and the Bank wanted me to call a number for a discussion. I have called that number several times, no names, just a voice mail that is never answered or returned. \n\nThis is going on since XXXX. The emails are in the Judiciary Testimony of FBI XXXX XXXX XXXX. BOA knows whose name they gave to the FBI without a warrant. \n\nThat is why they keep me in limbo with follow-ups that do not occur of phony numbers that don't work and Erroneous communications to a Federal Agency ( CFPB ) that allows them to defer giving me the answer that could would loosely associate me with XX/XX/XXXXXXXX  events."
7189	"MOHELA has INCORRECT information on my student loans. They have more than 8 payments in my \" ineligible '' payment history listed as deferment/forbearance which is inaccurate. I have printed documents to support my claim of XXXX back in XXXX. Mohela 's FALSE/incorrect information has resulted in DELAY of my student loan forgiveness and i should not have been paying {$2500.00} since the repayment started. PLEASE HELP! Please help!"
7190	"I did not use have the services since it was XXXX XXXX XXXX. I called to cancelled but was told it was not possible. I would asked to settle the debt for {$1000.00}. \n\nAccount Ending In XXXX | Log In Get in touch with us, we'll help you through this Hi XXXX, A friendly reminder that your CARECREDIT/SYNCHRONY BANK account is past due. \nCurrent Balance Total Minimum Payment Due Past Due Amount Non-Past Due Amount {$3300.00} {$250.00} {$100.00} {$140.00} Due Now Due XX/XX/2022"
7191	"XXXX XXXX XXXX XXXX XXXX XXXX XXXX XXXX, MD XXXX RE : XXXX Dear XXXX XXXX : Per email XXXX I applied for destiny XXXX approved according to the documents they advise that I sent a copy of my drivers license and I did multiple times using the XXXX XXXX XXXX. I called and spoke with rep several times to advise information has been sent, along with social security card. Ive reported this matter to credit company to file a dispute. Also sent letters back in XXXX to resolve this issue. Nothing has been updated in my account. This is now XXXX and Ive been trying get these inquires off my report. Per rep from teams ion told me send a letter to dispute this inquiry and it will take 30 days. Its been 3 months already. Im not sure why my information wasnt being applied to the account XXXX my credit was ran XXXX times and no results. XXXX  couldnt send me no documentation at all to send to credit report. Please remove this inquiry XXXX denied"
7192	"I had detected fraud charge on my 360 capital one debit card. As Im not XXXX speaker, first I replace my debit card, then file dispute via mail service. After couple weeks I got a credit for dispute transaction, then after less than a week, I got email - no error was found. I was in shock because I dont have previous debit card on my hand. Terrible bank with worse service and worse protection!"
7193	"In accordance with the Fair Credit Reporting Act. The List of accounts below has violated my federally protected consumer rights to privacy and confidentiality under 15 USC 1681. \n\nAccount Name : XXXX Account XXXX Account Name : XXXX XXXX Account XXXX Account Name : XXXX  Account NumberXXXX  Account Name : XXXX Account XXXX Account Name XXXX XXXX Account XXXX has violated my rights. Or a list of inquiries : 15 U.S.C 1681 section 602 A. States I have the right to privacy.\n\n15 U.S.C 1681 Section 604 A Section 2 : It also states a consumer reporting agency can not furnish a account without my written instructions 15 U.S.C 1681c. ( a ) ( 5 ) Section States : no consumer reporting agency may make any consumer report containing any of the following items of information Any other adverse item of information, other than records of convictions of crimes which antedates the report by more than seven years.\n\n15 U.S.C. 1681s-2 ( A ) ( 1 ) A person shall not furnish any information relating to a consumer to any consumer reporting agency if the person knows or has reasonable cause to believe that the information is inaccurate."
7194	"I received a speeding ticket in XXXX. I took driver 's safety to have the ticket dismissed. USAA has it as me having a ticket in XXXX and XXXX. I did not receive any moving violations in XXXX. I called to try to have it fixed, but the agent was not sure how to correct it. I believe it is affecting my premium unfairly."
7195	"Bank of America closed out my Business Checking and Business Savings Accounts On XX/XX/XXXX, XXXXBank of America neglected to mail out cashiers checks 3-5 business days as indicated in the letter informing of accounts closure. \nA complaint was filed with the CFPB on XXXX because NO balances were for the Business Checking ending in XXXX and Business Savings ending inXXXXBank of America requested two extensions from the CFPB.The regulatory compliance officer from Bank of America name is XXXX XXXX . He informed me that Business Savings check had been released and mailed out. A check for the Business Savings dated XX/XX/2020 was received but inaccurately stated the Business Checking account number. XXXX XXXX was immediately contacted about the discrepancies in the Business Checking and Business Savings Accounts. XXXX XXXX was asked to release the cashiers check for the Business Checking being held. XXXX XXXX stated that he doesnt know why the Business Checking Account balance has not been sent. XXXX XXXX sent an email for me to contact XXXX FBI, Special Agent, XXXX. My response, Why Release my business checking balance immediately. I am a California resident operating a Licensed XXXX XXXX XXXX.why is myXXXX who has NO jurisdiction over There is NO jurisdiction or justification to continue to deprive me of my Business Checking Account balance. Bank of America must be held accountable. I must have my balance immediately because XXXX XXXX depend on agencies as XXXX XXXX. Why would Bank of America hinder a XXXX woman working diligently to make a difference in society. XXXX XXXX said it correctly, I dont know why your Business Checking Account Balance has not been released and mailed out. Especially, since your Business Savings has been released and mailed out with the wrong account ending. See the attached letter."
7196	"I have now for Is the past year or Too I have sent in multiple disputes Is crediting Bureau 's and I have gotten gotten little results Except from XXXX, they have efficiently for the most part done their best to accurately Credit profile but Is XXXX and XXXX have both bear Barely put in any effort on fixing or making accurate The anacrasies on my credit profile and thus I have had issues getting business funding.And it has caused a great deal of stress and XXXX  To my day to day life I can not get my business up off the ground.Nor can I get XXXX XXXX  Because of my damage credit.I have sent in multiple dispute letters and Gotten very little help in getting the inacracies fixed.I 've been denied I've been denied for business loans and personal credit loans.That I was going to use to leverage to Expand and make my business profitable"
7197	"I made two payments totaling close to {$900.00} to pay off the full balance on my Capital One credit card, 19 days before the billing cycle ended, but I still got a bill for {$5.00} on my next statement. It was based on a balance of {$230.00}. My balance was never even at {$230.00} at any point in the billing cycle. I have seen online that Capital One has done this to other customers."
7198	"I am filling a complaint against cash app ( Block inc ) due to inadequate customer service my account was left unable to dispute transactions and they did not comply with error resolutions. Under the Electronic funds transfer act ( EFTA and regulation E ) these actions cause significant inconvenience and financial loss and fraud was able to pass on my account with no recognition.furthermore their dispute resolution process was unfair and deceptive."
7199	"All of XXXX and XXXX up till XX/XX/XXXX was consistently over drawn account and doing a process they called reordering or something to where they would show a certain amount in my account ( and I only used my debit card except for my mortgage ) then the next day show me with an overdrawn account and this happened almost every month sometime if I got hostile they would credit a few fees but maninly told me this was there practice and it was nothing I could do about it, overdrawn account so bad that when I left my job in XX/XX/XXXX I had to change banks it was the worst experience ever and I still owe them around XXXXXXXX XXXX because of this issue"
7200	"I am filing a complaint against cash app ( Block , Inc. ) due to inadequate customer service and unfair practices, which violates the customer financial protection act ( cfpa ). Specifically, cash app failed to take timely and effective measures to prevent and address fraud on their platform, leaving my account vulnerable and unprotected. Furthermore, their dispute resolution process was unfair and deceptive, as they did not comply with error resolution requirements under the electronic fund transfer act ( efta ) and regulation E. These actions have caused significant inconvenience and financial loss, and I seek appropriate redress for these violations."
7201	"Predatory lending violation via telemarketing by 2 XXXX XXXX Wells Fargo telemarketers to an elderly couple violating CT state predatory lending laws to the elderlyand especially to an XXXX & XXXXyr old couple with XXXX and XXXX. The elderly couple were enticed into a 30yr refi via landline by 2 telemarketers from another state. No mortgage protection insurance was offered, no attorney was available to protect the borrowers. There was no understanding by the elderly couple of what was transpiring. Undo pressure was placed upon them by the telemarketers. The fraudulent telemarketers knew there was no way an XXXX & XXXX yr old couple could live for 30 years or survive to repay a loan on one income should and when one of them died. The telemarketers were only interested in their commissions & not one humane thought was given to the elderly couple. Telemarketers knew couples inability to repay the loan would render the survivor homeless or into foreclosure. Couple has since passed away & as their daughter, I was quit claimed their home. Upon learning of the loan 's fraudulent inception, I began asking Wells Fargo questions for over a one year period that they are unwilling to answer. I have stopped making payments as I will not pay for a criminal act. They have my phone # yet, say they are unable to contact me? Untrue! Contact @ Wells Fargo : XXXX XXXX XXXX"
7202	"In 1996 I attended a school called XXXX in XXXX, PA for XXXX. They advertised a MUCH higher salary for XXXX and charged me over {$40000.00} for the schooling. I could not find a job making enough money oto live off of and I had to go back to school. The school is closed now and I am still paying student loans due to the high interest rates."
7203	"I applied for a home equity loan, and the company noticed on my credit report that my house was/is in foreclosure which isn't true. So I contacted my mortgage company and they verified that my house was never was/is in foreclosure. I asked them to send me in writing that my house was never in foreclosure, but they refused to send it and told me they don't have to comply with my request nor follow any laws cause it's their company policy and that this supersedes any and all laws federal/state. \n\nBy not having this information they are stopping me from getting a home equity loan"
7204	"toyota financial services accusing me i have a 120 day late payment for my car loan which is not true because i have automatic payments every XXXX of the month and my due date is every XXXX of the month. my credit score went down significantly because of toyota financial services reporting that i was late payment. it was resolved before in they fix their mistake but it happened again my credit score was down again because they kept reporting me i have late payments. i already dispute it but no action, it really affects me and my credit score."
7205	"I took a loan from Lendumo on XX/XX/2023 but the money did not arrive until XX/XX/2023, at which time I immediately repaid the loan, however, the company insists on me paying interest for 2 days that I did not have the money. In the loan agreement it states that I being accruing interest on the disbursement date, and that in some circumstances the funds are not deposited as expected, and in that case the \" disbursement date '' will be automatically adjusted in the system when the funds are disbursed. I have repaid the {$2500.00} but was still charged {$84.00} in interest that I refuse to pay. \n\nI suspect they are doing this to many unfortunate consumers, collecting XXXX XXXX XXXX from struggling families across the nation. They are telling me if I refuse to pay this illegally generated interest that I will never be able to borrow money from them again. So if you refuse to abide by their fraudulent scheme you're penalized. \n\nThis organization needs to be investigated, and consumers made aware that they could be paying interest that they do not owe."
7206	". I deposited a check at Huntington Bank on XX/XX/2023. A day later the check was rejected due to endorsement issue. I went back to the branch where I deposited, and they returned the check to me. \n. On XX/XX/2023 I took the same check to XXXX bank, deposited, and everything went smooth. I made a car payment. Two days later my XXXX account was overdrafted by XXXX XXXX XXXX bank told me my check was process by the 1st institution. I went back to Huntington they told me the check is on Hold due to endorsement issue, and that my wife has to sign and notarized an endorsement released form, and of course my wife did all of that, but the Huntington manager failed to submit the paperwork to Huntington hold department. Now I don't have the money deposited, and my XXXX account is overdrafted, and they are charging for overdraft fees. \nI want you please to step up and get me my right."
7207	"XXXX and XXXX are reporting me as 30 to 60 days past due on the XXXX account that has a {$0.00} balance and {$0.00} past due. This is harming my score and disqualifying me for a loan. I have disputed this directly with the two bureaus but the coding violation has not been corrected. It is impossible to be late on payments to an account that has a {$0.00} balance and {$0.00} past due amounts."
7208	"XXXX Inquiry Date : XX/XX/XXXX Clothing Store i have never applied at this store for credit and they put a inquiry on my XXXX report. \n\nXXXX XXXX XXXX XXXX date : XX/XX/XXXX bank credit cards i have n't applied for XXXX XXXX XXXXXXXX credit cards they put inquiry on my XXXX report. \n\nXXXX XXXX XXXX : inquiry dates : XX/XX/XXXX, XX/XX/XXXX, XX/XX/XXXX, XX/XX/XXXX, XX/XX/XXXX, XXXX XXXX put 5 different inquiries on 5 different dates on all of my 3 credit burues i have never authorize any of this inquires i have been a victim of fraud before thats why i have so many inquires that does n't belong to me."
7209	"Money was never transmitted to bank nor recipient. Refund not provided to me Terrible customer service.Errors/Conflicting reference number I sent money via MoneyGram online service. on XXXX, 2015. I paid {$210.00}. cash, of which {$9.00} was transaction fee, reference # XXXX ( The Customer service does not have this number matching- I have E receipts and online account ). The money was intended for my mother via XXXX phone number XXXX XXXX XXXX in XXXX. When she went to the designated XXXX bank agent in XXXX, they informed her that the money was never transmitted nor in their System .I called customer care on ( XXXX ) XXXX ( XXXX ) XXXX, Filed online and they have had me with the following reference codes they called back XXXX and XXXX She tried again on XXXX XXXX with the same result. That same day, XXXX XXXX I contacted MoneyGram about the problem and Called XXXX XXXX Customer number # XXXX. They told me that they dont have any money from Money gram to XXXX or they cant help help me even though my receipt shows my name and reference number accurately. Then they transferred me from XXXX person to the next. I spoke with XXXX people that day. The calls lasted over XXXX hours. The last person from opened a case, She said she would give me a call after they investigate. I have never had problem with money gram before but my trust and patience is running out, I used to really recommend money gram but for 3 days my joy of doing transaction with good faith has turned out to be pain -I was sending money for emergency the receiver never got the money, I am even scared using the products right before this ordeal my online account was blocked and I can not even access their Plus account, Today XXXX XXXX 2015 I realized the calls in Customer service are on long wait delay I have been on the phone all day trying to get a refund. I get transferred around and get hung up on, They need to really protect consumers"
7210	"Account XXXX XXXX # XXXX I'm unaware of thud debt and did not have the opportunity to dispute this account. If you sent proper notification, please provide 'Certified Mail ' with receipt displaying my signature. If not, please delete account # XXXX as soon as possible from my report or I will have to take legal action."
7211	"I continue to have issues with Alliant Credit Union that are unique to other creditors. I have an auto loan with them that is on auto deduction each month out of my checking account. My payments have been made on time each month because they are auto deducted. Recently I began receiving emails and call from them saying my payment was past due. I checked my only bank records and the payment has been paid on time each month. When I called Alliant they told me I'm {$110.00} past due because they added auto insurance to my payment which raised my payment higher than the {$300.00} per month so the payment I made was shown as short and not applied correctly. I have auto insurance and have had with XXXX for many years. The policy has never had a gap. Alliant never made me aware of the need for me to provide my updated policy. They added insurance ( even though I have always had coverage ) without my permission and added unauthorized charges to my account. They ask me to call a number and provide proof of insurance when I called them today so I called and gave them proof of coverage with no gaps. I called XXXX today and confirmed that I have had coverage with NO GAPS for several years. I'm attaching proof of coverage"
7212	"Debt collectors are required by the FDCPA to send you a written validation notice with information about the debt theyre trying to collect before reporting this to the credit bureaus. \n\nTransworld failed to do this therefore this account should not be reporting on my credit report. \n\nIn addition, Theres no proof that this debt belongs to me. I have not had any accounts with the original creditor listed under this account. XXXX was unable to provide me with any documentation regarding this so called debt."
7213	"On XXXX XXXX XXXX, my wife and I applied for a loan to remodel our basement room and qtr bath. Greensky approved us for XXXX dollars. we approved the merchant to take the XXXX first installment. On XXXX XXXX I receive a bill from Green sky for the sum of XXXX. The merchant somehow managed to get another XXXX WITHOUT OUR KNOWLEDGE OR CONSENT. We filed a complaint with green sky as to why we never received our alleged \" XXXX '' and as to how the merchant got the sums without our approval. we have had a run around ever since. causing us XXXX monetary requirement for extra appraisals, and green sky hindered the police investigation for weeks before finally approving it, then I am also on my XXXX person handling my case, when I was told a month ago that it was kicked to the top officials for settlement. \nwe have showed by letter, photos, when requested, and documents from others that the merchant never did more than XXXX worth of work before we fired them. he never bought material, and we were left with a clean up bill when they refused to come get their mess the merchant has offered XXXX When in fact he took without permission XXXX dollars. green sky sent us our package XXXX XXXX XXXX XXXX XXXX XXXX it came in my wife 's maiden name. we have been married for 10 yrs. also when we applied for the loan we used or submitted to the merchant our Drivers License. It will be 1 yr now since we applied for our loan, and proceeded to do our basement. We have spent close to a thousand dollars for appraisals, lawyers fees,, Yet Green sky still will not admit it sent the sky pass to the merchant directly. there is no other way the merchant could have gotten the money without scanning the bar code."
7214	"I am filing a complaint against Cash App ( Block , Inc. ) due to inadequate customer service and unfair practices, which violate the Consumer Finance Protection Act ( CFPA ). Specifically, Cash App failed to take timely and effective measures to prevent and address fraud on their platform, leaving my account vulnerable and unprotected. Furthermore, their dispute resolution process was unfair and deceptive, as they did not comply with error resolution requirements under the Electronic Fund Transfer Act ( EFTA ) and Regulation E. These actions have caused significant inconvenience and financial loss, and I seek appropriate redress for these violations."
7215	"I am XXXX years of age and have a student loan amount of {$42000.00} with Navient since XX/XX/XXXX. The loan was transferred to Navient from XXXX. I do not deny that I have a loan, and I am making monthly payments. However, I just noticed that none of my monthly payment amount of {$290.00} is going towards principal. For example, my XX/XX/XXXX payment was made on XX/XX/XXXX in the amount of {$290.00}, and I was aware that there would be a late fee. However, {$280.00} was put towards interest and {$17.00} went towards \" fees, '' and XXXX went towards principal. I have n't had anything paid towards principal since XX/XX/XXXX when I made a larger payment so that more would go towards principal. I contacted Navient and spoke with someone who was obviously from a XXXX country and was told that the interest amount is paid first, then the principal. I tried to explain that nothing went towards principal and she agreed but still said that is the way they apply the payments. At this rate, I will never pay the loan off. This has to be illegal. Even pay-day loans put something towards the principal. I understand that there was a class action lawsuit against Navient, but I was unaware of it at the time. I would appreciate any assistance that you can give me. Please contact me if you need my loan number. I will be more than happy to provide any information you need from me."
7216	"Date : XX/XX/year> Amounts : about XXXX USD in total I was looking for a short-term house rent near XXXX for XXXX. That was when I saw a post on XXXX, and reached out. \nI was in contact on Text and induced to pay to XXXX through PayPal as Friend & Family.\n\nAfter realizing the fraud nature, I pointed it out to him. From his reply, the fraud could be firmly validated. \n\nDetails about transaction and discussion process could be found in attachments."
7217	"I have several accounts with Synchrony and have always had a great payment and usage history. A little over a year ago, my wife and i purchased a home for our family. With a new house, comes increased expense so I have put some expenses on credit cards ; however, I have maintained great payment history. My usage has just gone up. I havent been late on my other credit cards either. Over the last year, despite on time payments, synchrony has continued to lower limits and even close some cards. While I understand they have a business to protect, they do not inform their customers prior to reporting to the XXXX agencies and it just causes a snow ball effect. Synchrony had no problem raising my limits before I purchased a house. They also have no problems sending emails reminding of available credit encouraging me to use my credit, only to punish me when I do. One of the reasons for their actions was Not paid enough on real estate loan. I put 20 % down ( $ XXXX ) and have plenty of equity. I always pay more on my house and usually pay more on my credit cards. My salary has also increased by over 25 % over the last year as well. The credit scoring system is antiquated and appears to be designed to only reward those that are wealthy."
7218	"I am reaching out with serious concerns about multiple unauthorized inquiries on my credit report, which I strongly believe to be fraudulent and possibly tied to identity theft. After carefully reviewing my report, I discovered several inquiries from companies I have never dealt with, nor have I applied for any new credit or authorized these checks. Despite previously disputing these inquiries, they remain on my credit report, which is completely unacceptable. Their presence raises alarming questions about the security of my personal information and the risk of further fraudulent activity. This situation is causing me significant stress and anxiety."
7219	"On XX/XX/year> the entire week weird transactions were going through my bank account when i didnt even have a card because i lost it. Over {$450.00} dollars in funds were transferred to someone without my consent. Fraud is on my bank account and chime declined it. \n\nThere is XXXX transactions to a XXXX XXXXXXXX {$150.00} XX/XX/XXXX {$200.00} XX/XX/XXXX {$100.00} XX/XX/XXXXXXXX XXXX"
7220	"I am filing a complaint about Cash App ( Block , Inc ) due to inadequate customer service and unfair practices, which violate the Consumer Financial Protection Act ( CFPA ). Specifically, Cash App failed to take timely and effective measures to prevent address fraud on their platform, leaving my account vulnerable and unprotected. Furthermore, their dispute resolution process was unfair and deceptive, as they did not comply with error resolution requirements under the Electronic Fund Transfer Act ( EFTA ) and Regulation E. These actions have caused significant inconvenience and financial loss, and I seek appropriate redress for these violations."
7221	"{$24.00} XXXX been charge to my credit card for 1 year, I finally asked my bank about it and they said Experian has been doing this forever and then some. I never signed up for any service and they keep taking money. I have tried numerous times contact them on the phone, but they do not answer. \n\nI figure I already lost the money, but I want the Experian company to be put on notice that they are fraudulently charging money to consumers."
7222	"I hope this letter finds you well. I am writing to address a recent entry on my credit report regarding late payments. I would like to bring to your attention certain circumstances that contributed to these late payments and kindly request their removal from my credit report. XXXX XXXX XXXX XXXX XXXX XXXX XXXX XXXX"
7223	"I am a victim of Wells Fargo Mortgage and should be included in the recent settlement between CFPB and Wells Fargo due to the bank 's \" illegal practices, including ... ... incorrect fees and interest charges. '' However, I never received any notice from Wells Fargo about this settlement. \n\nI submitted a complaint to CFPB on XX/XX/2017 ( case # : XXXX ) but was closed by CFPB without any solution."
7224	"My credit report is showing late payments to HUNTINGTON MORTGAGE CO XXXX Those payments were made on time. I am requesting that the late payment markings be updated to reflect my accurate payment history. If there is any confusion, I suggest you contact myself or HUNTINGTON MORTGAGE 's customer service representative."
7225	"I hope you're doing well. I've run into a bit of a problem. While going through my credit report, I noticed some things that don't seem quite right, and it appears my identity have been stolen online. My nephew, who's studying XXXX XXXX, helped me out by finding a way to check if my XXXX emails were involved in this breach. To my surprise, it turns out that 2 out of 3 of my emails contain a lot of my sensitive and personal information. I want to emphasize that I'm not the one behind these accounts. It would mean a lot to me if you could assist in removing the following from my credit report. these are the accounts : XXXX - XX/XX/XXXX XXXX - XX/XX/XXXX"
7226	"I purchased my home on XX/XX/XXXX and my mortgage was sold from XXXX XXXX XXXX to the company called NewRez. When I purchased my home my full payment was {$720.00} that number includes the Mortgage insurance, homeowners insurance and principal and interest. I received my first letter from NewRez on XX/XX/XXXX stating my first payment due on XX/XX/XXXX would be {$720.00}. I received a second letter from NewRez on XX/XX/XXXX stating the payment due on XX/XX/XXXX would be {$520.00}. When I called to ask why the payment changed no one knew why so I paid the full amount which I knew to be correct of {$720.00} and asked the employee to figure out where the money needed to go so my mortgage and homeowners insurance would be paid. I paid the correct full amount of {$720.00} in XXXX and XXXX and then I received an email from NewRez stating that they ran a mortgage analysis and that because I hadnt be paying enough my payment would be going up starting XX/XX/XXXX to {$760.00} when I talked to a customer service rep from NewRez on XX/XX/XXXX I asked that they redo the mortgage analysis because no one seemed to know where my payment was going I was advised it could take 30 days to redo. When I called on XX/XX/XXXX to get a status update the employee informed me that the request for the analysis redo hadnt been started and that they would start it that day so I paid what I believe to be an incorrect amount in the month on XXXX and XXXX and will probably have to again in XXXX because i cant seem to get anyone who has any idea whats going on with my account or what my payment should be every single time I call."
7227	"Hello, I tried signing up for services with Empower Instant Cash Advance using my smartphone. After several attempts I received another email from Empower on XX/XX/XXXX  informing me that they were unable to connect my bank account and that I would need to fix my account. Well since I was unable to connect my bank account as they put it, I then informed them that I would not be utilizing their service since my bank account could not be connected to their service and I requested the refund of {$8.00} that they deducted from my same bank account on XX/XX/XXXX  which they said they were unable to connect. I sent them an email on XX/XX/XXXX  requesting a refund of {$16.00} because they deducted another {$8.00} from my bank account on XX/XX/XXXX  and they never refunded me the {$8.00} they took from my account on XX/XX/. I did not receive a response from Empower regarding the emails I sent. I sent another follow up email on XX/XX/2023 regarding the {$16.00} that was deducted from my bank account. Then on XX/XX/2023 I sent another email because they had deducted another {$8.00} from my account on XX/XX/2023 which is now a total of {$24.00} they have taken from me. So today when I was talking to a representative at my bank because I was going over some transactions on my account, she informed me that there were 3 more transactions on my account for {$8.00} each from Empower for XX/XX/XXXX  ; XX/XX/ ; and XX/XX/. Now the total amount that Empower has deducted from my bank account is now at {$48.00}. These are unauthorized transactions. Empower has not responded to my emails and they have not refunded any of my money that they deducted from my bank account. I've attached a copy of the emails."
7228	"I Have disputed this several times with my credit bureaus and they refuse to remove. I dont know who the debt collector is. I do not have an account with them and never have. They refuse to provide me with the original contract and my signature as I e requested multiple times over the last XXXX XXXX years. I want this removed immediately from my credit report and my points restored. On top of it, they keep adding charges that are not real to the account and can not provide documentation."
7229	"I represent a Seller in a transaction where the buyer is represented by another real estate firm. The lender, who is Cornerstone Mortgage in XXXX XXXX, owner XXXX XXXX, branch XXXX, XXXX XXXX, has been sending me personally threatening and harassing emails trying to intimidate me. I have requested they refrain from harassing me however it continued after this request. I fear they will try to take retaliatory actions to try and hurt my online reputation or personally try to hurt me."
7230	"I hold a mortgage, 2 checking accounts and a money market with Navy Federal Credit Union. For 3 days NFCU 2 factor authentication has refused to let me into the account. I have tried to verify through the app, e-mail and text message but clearly there system is not working. Given that I have a access number, telephone passcode, a drivers license and multiple other ways to prove my identity this should not be a problem. I have called 7 times spoke to 11 different people none of whom have even attempted to assist. NFCU is engaging in a denial of service and account access to include fraud. Representatives have lied repeatedly, Including one who refused to help because I did not receive a text that she \" sent '' which she obviously malicely lied about sending it in the first place because the agent after her also manually sent a text and that one I got. I ask for a supervisor and never get one, they just hangup when they say hold for transfer. No one will admit this is their problem or even attempt to assist. The agents are rude, and unprofessional, who go out of there way to not help. After trying to resolve this on XXXX XXXX and XXXX it is clear that this is a deliberate act by NFCU. I formally allege NFCU is engaging in fraud by deliberately locking customers out of their accounts and then refusing to assist them. I respectfully ask CFPB to intercede and help bring this to a resolution."
7231	"This starts XX/XX/2022 and its still a ongoing situation I am still have problems with them. When I first made the account I accidentally lied and said I was XXXX program because I thought they wouldnt check and I was just having that bank account to just save my money in there. I didnt think they was going to lock me out of MY account So they they told me to send proof that I was in XXXX  and I found a paper online and sent that to them but that was only to get my funds out the account and have my money back I didnt think they was actually going to be a problem I told them I didnt want to do business with them anymore! But I sent in my ID, my social security card, my birth certificate they think Im fraud I told them IM ME just give me my money. They locked my account because I was cash apping my brother {$10.00} here and {$8.00} here over petty money like its my money they see where my money came from which is my school I just dont understand its been a 4 month situation and they still giving me a hard time they still send me letters of house much money I got in the bank but they act like they dont want to close it 2 ) I have {$2000.00} that I can not access my school sent those funds to me through my financial aid where I am taking a loan out that I will have to pay in a long run.\n\nJust please help me I even told them my mother passed I couldnt even pay for funeral cost I went through a hardship, loss of income, definition of Character. Just please help me!!! Im begging you"
7232	"Was at Bank of America today at XXXX. ( XXXX and XXXX in XXXX XXXX ) We asked our daughter to meet us there as we wanted to add her name to the safe deposit box. We were told that we had to have an appointment to do this. The bank was empty and they said no one was available to help us. The manager could not help us and another worker refused saying she is unable to assist us. WE felt that they simply did not show any interest in us. We are preferred customers at this bank. The bank owes us an apology. The whole process would have taken 15 minutes."
7233	"A scammer was able to access my Coinbase account by SIM swapping my XXXX XXXX  on XX/XX/year>. They illegally wired {$8500.00} from my XXXX XXXX account on XX/XX/year> to my Coinbase account. Then transferred {$8400.00} to a XXXX XXXX XXXX   that was added to my account on XX/XX/year>. This was reported to XXXX XXXX 's and Coinbase 's fraud teams within minutes of it occurring and neither company froze the accounts or took action in a timely fashion. A police report was filed and I notified my fraud insurance, XXXX, who needs to verify that the money taken from Coinbase did not go to me ( it went to the fraudster 's XXXX XXXX  residing on my account ) based on the transfer log. My insurance company is requesting proof that funds did not go to me from my Coinbase account so I will need the full XXXX XXXX account number residing on my account for proof."
7234	"Early termination fee was paid in payments. After debt was paid off, with monthly payments in check form, XXXX XXXX sent me to collections. The debt collections has been asked multiple times to take this off my credit report, they don't acknowledge my attempts at contacting them. They say I never paid XXXX, a copy of the check is attached as well as an additional copy of a check for XXXX cents that I was later billed for. I have filed with XXXX  to have it removed from my credit file, they have also ignored me.I have repeatedly tried to call them without success. Please help. \n\nSequim Asset Solution, XXXX XXXX XXXX XXXX XXXX XXXX XXXX, GA XXXX! XXXX"
7235	"As of XX/XX/2018 my mortgage payments were to be XXXX per recast on hemp program. Instead the are charging XXXX. \n\nI have spoken to ditch each month to correct this, to no aVail. \nThey argue that I am wrong but eventually see the numbers. The next, month same happens. \nI have signed, the docs numerous times but they say there is a missing form. Which I never got"
7236	"XXXX XXXX XXXX XXXX XXXX XXXX XXXX XXXX XXXX XXXX XXXX XXXX XXXX XXXX XXXX XXXX XXXX [ MI ] [ XXXX ] SSN : XXXX XXXX XXXX XXXX DOB : XXXX XXXX XXXX [ all 3 credit bureaus ] Re : Letter to Remove Inaccurate Credit Information To Whom It May Concern : I received a copy of my credit report and found the following item ( s ) to be in error : Account Name : [ XXXX XXXX Account Number : XXXX Reason : [ 7 POTENTIALLY NEGATIVE MONTHS NEED DELETED & ACCOUNT ASAP PLEASE ALSO TRYING TO BUY A HOME. By the provisions of the Fair Credit Reporting Act, I demand that these items be investigated and removed from my report. It is my understanding that you will recheck these items with the creditor who has posted them. Please remove any information that the creditor can not verify. I understand that under 15 U.S.C. Sec. 1681i ( a ), you must complete this reinvestigation within 10 days of receipt of this letter. Please send an updated copy of my credit report to the above address. According to the act, there shall be no charge for this updated report. I also request that you please send notices of corrections to anyone who received my credit report in the past six months. Thank you for your time and help in this matter. Sincerely, [ XXXX XXXX ]"
7237	"Today, an angry woman called me from XXXX, so to speak, with a voice. And I reported that some papers about my case XXXX. \n\nMy XXXX and XXXX cards are in excellent condition. Well, I told them that which documents were verified, which were not, in a rude voice, she informed us that we did not need documents, I'm sorry what? You just said that you can send by email. She said XXXX then no. I asked if I could send a number of other documents. She said yes, you can, I asked her if they still need the documents. She said that we can't identify them. What kind of documents? \nThe most important thing, I think, is payments from a savings account. I sent them an incorrect identification, only one document confirming the payment XX/XX/XXXX XX/XX/XXXX ACH Withdrawal CAPITAL ONE MOBILE XXXX XXXX it was in one statement. but I still have to provide a payment statement for the 2 payments that I will receive. And I will provide them, but you can also assume that these payments are capable. They would have returned as well as 1 payment. I know I don't understand them. Why should I always submit documents this way and wait 7-10. This has already happened to me 7 times or more. Just a text message is whether you are making a purchase or not. I even always overpay them. I do not know what my chance is to use the cards again, but I think 100 %."
7238	"The APR on my Citibank Home Depot store credit card account has increased to 29.99 % even though I have been a card holder for over a decade and pay my credit account payment each month on time or before the due date and pay above the minimum amount due each month. I am a good credit customer yet, I am being penalized with outrageously high interest rates. Based on my monthly statement, if I pay only the minimum payment, it will take 19 YEARS to pay off the balance of ~ {$6000.00}. NINETEEN YEARS!!!!!! If I pay ~ {$50.00} above the minimum payment it will still take 3 years to pay off, paying almost {$3000.00} in interest above the actual balance and assuming no additional charges will be made to the card. \n\nI have called the customer service line on XXXX XXXX XXXX requesting a decrease in my interest rate and the customer service manager stated there is no way to reduce the interest rate they can only increase the rate based on their own arbitrary decisions. The Federal interest rates have decreased, yet the APR on my Citibank Home Depot store credit card is INCREASING. \n\nThe extreme interest rate is absolutely unacceptable."
7239	"Ive sent a couple Cashapp transfers to cashtag profiles of the wrong individual, then become aware, in at least one occasion ; the profile I sent to was a old duplicate or dormant account of the actual person I intended the transfer. So upon recognizing the error, when finding the correct cashtag handles ; I resend transfers, as well as request refunds for the error, but Ive been told that completed transaction cant be refunded! And as previously mentioned Im sure of the wrong recipient XXXX  profiles being obviously activated but without current activity for anyone to receive any transfer sent it. Ive mentioned this to cashapp team but they dont have a clear answer beyond not refunding completed transactions. My concern is if transferred funds are completed into stagnant accounts, and no refund is given, where does those funds end up?"
7240	"All of my funds were locked for a security validation. I have spent 2 weeks trying to submit my ID to this bank and they told me they closed my account and mailed me the check I just called and I was told my account was never closed. THEY ARE STEALING MY MONEY!"
7241	"I have a mortgage with Cross Country Mortgage since XXXX. In XXXX they changed their servers and made it impossible to log in and make payments. I've been trying to get in contact with someone at their XXXX number since XX/XX/XXXX, and nobody is returning my emails or calls. Every time I call, the call center says they've been instructed by Cross Country to not transfer any calls. I've been told they would call me back and they never do. I've been actively trying to pay my mortgage with no luck. Their website doesn't work. When I log in, it loads and then goes back to the login page. I've reset my password several times and still no luck. Happy to provide a video of the error. \n\nIt is now the XXXX, my credit score will officially be impacted by this late payment. Cross Country is the reason for this drop and should be held accountable."
7242	"I was the victim of a phishing scam that led to an unauthorized charge on my Wells Fargo checking account totaling {$590.00}. The scam came through a fake email posing as XXXX, which led me to a fraudulent website that captured my debit card info. I immediately reported the fraud, submitted proof, filed a dispute with Wells Fargo, and even submitted an identity theft report to identitytheft.gov. \n\nDespite doing everything right on my end, Wells Fargo has moved slow and provided no real timeline or resolution. I requested details on how the fraud was approved, who the merchant was, and what steps would be taken to return my stolen funds. Ive been met with delays and generic responses. Thats unacceptable. \n\nI am attaching my ID, screenshots of the phishing activity, and a bank statement proving the loss. I expect this matter to be resolved ASAP. I did not authorize the charge, and I should not have to wait XXXX business days while the scammer runs off with my money. This was clear fraud I want my money back immediately."
7243	"I am writing to formally dispute the alleged debt of {$3500.00} that you claim I owe to your company. I have previously requested, in writing, that you cease all communication with me regarding this matter, yet I continue to receive harassing correspondence from you. \n\nI wish to clarify that I have never done business with Star Mark Financial, nor have I taken out any loans that would result in a balance owed. Your assertion that this debt is associated with a data breach from XXXXXXXX XXXX XXXX  is both alarming and unfounded, as I have not authorized any transactions or agreements with your company. \n\nUnder the Fair Debt Collection Practices Act ( FDCPA ), I have the right to dispute this debt and request verification. I ask that you provide documentation that substantiates your claim, including the original creditor and any relevant account information. \n\nPlease be advised that further attempts to collect on this disputed debt after my previous requests will be considered harassment. I expect your immediate compliance with my request to cease all contact until this matter is resolved. I also would like to add due to the data breach. All information that was collected solely was inaccurately collected, and accurately identified. So now Im seeking help. From the CFPB to make this matter right. \nSincerely, XXXX XXXX XXXX"
7244	"On XX/XX/XXXX I made three chase card payments, six days later I paid all three cards off which were not due until XX/XX/2025. I called and spoke and a person to get the balance owed. I paid my three cards in full on XX/XX/2025. I opened my mail today two of the credit cards have balances due? I called and spoke with someone on XXXX and she said that it was exisusle interest? I paid all cards in full. I would like for chase bank to XXXX balance all my cards. I paid the balances a month in advance. Thanks"
7245	"Issue : Honda Financial Services is attempting to collect {$230.00} for tickets allegedly tied to my vehicle account ( Account XXXX. XXXX, XXXX XXXX XXXX, XXXX ending XXXX ). I have already paid all outstanding tickets years ago. In addition, I have paid my lease off in full and received my vehicle title. Despite this, I received a past due notice from XXXX on XX/XX/XXXX, demanding payment and threatening negative credit reporting. \nProblem : XXXX has not provided the name of the agency, ticket numbers, or dates of these alleged tickets. \nI have requested verification, but no supporting documentation has been provided. \nWithout this information, I can not even confirm which jurisdiction or agency supposedly claims these tickets. \nThis appears to be an attempt to collect a debt without proper documentation, which may violate the Fair Debt Collection Practices Act ( FDCPA ) and the Fair Credit Reporting Act ( FCRA ) if it is reported to credit bureaus."
7246	"Before applying for a card I called to see if I would have instant access once approved. I needed an XXXX XXXX XXXX. I was told YES that I would have instant access via digital wallet with XXXX XXXX, XXXXXXXX XXXX, and she listed 3 more. \nI was approved immediately and no access. After speaking to 4 representatives I was told some people get an email directing them to digital wallet instant access. I asked why not me? No answer. I believe it is all lies to get customers. One representative told me I would have access in 48 hours. Another told me I would have to wait 7 days for the card. Another told me someone would get back to me within 2 days. I believe the representatives are told to lie about instant access to get customers."
7247	"Today on cash app and amount over XXXX was taking out of my account so I called customer support and they claimed my bank withdrew money so I called XXXX XXXX and they said they never withdraw money from cash app so I immediately called cash app back with no resolution only thing that way being repeated was your bank withdrew money with my bank denied"
7248	"A XXXX dollar XXXX transfer was fraudulently made on my Bank of America account. Ive made several claims and never got my money back. Its been several months and the bank is denying the claims. Also Bank of America closed my account."
7249	"I logged in online to send a payment via chase website through XXXX. I attempted to send funds to someone that has had transactions with me before. Chase immediately felt it was suspicious activity, so they text and called me to verify and I regained access. I tried again to do the transaction, and they decided to not allow me access online, and block my whole account. Upon calling, they expected me to go to a branch with 2 forms of ID. I just gave birth, but went anyway. Even after giving the ID 's I'm still blocked! I can't log in or get any access whatsoever into my account. The bank is holding my funds hostage with no idea when they will release my money!"
7250	"On XXXX/XXXX/15 I received an email that my account was overdrawn. When I opened up my account, I had XXXX {$36.00} overdraft fees. I immediately started reviewing the account and could not find where it was overdrawn. I contacted PNC Bank to inquire about the fees. In the chat with the representative XXXX, it was stated that the check I deposited was n't cleared until XX/XX/XXXX. On the online tool that they provide it clearly states that my check was cleared on XX/XX/XXXX and all of the transactions were posted after the check was cleared. The representative said that the check was not cleared until XX/XX/XXXX. PNC bank provides this tool for consumers to to keep track of their spending, but are now telling me that it is not accurate. I have attached a copy of my transcript, a screenshot of the transactions which do not show my account in the negative, and a previous overdraft which does show my account in the negative. If the tool is inaccurate, then it should not be made available to the consumers."
7251	"Subject - Amex not honoring the {$0.00} intro fee for first year written on their website when I applied for their blue cash preferred credit card. \n\nI applied for Amex personal credit Card XXXX XXXX XXXX XXXX  ) through my corporate Credit card Account benefits page on XX/XX/XXXX. Here are the steps I followed XXXX. I logged into my corporate card Account XXXX. Clicked on Benefits and selected \" Personal Card Annual Credit '' XXXX. I reviewed different cards. \nXXXX. Checked Rates and fee on Blue Cash Preferred card and saw the note \" {$0.00} intro annual fee for the first year, then {$95.00} '' beside Annual Membership Fee XXXX. Then clicked on \" Get Started '' and completed the application for XXXX XXXX XXXX  Personal card. \n\nWebsite Link of the rates and fee page I am referring : XXXX XXXX XXXX XXXX  FeeTable After the First month, I was charged {$95.00} annual fee on XX/XX/XXXX. \nI reached out to Customer Service about the discrepancy but I was told that they don't see such offer. \n\nOn XX/XX/XXXX, I chatted with customer service and provided the exact Amex Website Page and the exact text I am referring. But, the customer service are saying that they have checked my application process and they don't see the offer. \nThey are not able to answer why the website says \" {$0.00} intro annual fee for the first year, then {$95.00} '' if they don't have any such offer."
7252	"I have a few accounts on my credit reports that belong to a company and not me personally as an employee. Seems the reporting Agency is reporting them to my personal credit report as a charge off. These loans never showed up on my credit before but now a charge off is there after years. \n\nI seem to also have a XXXX account and a couple XXXX  XXXX credit cards that I never opened or knew about. I think they were opened by my dad who I havent seen since 1983 when he left me at XXXX years old to never see him again. He has the same name as I do. \n\nLastly I have a XXXX utility bill That was in my Exs name. Even though I didnt live at the home with her while the costs were ran up The utility says since she listed me as there it means I am responseable for it"
7253	"Portfolio recovery is trying to collect {$470.00} with me. \nThey reported on my XXXX credit report that I owe their {$470.00}. \nI never open account with them, and I don't have any debts. \nXXXX They refused to listen and want collect money from me. \nI am working hard to get my money and I can't spend it for scammers."
7254	"XX/XX/XXXX I was notified of a fraudulent charge of XXXX dollars this was blocked. And I noticed 3 more charges of XXXX XXXX XXXX Appeared on the card. All were made without authorization or the use of my card."
7255	"Last XXXX my daughter was taken to XXXX XXXX  XXXX. She was an out patient. At the time of Service she received XXXX XXXX XXXX  which is essentially XXXX. I received a letter through XXXX  XXXX Saying that they approved and would Cover 100 % of her treatment. Now I am receiving bills from XXXXReceivable Solutions. If a bill is owed then that means someone didn't do their job. Not that I neglected to pay. I have communicated this multiple times. Not only did she have XXXX but she also started receiving XXXX half way through her treatment there which was reported to them but according to XXXX, XXXX  never filed a claim. I am officially disputing the debt on the grounds that It is not My fault if XXXX employees didn't do their job. I do not owe this debt. If they didn't get payment they need to take it up with the insurance companies. I also have charity through other hospitals. I have provided that as well below. I would think if I qualify through one I would qualify through the others. I have attached however the copy of the XXXX insurance cards and proof that a claim was never filed by XXXX. I will once again reiterate that I gave them the information while she was still in treatment. the made copies of the card but they told me that XXXX   XXXX approved the treatment all the way through. XXXX XXXX also confirmed it."
7256	"XXXX XXXX XXXXXXXX sent me a summons to appear in court for surge credit card which was in the amount of XXXX dollars I paid that off and it still shows on my credit report as a collection it was paid off in XX/XX/year> fix this please Im not sure who purchased it I think it was prime investments llc I think Im not positive but they can tell you"
7257	"I have 2 loans ( 1 subsidized & 1 not ) totaling approximately {$50000.00} with Goal but served by AES. The loan started in XX/XX/XXXX with a fixed rate of 6.625 % and 25 year term. For approximately the past 13 years I have been paying a {$300.00} monthly payment calculated and approved by the lender.\n\nIn XX/XX/XXXX, the lender increased my monthly payment by approximately 40 % to {$500.00}. I was advised that the lender miscalculated the monthly payment. These loans have never been in deferment or forbearance. Additionally, I have been paying primarily interest only on the balance that has barely decreased."
7258	"Purchased a used vehicle from XXXX XXXX XXXX. During the purchasing process they coerced me into purchasing multiple warranties stating that they were mandatory. 3 months later I decided to sell the vehicle back to the same dealership. During the negotiation process I specifically requested prorated refunds for ALL of my warranties and they agreed to that. After I completed the paperwork and made the final payments, they told me that they were not going to pay me 2 of the 3 warranties ( ~ {$2000.00} ). They stated that the warranties were mandatory, one time payments and non transferable. After combing through the fine print I can confirm that they were not mandatory and they are transferable. I have tried to resolve the issue multiple times. Its been a month and I have yet to received any of the XXXX warranties. Since I walked out the door a month ago, I havent been able to get in contact with anybody from the dealership."
7259	"I am writing to formally express my concern regarding a recent credit application decision by PenFed Credit Union. I applied for a credit card with your institution and, as part of the process, you conducted a hard inquiry on my credit report. Despite maintaining a credit score above XXXX, my application was denied. This outcome is both unexpected and concerning given my strong credit profile. What is particularly troubling is that I was informed that reconsideration is not available. As a result, I have incurred a hard inquiry on my credit reportnegatively impacting my scorewithout any meaningful opportunity to provide additional information, clarify potential issues, or have my application reviewed further. I respectfully request the following : A detailed explanation of the specific reasons for my denial Clarification on the criteria used in evaluating my application Confirmation that all information used in your decision was accurate and complete Additionally, I ask that you review whether this inquiry was conducted appropriately, given the lack of reconsideration options and transparency in the decision-making process. I value fairness and transparency in lending practices, and I hope you will take this opportunity to address my concerns promptly."
7260	"On XX/XX/year> Cashapp closed my account without giving me a reason other than a blanket statement that I violated policy. However they could not tell me how I violated policy and despite the notice of closure stating I could contact support to appeal the decision, the support team had no idea how to assist with said appeal."
7261	"I opened a Chase credit card on our around XX/XX/XXXX. They advertised a good deal on balance transfers and said the transfer would take 5-7 days. I tried contacting them via their website and was told the transaction was \" pending. '' I called them on XX/XX/XXXX and was told the transaction would go through \" XXXX XXXX XXXX. '' It did not. I called again on XX/XX/XXXX and was told the transaction would \" go through XXXX. '' It did not. I have since contacted Chase to cancel the account. I resent being lied to."
7262	"My aaccount was closed on XX/XX/XXXX. On XX/XX/XXXX XXXX explained by email that after after review remaining funds would be mailed to me. XX/XX/XXXX i emailed for an update on my funds. XX/XX/XXXX XXXX emailed and confirmed my account was now closed and XXXX checks would be mailed to me. XX/XX/XXXX i inquired about said checks. XX/XX/XXXX XXXX emailed confirming that XXXX checks were issued on XX/XX/XXXX for {$2100.00} and {$5.00}. XX/XX/XXXX i informed i had not recieved said checks. XX/XX/XXXX XXXX emailed confirming he will begin the process of reissuing and update me as soon as possible. XX/XX/XXXX XXXX confirmed he requested reissuance. And thanked me for my patience. XX/XX/XXXX i requested an update on checks. No response. XX/XX/XXXX i informed i would be filling complaint."
7263	"My issue goes back to XX/XX/XXXX. I have made payments and if you look you can see how I was creditied the payment then they charged back the payments at vaious different occassions. All my payments have always been by phone only. I do not make them online ever. I now have a judgement placed against me but never received anything stating this was going to happen. The 2 amounts in question that have been recurring credits and charges are {$620.00} and {$1800.00}. The first payment of {$1800.00} was paid by phone on XX/XX/XXXX. The next payment in the issue was from XX/XX/XXXX {$620.00}. There have been credits and charges showing the payment sections for these 2 amounts. I am not sure how this happened in their system but I don't owe anything. I did speak to someone at Syncrony in XXXX or XXXX of XXXX to set up a dispute about this. It was never addressed by them. Everytime I have called the company I just get transferred from person to person and then get convenienty disconnected. I filed a cliam with the XXXX  which I will attach to the complaint with all credit card statements also."
7264	"I bank with Chime Banking and on XX/XX/year> at XXXX pm somone hacked my bank account and spent XXXX on XXXX from XXXX, XXXX. i disputed the charge XXXX  times and sent them proof of it not coming out of my XXXX account and also the police report i filed with them. They wont give me the money back that someone stole. i have talked to the bank XXXX  times each time they reopen the dispute and say they are sending me the papers on why the last dispute was rejected."
7265	"I've consistently made sure that payments on this account are made on time, preventing them from becoming overdue. I am uncertain about the reasons for reports of late payment remarks on my accounts. According to 15 USC 1666b - Billing Error, corrections should be made."
7266	"On XX/XX/XXXX, I sent {$900.00} to a recipient in XXXXXXXX XXXX On XX/XX/XXXX, I canceled the {$900.00} transaction through the XXXXXXXX XXXX and received an email stating that I would receive a refund of {$900.00} back to my debt card within five business days. On XX/XX/XXXX, I had not received any refund from XXXX  so I called their customer service number. After speaking with a rep, I was informed that they needed proof that I had not received the refund into my bank account. So I sent the XXXX  copies of my bank statement showing that I have not received a refund from them. As of today, I still have not received the {$900.00} refund from XXXX. And they have stated that they released the funds to my bank account and theres nothing else that they can do to assist me. Again, I have not received ANY money from XXXX. This has been very frustrating and they have done nothing to assist, even though they know they should refund the money and I received an email on XX/XX/XXXX from a XXXX  supervisor stating exactly that. Any assistance with this would be greatly appreciate it and others should know of XXXX terrible customer service."
7267	"I did not find a category that accurately matches my complaint. \nI discovered today that there is a collection on my credit report for XXXX dollars from LJ Ross associates, account number XXXX. \nI never received any letters, notices or phone calls about this matter until I saw it on the collection report. It turns out it is an electricity bill for a property I don't even own anymore. \nI paid this debt immediately, without even knowing if it is my debt or not ( as mentioned, I received no documents whatsoever ). \nI was told by the representative that they will put in a request for removal from my credit report, however I have not received so far any document confirming that. \nI was also informed that it may take up to 30 days for the information to come off my credit report. \nThis significantly affects me since I am in the process of buying a home. \nI think this collection agency failed to do their job appropriately by not providing me with any notice whatsoever prior to reporting this debt to the credit bureau. Had they done that this matter would have been resolve a long time ago, I didn't even know this debt existed."
7268	"Capital one cant just freeze the funds from the account stating that the account is under investigation because they couldnt verify that my phone number is under my name, which it is, I have a plan with XXXX under my name and my mom and spouse are there, but Im the account primary holder. Days passed by and they are not resolving anything or even transferring the money back to the checking account I transferred from, from the same bank, and an account I have for over a year now I guess. How they are making their decisions to investigate its for kids"
7269	"I reported a case of fraud resulting from an XXXX XXXX XXXX XXXX delivered to my home. I reported it to the company and was instructed to send the phone back which I did. I received numerous demands for payment for phone I did not purchase, create the account etc. I filed a report and was informed the case was now closed. I recently received a demand for payment from a collection agency after months of assuming everything was rectified. The letter was from XXXX XXXX XXXX listing XXXX XXXX as the creditor. This started in XXXX of XXXX I believe and was resolved in XX/XX/XXXX. Any assistance in the resolution of this matter would be greatly appreciated."
7270	"This is my follow-up request that I have been a victim of identity theft and that no one seems to care, that I want to dispute specific records in my credit file that do not belong to me, or that I have signed any agreement. The items I'm challenging have nothing to do with any transactions I've done or authorized to gain products, services, or money. Please remove the following : XXXX XXXX  XXXX Balance : {$0.00} ; XXXX XXXX Balance : {$0.00} ; XXXX  XXXX XX/XX/2022 ; XXXX XXXX XX/XX/2022 ; XXXX XX/XX/2022 ; XXXX XXXX XXXX XX/XX/2022"
7271	"Hi, On XX/XX/XXXX, at around XXXX, I logged in to online with AmWest , like I have been doing it since XX/XX/XXXX, when I got my mortgage loan with AmWest , to make my regular monthly mortgage payments. I was in XXXX XXXX with family. When I was making the payment on that day, their website was taking a long time to give confirmation of the payment. I tried few times and the last try, gave me, thank you for the payment screen, like it always does. Since I have been making the payment the same way since XX/XX/XXXX, I thought that everything went through. When I came back to XXXX, I received a letter from AmWest on XX/XX/XXXXXXXX   informing me that I am 30 days delinquent and 30 days late was report to all 3 credit reporting agencies. I called to see what happened to the payment that I made, and I was told that they don't see the payment in their system. I explained that I have never made any late payment to any of my creditors, and I made the payment the same way I have been doing it since the day I got this loan. I was told that I need to provide payment screen confirmation. I explained that I don't know how to retrieve that information. I have never kept that confirmation because my payments were always made the same way and there was never a need for it. \nI don't know if AmWest was having any issues with their system at that time, but it is not fare to me to have any negative reporting for something that I have never done before.\n\nAll I want is to be able to have that one time 30 days reporting removed from all credit reporting agencies since it was not my fault. Thanks!"
7272	"I recieved 5 fraudulent charges on XX/XX/year> to my venmo account for XXXX dollars each. I filed a dispute with XXXX  and was denied because I had previously funded a XXXX  account and they said this was grounds to deny my claim"
7273	"Claim XXXX XXXX XXXXXXXX As you are aware, I fXXXX XXXX to identity theft, a distressing experience that compelled me to file a police report. Subsequently, I submitted this report along with my XXXX XXXXXXXX XXXX XXXX Bank of America, as requested, to substantiate my claim of fraudulent activity on my account. Despite my efforts to provide all necessary documentation, I have been met with continuous denials, leaving me in a state of disbelief and financial hardship. Bank of America NEVER sent me sufficient information or documents on why they continuously deny my claim. \n\nI am currently undergoing my third reevaluation process with Bank of America, during which I have provided all the relevant support documents. Regrettably, each time I have been denied the rightful refund of my hard-earned money. This situation has not only left me financially strained but also humiliated and dejected. \n\nI would like to emphasize that every transaction totaling XXXX  on my account was unauthorized and made without my consent or knowledge. It is disheartening that my appeals continue to fall on deaf ears. I had placed my trust in Bank of America to safeguard my financial assets, and it is disconcerting to feel like the bank is, in essence, robbing me of both my dignity and my money."
7274	"XXXX XXXX XXXX is violation of 15 U.S Code 1681i ( 5 ) ( B ) ( ii ) ( iii ). These items was deleted and you reinserted them without notifying me XXXX business days after and certifying that the items was validated properly. \n\nand failure to respond in 30 days FCRA Under 15 U.S. Code 1681b Permissible purposes of consumer reports I never gave you any written consent to XXXX & XXXX to report anything on my consumer report."
7275	"This CFPB complaint has been filed to request pursuant to FCRA 605B ( 15. U. S. C.\n\n1681c2 ) that you, the TransUnion credit reporting agencys block the information appearing on my consumer credit report that is the result of identity theft, and fraud within four business days of you receiving this complaint. This fraudulent, inaccurateand false information consist of personal credit card accounts, auto loans, personal loansand open end unsecured consumer accounts as follows : ACCOUNTS : XXXX XXXX XXXX- Account Number : XXXX, Date Opened : XXXX, Balance : {$11000.00} XXXX XXXX XXXX- Account Number : XXXX, Date Opened : XXXX, Balance : {$2700.00XXXX XXXX XXXX XXXX- Account Number : XXXX, Date Opened : XXXX, Balance : {$1100.00} XXXX XXXX  - Account Number : XXXX, Date Opened : XXXX, Balance : {$4600.00} XXXX XXXX - Account XXXX : XXXX, Date Opened : XXXX, Balance : {$0.00} These accounts have resulted in several fraudulent hard inquiries and fraudulent collections appearing on my consumer FICO credit report. Ive attached a list of the hard inquiries in question as well as a copy of the consumer FICO credit report maintained by you which shows the said fraudulent items. I do not recognize these accounts, collections and hard inquiries as reported. The aforementioned accounts, collections and hard inquiries appearing on my consumer credit report maintained by you were not opened, made or initiated by me. \nAll of the said accounts, collections and hard inquiries are a result of identity theft, and fraud. I have attached a copy of the FTC identity theft criminal complaint case number XXXX, XXXX as proof from the US federal trade commission that all of the aforementioned, consumer credit accounts, collections and hard inquiries are in fact a result of identity, theft, and fraud."
7276	"I am writing to formally express my concerns regarding Zelle 's handling of disputes, particularly in light of the recent CFPB lawsuit highlighting significant issues with the platform. Despite using Zelle numerous times and reporting discrepancies, my financial institution and Zelle failed to investigate my claims adequately. They informed me that recovering lost funds was impossible and that tracking these transactions was unfeasible. The CFPS 's findings indicate that Zelle has not only neglected to protect consumers but has also allowed repeat offenders to exploit the system, leaving users vulnerable to scams. This lack of accountability and transparency is unacceptable and raises serious concerns about consumer safety."
7277	"I was targeted by a bank impersonation scam after losing my wallet. Someone contacted me claiming to be with my banks fraud department and said my identity was stolen. They instructed me to withdraw a large sum of money, place it in a sealed envelope, and have it collected by a courier as part of a confidential investigation. Under pressure, I withdrew the funds and complied, thinking I was assisting the bank. \n\nLater, I realized this was a scam. When I reported it, the bank told me they couldnt help because the withdrawal was voluntary. However, the withdrawal was coerced through deception. I request the CFPB to assist in compelling the bank to investigate this as fraud and reimburse the coerced withdrawal under consumer protection regulations."
7278	"On XX/XX/XXXX I changed my car Insurance from XXXX XXXX, policy XXXX. XXXX to XXXX XXXX, policy XXXX. XXXX. Later XXXX XXXX send me invoice for {$140.00} and said that if I had insurance before cancellation date with them which was XX/XX/XXXX, they will review and cancel their demand. Despite of sending them my new insurance info, they didn't care and forward my debt to R.M.S. Collection agency. On my phone call with R.M.S. on XX/XX/XXXX, and faxing them the document showing I have insurance before XX/XX/XXXX, the report it to XXXX XXXX. \nDespite of sending copy of all docs and letter explaining the fact, they didn't care about my demand to Delete it from my report. \n\nI now demand that XXXX XXXX review my documents and delete it from my report. \nThanks, XXXX XXXX"
7279	"Fraudulent transaction occurred on my Kohls account form around {$250.00}. I called XX/XX/21 to report this information. The card was closed and I eventually received the credit, however it has been almost 6 weeks and I am still without a card. Every-time I call, they inform me that it has been cancelled and a replacement card has been sent. This has happened 3 pr 4 times. No one can tell my why It keeps getting cancelled or by who. It is not by me and I have informed them of this. It makes me VERY nervous to know what is happening w my information and why I can't get a card sent to me for my replacement. I asked one representative to close the account, because at this point I am unsure of how to protect my information. She told me I could not because there is a balance which is incorrect. They say they can't overnight a card, nor tell me what is happening w my information. This is terrible business and fraud."
7280	"TRANSUNION continues to furnish an account on my credit profile that was previously deleted. Its not mine. And according to the FCRA a consumer has a right to privacy and nothing shall be furnished without my written consent. Also 18 USC 8 says all debts are the obligation of the United STATES. I did not consent to, authorize, nor benefit from this account. \n\n1. XXXX  XXXX XXXX"
7281	"I have always paid my property tax on my own. It has never been escrowed into my monthly mortgage payments that are on auto pay. This month I noticed that the mortgage servicing company took out almost {$13000.00} out of my bank account because they decided arbitrarily on their own, without my authorization to pay my property tax on my behalf. The issue is that I have already paid my property tax and it has now doubled up. I was on the phone with them for over one hour trying to figure out who authorized this in the company and why this was done. I was constantly transferred from person to person and lied to, and when I finally asked to see any kind of proof or documentation that shows that I, personally asked for them to escrow my property tax, they were unable to provide it. They made all sorts of excuses and said that I have to call the tax controller and get refunded the duplicate payment. They also said that they would refuse to not escrow my property tax. This has increased my monthly payment in a very drastic way. The tax controller is saying that the mortgage servicing company is the company that made the duplicate payment, not me. They will not send me the payment and the mortgage company refuses to help even though they made this egregious error."
7282	"I AM FROM NEW YORK STATE On XXXX/XXXX/XXXX Ive reached out to someone XXXX XXXX sell my portion of bitcoin to. I found this person via XXXX. After talking through text for a few hours, we agreed upon $ XXXX For XXXX XXXX, the {$340.00} was to be paid by him via the cash app. \n\nThis scammers number was a voip number. \n\nInitially I sent a small amount of BTC to him and he sent money via cash app. I figured it was okay to continue the rest of the transaction. \n\nSent XXXX to him and that was it, i called texted and received zero response. \n\nFrustrated his has happened, I went back to the original XXXX ad. Instead of texting the number on the ad, I emailed instead asking to buy XXXX BTC in cash The original XXXX ad was set to XXXX, PA. I received an email response a few hours later from XXXX XXXX  asking if I was from California. I told him yes and began chatting on where to meet up to make the sale. \n\nI learned he is in XXXX, Ca, so I called the XXXX police department and explained to them what happened. A detective will be calling me back on a weekday to talk further. The officer I spoke to said its most likely can set up a sting to catch him. \n\nI have tried to call Coinbase but the dont have an actual phone number. \n\nI have called XXXX cash card and explained to them what happened, asking for the phone number of the person that scammed me. 10 days until they respond. \n\nI have records of all texts, transactions with numbers, his voip number, original XXXX ad as well as bitcoin wallet addresses I was giving by him. \n\nThis is the original XXXX ad XXXX : XXXX"
7283	"I have just today received the attached letter today dated XXXX stating that Chase has validated selling my home on XXXX XXXX, XXXX without any mention that this fake account has many illegal issues including XXXX XXXX involvement their Own Account Number as shown on my credit reports dating way far back is # XXXX. This is not only an Unvalid foreclosure sale but also a fraudulent attempt to steal my home of 33 yrs. Also there has never been a mention of my putting down near XXXX in XXXX of XXXX as well as payments based on Estimates which in themselves are illegal. In XXXX of XXXX my document expert proved within her 183 5B Affidavit to not only be photocopied but also forged Both Mortgage And Promissory Note documents. There are many different versions of both of these fake documents within the CFPB files of my complaints. This 1099-A is just another situation of tax evasion of an illegal sale. I the homeowner am not the profiteer but JP Morgan Chase Bank and whomever claims to own my home. I have not as yet received anything in the usps mail telling me of this sale or transfer of my home title which again is all fraud. This 1099-A is TAX EVASION by Chase. I will once again be contacting the IRS in regards of this criminal act!! as I did in XXXX when the last 1099-A was illegally stated and Rescinded!!! XXXX XXXX will also be receiving a problem with this illegal attempt XXXX time to sell my home with photocopied forged documents. THIS IS FULL BLOWN CONSPIRACY FOR PROFIT IN MY BELIEFS AND EVIDENCES WITHIN CHASE/XXXX XXXX CRIMINAL ACTS AGAINST ME. I am XXXX yrs old, XXXX, indigent with only a high school education being targetted by this insanely criminal maniac for profit by trying to illegally steal my home. This fake account was removed from my credit report on XXXX which is no more due to fraud!! please see attached credit report page showing XXXX XXXX and date of account removal. It was removed before this illegal foreclosure sale in XXXX of XXXX!!"
7284	"I am writing to dispute an account that was opened without my knowledge or consent. i recently became aware of this unauthorized account, which I believe was fraudulently opened at the XXXX XXXX theme park. I did open this account and have never entered into any agreement with your company. This appears to be a case of identity theft"
7285	"I was informed by my job that I was being garnished by XXXX XXXX XXXX Managing Attorney. I sent a certified letter. dispute letter. \nI am requesting more information on this debt. The debt collector informed me that he has no more information beside a bill from 2016, which this doesnt show this belong to me. Therefore the garnishment.need to stop until more information shows this debt belonging to me. Paper work was severed to the wrong house in the XXXX XXXX, which do not the belong to me. We have two account number that I am disputing XXXX - account XXXX in the amount of {$1600.00}. \nXXXX  account. Number XXXX {$8800.00},"
7286	"I am submitting to address a pressing issue concerning my recent credit report. Despite my efforts, unauthorized credit inquiries persist, indicating a potential compromise of my credit under your bureau 's watch. Even after attaching FTC report # XXXX these inquiries remain unaddressed. I have previously contacted the companies listed below, requesting the removal of these unauthorized inquiries from their records and all credit reporting agencies. They assured me of their compliance, and each company received a certified letter indicating the inquiries were unauthorized. I demand the immediate deletion of the unauthorized inquiries listed below. This compliant addresses several unauthorized hard credit inquiries on my credit report, with THREE ( 3 ) inquiries still present. Enclosed is my new FTC report, number XXXX, for your reference. I am deeply disappointed by your inaction. When will EQUIFAX remove these erroneous hard inquiries from my credit file? My requests have been ignored for months. Please cease the delay tactics and remove the following inquiries : XXXX. XXXX XX/XX/year> XXXX. XXXX XX/XX/year> XXXX. XXXX XX/XX/year>. According to the Fair Credit Reporting Act Section 605B ( a ), you are required to remove items opened without my knowledge, consent, or authority within four business days, given ( 1 ) appropriate proof of my identity; ( 2 ) a copy of an identity theft report ; ( 3 ) identification of such information by me; and ( 4 ) a statement from me that the information is not related to any transaction by me. This compliant serves as a formal notice that if these inquiries are not removed from my report, I will proceed with legal action. My attorney is aware of my intentions and is prepared to hold you accountable for noncompliance. This is my final warning. Please remove the inquiries resulting from erroneous credit reporting."
7287	"I have a leased vehicle with Ally Finances. I received a notifier a couple of weeks ago showing that my credit score has dropped by XXXX points. I check to see what was the issue and found out that alloy basically reported that I was not making car payments. I called Ally only to be in form that the car that my ex-wife has hasnt been paid on and a Extension had been added to the vehicle. So I asked him why wasnt I notified that the car payment was late and about the extension. He stated that they notified me. I requested all of the contact information they had which was all wrong my address was wrong the email address on file was wrong and also the telephone number was wrong. They also informed me that a extension had been accepted for the vehicle payments which I did not Request or Give consent to. They informed me That I would be responsible for the extension payment of 500+dollars. I explained to them that I dont see how I would be XXXX responsible for something that I didnt request nor did I give consent to nor was I contacted. Upon a father conversation with them I found out that they allow an unauthorized person to change all the contact information associated with my account and also allowed them to make unauthorized decisions on my account. So I explain to them that all of the contact information they had was wrong I was told two different stories the first customer service rep told me that no one could make changes to my account unless they have the account number and I told him no had access to the loan info because it locked in my truck. The customer service supervisor told me that someone could make changes to my account if they know the last four numbers of my social my name and address or just the account number. They had been sending the bill statement to the wrong address with the account number on it. So I was told two different stories. To make a long story short they expect me to pay all these fees that I didnt authorize."
7288	"Im a member with Chime bank and have been a victim of fraudulent activity. On Friday XX/XX/2022 there were 2 ATM withdrawals from my account for {$400.00} and {$120.00}, I called the bank immediately and told me they werent able to do anything at the moment due to the transactions still pending which made no sense because the funds were stolen from my account! I asked how could this happen and one representative even said scammers are duplicating cards ( an issue they seem to be aware of ) I asked what have they been doing to prevent these situations and no one was able to give me a clear understanding of how they process this all I was told was to open my dispute for them to investigate after the transactions have settled. Comes Sunday XX/XX/2022 and I open a dispute as soon as the transactions settled, a few hours later I receive an email saying my case was closed because they saw no error and came to the conclusion that the transactions were authorized, so I give them a call to state I did not agree and that something needed to be done because I was at work when these transactions were made, I did not authorize them, and I had possession of my card the whole time so how was this possible? I told them I had proof of being at work in the clock while this happened and I even sent an email of my time card. According to the representative this case is being re-investigated but honestly I dont trust or believe that. The whole company should be under investigation there is no reason why my money was easily stolen from an account I believed would be safe and secure. This is really devastating and very frustrating I hope no one else goes through this and if you bank with Chime its best you just close your account. Clearly they arent a competent bank."
7289	"I am writing to get relief for harassment by PNC bank ( Heloc division ) ongoing since XX/XX/XXXX. I have been struggling to work with PNC and have been complaining about this issue for more than a year. \n\nI applied Home equity line of credit with PNC loan XXXX ( XXXX XXXX ) in XX/XX/XXXX. Purpose of applying for heloc was to get a credit line for any future investments/repairs needed for my house. I had made very clear to the loan XXXX several times over phone discussions that I just needed the approval and no money disbursement at the time of approval. \n\nAfter few months heloc was approved ( Account XXXX : XXXX ) for amount of {$260000.00} and money was transferred to newly opened PNC checking account without my consent and knowledge. As I never wanted the disbursement of the money, I transferred the entire amount from PNC checking account back to HELOC account in XXXX installments of $ XXXX and $ XXXX. PNC doesnt allow transfer for more than {$99000.00}, thats the reason for XXXX different transfers. \n\nLater I figured out that PNC has charged me interest on the amount which I have been disputing ( and escalating ) since XX/XX/XXXX. \nPNC did not co-operate and sent my account for collections and later closed the HELOC line and reported to credit bureaus damaging my credit history. The amount disbursed never left my PNC checking account and was transferred against my knowledge and agreements. Please see snippet of all PNC hello transactions below. \n\nSo far, I have worked with following PNC officials to get the issue resolved with no luck. \n\nXXXX : XXXX XXXX : XXXX XXXX XXXX XXXXXXXX client relations ) : XXXX Escalation Issue # : XXXX XXXX XXXX I am requesting your help to instruct PNC for the following : XXXX. Cancel/Waive the outstanding balance on the closed heloc line XXXX. Remove the property XXXX from the title of my house XXXX. Work with credit bureau to fix my credit history"
7290	"Last year, my money from cashapp was hacked and stolen from my account. For the longest time I couldn't find a number to call cash app support about my issue. When I finally found customer support they would not assist me and XXXX was taken from me I also made a police report regarding this issue."
7291	"Car was purchased in XXXX and reporting that it was purchased in XXXX. I did not know until XXXX that the car was purchased in my name until my relative who did it passed away. I have called and mailed the police report and filled out so many affidavits to prove this isnt my debt. The car was repossessed in XXXX and is still reporting late payments to this day. Every time I call Chrysler Capital they send me a identity theft package. Its all the correct info birthday and social number so they cant help me. The payment was XXXX dollars and the only income they had was a social security check. It should not have been approved. They also told me all documents were signed online."
7292	"b\"So i got scammed on XXXX XXXX XXXX the person who scammed me threatened that i was going to get banned if i didn't go to another guy Mimicking Customer support. Later in the Conversation he had me use a money transfer website called Western Union and had me send him XXXX$ XXXX . I tried Disputing the transaction with my bank XXXX XXXX and they said they I have to talk to the merchant and request the money back so i contacted Western Union and told them what happened and they looked into it and said they won't help me and that I have to go to the bank to get it disputed so the two are sending me in circles.\\n\\nThe tracking number for the transaction for Western Union is XXXX XXXX XXXX"
7293	"American express closed my credit card account. I found this out today logging online while the card shows it is valid tillXX/XX/XXXX. This card was booked in XX/XX/XXXX I have a XXXX   fico  and never had credit issues but AMEX for whatever reason gave me a student line and never bothered to increase it. While there is no denying that AMEX card is the least preferred in my wallet as I never know if I would get declined for my purchases, I am not happy that they terminated the card without an email or a call explaining why they are closing this account. I would need help to re-instate this card."
7294	"Ocwen does not have any ideas about mortgage loans, they have informed me that I am negative XXXX in my escrow account, and this is incorrect. \nI have also been told that my account is in the bankrupcty department and no one has active bankrupcty that is on the mortgage account, I have asked this department on several occassions to remove my account from the bankruptcy department and to date have not been removed from that department."
7295	"I am writing you as a last resort to attempt to settle a debt with your company.  Over fifteen years ago I received XXXX preapproved business credit cards XXXX  I was under the impression at the time that these cards were business cards and that the business was responsible for paying the accounts.  We maintained the accounts for 15 years, even during the lean recession years when our operating credit line was yanked out from under us from BBVACompass.  The business was forced to liquidate, but we continued to pay our accounts.  \n\nIn XX/XX/2013, my mother was XXXX and I immediately began to care for my mother XXXX  At the same time I was attempting to XXXX prepare XXXX tax returns, manage my home finances and my mother's finances.  It was also during this vulnerable time that XXXX employees took advantage of the fact I was frequently out of the office and embezzled XXXX from the company.  They were subsequently charged and we are still awaiting trial two years later.  \n\nI left XXXX the company XXXX when the cards were issued, in XX/XX/2013.  Due to the theft, the business was forced to contract and could no longer afford my salary.  I have since learned that XXXX did not take care of the debt and I have been sued by an attorney in XXXX Alabama.  While I am currently employed XXXX, my salary has been cut severely and my savings depleted as I had to care for my mother until she died in XX/XX/2013  \n\nThe attorney that Capital One assignment the business account to has sued me personally for the debt of XXXX plus and indicates that it is a means to put pressure on me to pay the debt since the company is no insolvent.  Their exact words \"if you don't lose your job, pay the bill and avoid the garnishment.\""
7296	"Called customer service to have checking account closed and was told that I would need to withdraw the money I have in the account first. I tried to withdraw the balance via bank transfer however the required phone verification keeps erroring out with an \" application error ''. I've requested the remaining balance to be sent as a check to my address on file which is usually the standard process when closing accounts with other banks but was told that they are not able to do so. The only option I was given was to go to a branch to have them assist which I decline because it's over a hour drive round trip. My bank account was opened online and I should not need to go to a branch to get it closed."
7297	"I received a text message on XX/XX/2023 asking me if I authorize the transaction for {$3400.00} from Bank of America. Since Bank of America sends text to authorize fraud transactions, they seemed normal. I said no and received a text back saying a B of A fraud specialist would call me right away. A phone number XXXX called me and instructed me on how to handle this fraud. They said it was a XXXX fraud, so to combat this I had to send a XXXX for that amount for a Bank of America credit. I dont frequently use zelle XXXX so I dont know much of how it works. I thought that the request sounded a little odd, so I looked up the number and the Bank of America fraud hotline came up from the official Bank of America website, which is exactly the phone number that called me, so of course I trusted it. The person on the line had an American accent as well. They had me send a XXXX of {$3400.00} and had me title it to my name. They instructed me to confirm the transaction that an automated BofA number questioned me about. Once it went through, they would call me the next day to give me an update on my case. They called me back as they said they would and said that there was a final credit that I needed to send myself in order to get my money back. Again, the number that called me was the Bank of America fraud number that is on the official Bank of America website, so I complied. They again walked me through the process where I sent {$2600.00} and they had me title it to myself. I didnt think anything of it until I was talking with my friend who said to call the bank one more time to confirm, to which they let me know I was defrauded. I filed a claim I am seeking reimbursement for the damages as an impersonator of Bank of America which is a company I thought I could trust."
7298	"On XX/XX/2018, my mortgage loan with Habitat for Humanity was transferred to a new loan servicer XXXX XXXX XXXX XXXX XXXX, XXXX. I was unaware of a loan service transfer. I made contact with several entities to assist with foreclosure prevention. There are 12 of us impacted by this loan servicing transfer to a non-registered mortgage servicer. My loan with habitat was not supposed to be transferred to a non-regulated loan servicer. My original mortgage servicer Habitat for Humanity requested to buy back my loans as it was sold in error to a non-regulated mortgage servicer. I need your help in keeping my home and get them alone sent back to my original mortgage servicer. I was not notified 15 days prior to the sale of the mortgage that there will be a loan transfer. \nPlease help me keep my home."
7299	"On XXXX XXXX, 2016 I contracted with Walmart stores of XXXX XXXX. Florida to transfer {$270.00} to my son XXXX XXXX. I paid turned over to Walmart {$280.00} which include the transfer funds and a transfer fee ( consideration ). Upon presenting the assigned tracking number and a Florida State drivers license, my son was denied the distributions of the promnised funds for no apparent reason except Walmart 's exercise of it 's assumed right to decide which contracts to honor and which ones to ignore possibly at the detrament of the designated receiver of the funds. The funds and contract fee were returned to me by Walmart the following day ( see attached )."
7300	"I went into the branch on XX/XX/2024 to open a cd after seeing an ad on XXXX for a XXXX rate just hours prior. I saved the ad, which has a day time stamp. They refused to give it to me and said that rate was from XX/XX/XXXX."
7301	"This company never gave me a XXXX notice of dispute of this alleged debt they say I owe. This is a Volation of my rights they must provide me this information or delete this account immediately or I'll be more then happy to take this to fed court I request in court how this whole this is fraud as well. I will make you show the forward flow agreement which will prove the amount your demanding from me is much lower then what you paid for it to begin with. You are to delete this account immediately!!!!!!"
7302	"I submitted two letters at different times over the past few months ; disputing incorrect information on my credit report. I asked the bureau to provide me with the written and signed contract between myself and the collection agencies that reported. I was told to call them ( collection agencies ) myself, ( the bureau ) we're not doing so. I then asked for the letters or means of verification that the bureau received and they refused to give it to me, or verify their verification process. I demanded that the derogatory data be removed and they reinerated that it was verified. I do have letters that I sent to each bureau requesting these things to be removed. \nThey also added a last name to my name that isn't mine."
7303	"I received letters dated XX/XX/XXXX from Chase Bank indicating that they have closed all of my credit card accounts because my credit report shows that I have too many new accounts. I then contacted chase over the phone to discuss the matter, and was told that I am considered too risky for the bank therefore they are terminating all of my accounts. If Chase is concerned about credit exposure, the fair course of action could be lowering the credit limit on the accounts rather than shutting them down. It is hard to understand how Chase has arrived at such conclusion as I never had a late payment throughout 8+ years of credit history, being current on my mortgage payment, extremely low debt-to-income ratio, and pay off all my credit cards on a monthly basis. How does having too many credit cards suddenly make a customer too risky when they have demonstrated perfect ability to service their accounts responsibly throughout the years?"
7304	"My name is XXXX XXXX. Back in XXXX I was told that if I wanted to get promoted I needed to finish my degree. I went back to school for 4 semesters XXXX and XXXX. I graduated in XX/XX/XXXX, right before one of the biggest recessions ever. I was only able to get work as a temp, outside my field. \n\nYet, I began repayment of both my federal and private loans in XXXX. I paid atotal of {$800.00} a month for 12 years. \n\nMy principal balance is the same as the day I took the loans out in XXXX."
7305	"Attempted to use credit card to pump gas. Pump would not dispense. Pressed button to cancel transaction however the pump failed to cancel transaction. Subsequently a larger vehicle capable of holding {$100.00} of gas came into pump area and dispensed gas on the still-open transaction. \nMy vehicles only have 13-gallon tanks and will not hold that much gas. I have disputed claim three times and BofA states \" card was present so charge is valid ''. This is however a fraudulent charge."
7306	"So i have accounts with these credit card companies and someone i know has been sending full balance payments on my payment dates with my minimum payment amount. I'm not sure this is the right department but the money did not pay the remainder of the bill. If it is possible to check emails that were confirmed with the payments and the transactions might of been going overseas so that they would stay under the radar. Since XXXX my account and credit score has been really fishy, with lenders and creditors denning me for absurd reasons. This might be because they have conflict of interest effecting there legal actions, So my creditors are XXXX XXXX XXXX XXXX XXXX XXXX XXXX XXXX XXXX XXXX XXXX XXXX XXXX XXXX XXXX XXXX XXXX XXXX XXXX XXXX XXXX XXXX XXXX XXXX XXXX XXXX XXXX XXXX XXXX XXXX XXXX XXXX XXXX XXXX XXXX XXXX XXXX XXXX XXXX XXXX XXXX XXXX XXXX XXXX XXXX XXXX XXXX XXXX XXXX XXXX XXXX XXXX XXXX XXXX XXXX XXXX XXXX XXXX. i just wanted to say maybe you should look into this and the other companies because this country is going bankrupt and there doing a lot of illegal things to either cover up things or commit fraud under the radar. A lot of bribery from the people that hold American citizens SSN 's and there info in the year XXXX."
7307	"I am a victim of identity theft. When I discovered the identity theft I checked my credit reports and found several items that were not authorized by me. I attempted to reach Chexsystems via phone but was unsuccessful so I am filing this complaint in hopes that my dispute will be heard. The following inquiries are showing on my chexsystems report but they were not authorized by me and are a result of the identity theft I am suffering. XXXX XXXX"
7308	"I called Amex on XX/XX/XXXX about my platinum membership. I asked about if they had any offers for retention. I have been a customer on this card for 10 years since XXXX. They told me know. I asked about the fee and then closing my account if there was no offer. He told me to call back because I could get an offer the next day as it always changes. He said do you want to close the account, I said no not yet but if there isn't a compelling offer I probably will. Then he hung up the line. I immediately called back and got connected to a new person XXXX. She got into my account, and then on the phone with her I received an email that said your account request to have it closed has been successfully submitted. THis was about XXXX minutes later. I immediately told her on the phone I got that email, she said she didn't see it and It was still open. Then she put me on hold, said the request was submitted. I told her I never requested formally to close it, and this was illegally and fraudulently done. She told me \" rest assured I promise we will have this resolved and keep your account open but you must call back in 24 hours because the system requires that. '' I told her to annotate and put down all the notes. I called back the next day and my account was closed and the new woman on the phone told me that it is closed, and they won't be re-opening it. She said she would have to research and give me a call back. It has been 6 days and now all the credit agencies are telling me an account was permanently closed. I had about XXXX upcoming Amex points that never made it to my card, and and active dispute case in my favor of {$890.00} dollars that was dated to be resolved today, XX/XX/XXXX. There is a lot of money that I am due and it didn't have a balance. They won't pick up my calls and I have requested a manager to review and call me back to open this back up, as I never requested it be closed formally. They will not help me or assist."
7309	"I am writing to formally express my concerns regarding Zelles handling of disputes, particularly in light of the recent CFPB lawsuit highlighting significant issues with the platform. Despite using Zelle numerous times and reporting discrepancies, my financial institution and Zelle failed to investigate my claims adequately. They informed me that recovering lost funds was impossible and that tracking these transactions was unfeasible. The CFPBs findings indicate that Zelle has not only neglected to protect consumers but has also allowed repeated offenders to exploit the system. Leaving users vulnerable to scams. This lack of accountability and transparency is unacceptable and raises serious concerns about consumer safety."
7310	"Filed a timely billing dispute over the phone with bank representative XXXX, ID XXXX on XX/XX/2018, at which point, I was not instructed to send anything in writing. In fact, I was advised to load all relevant documents through the online account center. This is for a purchase with XXXX. The card is administered by XXXX XXXX. Purchase amount {$1100.00} on or about XX/XX/2018. \n\nThis is the only charge on my account, the bank did not suspend the monthly minimum payments nor the amount I have in dispute. Per my conversation with the above individual, she said make monthly payments and we will refund you. This is not the rules of the Fair Credit Billing Act."
7311	"Creditor is reporting accounts that are invalid and unverified. XXXX and XXXX have investigated this account and they concluded the account was not matching my records of being assigned to me. I would like proof these accounts were disputed per FCRA/ FDCPA. \nThis is causing me anguish and its slandering my good name. Please block this account from my report so I can breathe again. \nAccount Name : XXXX  Account Number : XXXX Date : XX/XX/2017 Amount : {$2500.00}"
7312	"Credit card was at a 0 % interest rate when reviewed account noticed I was charged an interest charge, I paid the account in full immediately and called Capital One to find out why I was not notified. There is a change in the interest rate and a statement ( which I did not received ). One proceeded to tell me that it is not there practice to notify customers of a change in the interest rate. This practice is very deceptive and unfair as rate change a customer should be notified or made aware of."
7313	"Exeter Finance is reporting a closed auto loan account with inaccurate and unverifiable information. The dates, balance history, and chargeoff details do not match my records and appear inconsistent across bureaus. I requested verification under FCRA 609 ( a ) ( 1 ) and disputed the account under FCRA 611. Exeter Finance did not provide any original contract, payment history, or documentation proving the accuracy of the information being furnished. Because the furnisher failed to validate the account yet continues reporting negative information, I am requesting deletion or correction in accordance with FCRA 602, 609, 611, and 623 ( a ) ( 3 )."
7314	"On XX/XX/XXXX I opened my bank statement and noticed my money was not in there. Looking back to my activity I saw I had written a check for {$7500.00} to XXXX XXXX XXXX for property taxes which I had driven to the post office. We never put mail in mailbox at our house. I immediately called Truist and spoke with a XXXX and told her that someone must have mis-keyed the amt by adding a XXXX in front. She said no my check # XXXX was for {$17000.00} and made out to XXXX XXXX. She walked me through viewing this on line. My check was totally altered. You could see the broken lines where they had erased. Name, amt. erased my memo of acct # and property address. She filed claim # XXXX I called police XXXX XXXX came to my home and filed a case # XXXX. Then I drove to the bank to take up a copy of my tax bill and other documents. The banker XXXX XXXX looked at all the info took copies and got them off to claim dept. told me not to worry bank may take up to 60 days but i should get all my money back. Then I received a decline letter saying I filed too late. I went to bank the manager XXXX XXXX didn't know anything about a time requirement neither did XXXX. She called claims dept and was told I only had 30 days. That they sent one letter \" a hold harmless '' to the XXXX Bank that cashed check and would do nothing more. Refused to call them. They have not given me my money back nor made a call Account where the deposit went through mobile scan. I asked to see letter they sent and they would not show me it. Upon a call again today they said 60 days if they hear nothing from XXXX they would \" reach out ''. Please help me. I need my stollen money back. I still need to pay taxes for {$7500.00} I learned our post office has a ton of theft where are the cameras? There are non how can government not care, bank doesn't care. Please help me to get my money back from this fraud. All the best."
7315	"On the XX/XX/XXXX and XX/XX/XXXX, I used XXXX to transfer funds from my Chase Bank XXXX checking account to XXXX XXXX ( phone XXXX XXXXXXXX ), {$5000.00} per transaction, XXXX, for a total of $ XXXX XXXX mistakenly typed the wrong the wrong number XXXX without realizing the mistake. On XX/XX/XXXX, I realized the mistake and found out that the number XXXX belonged to XXXX XXXX XXXX, Apparently my funds went to her instead of XXXX, my intended recipient. On the same day, I immediately called Chase Bank telling them the mistake, and filed a claim to get the funds back. But my claim was denied on XX/XX/XXXX. Instead, Chase asked me to call XXXX, but XXXX told me they would only communicate with banks professor. Not directly to banking clients like me ; they asked me to contact the recipient directly. When I tried to call XXXX. I was advised the line was closed on XX/XX/XXXX. I visited Chase Bank XXXX, NJ XXXX ) and talked to business customer support agent, The agent called Chase corporate XXXX claim service team ( XXXX ) on my behalf. And supervisor XXXX XXXX said she can't help me to claim the funds back and \" sorry for your loss. ''"
7316	"Good day, I have tried many times and submitted documents to Norstrom Credit Card Services through XXXX, XXXX and XXXX, informing that I had financial difficulties during the pandemic, I was in XXXX twice and then I was diagnosed positive with XXXX, I submitted probe through the XXXX credit bureaus, Norstrom does no want to removed the late payment from my credit report. \n\nThank you"
7317	"I am XXXX XXXX XXXX and I XXXX  XXXX  to move from XXXX XXXX XXXX. I moved on XXXX. I found a cleaning company on XXXX XXXX. I inquired about a cleaning to be done on XXXX. \n\nThese people had access to my home and once I seen that they indeed were not cleaners, I was scared to not send them their payment due to fear of what type of damage they would do to my home. They requested the money be sent via cashapp. I sent it via cashapp. \n\nI reached out to cashapp to alert them I was scammed, and requested a refund to which they told me their investigation did not see fit for a refund and that I had to reach out to said scammers to get my money back."
7318	"XXXX XXXX XXXX I open loan ( i.e. ) line of credit? they change specification during dispute regarding this action.? for the sum of {$900.00} for twelve months period. \nFirst payment for the sum of {$100.00} was made on XX/XX/2023, was surprised when the balance due was still {$920.00} principal? get my attention to this result? \nContact Money Key customer services and get some confusing responses was not really understanding. Become suspicious about this company i decided to pay off this loan quick a could the loan was paid off for a total payment on XX/XX/2023, total amount paid {$1000.00}. and decided to close this account! was denied as apparently the balance overdue was {$250.00}. despite paid off after ninety days full amount of this loan?? \ncontact customers services by phone! was explain this was not a loan but line of credit.?? This was completely misleading their facts sheets in their Financial Implications form regarding interest & Finance Charges show! for {$1000.00} 12 months total costs will {$160.00}. \nI dispute this Banking action as a scam contact XXXX business bureau regarding this abusive interest charged! will be cost multi thousands of Dollard before been able to rid of it this account."
7319	"We have decided to sell our home and we had previously modified our loan. On our payoff there is {$57000.00} in lender paid expenses. Our current lender it collecting interest for the difference in our modification that was no where in the agreement we signed. We have moved due to work and have to get this sold and I've asked twice for the original modification and they can not provide it."
7320	"I am filing a complaint against Cash App ( Block , Inc. ) due to inadequate customer service in unfair practices, which violate the consumer financial protection act ( CFPA ) specifically, Cash App failed to take timely and efficient measures to prevent and address fraud on their platform, leaving my account vulnerable and unprotected. Furthermore, their dispute resolution process was unfair and deceptive as they did not comply with error resolution requirements under the electronic fund transfer act ( EFTA ) and regulation E. These actions have caused significant inconvenience and financial losses and I seek appropriate Redress for these violations."
7321	"So I had XXXX XXXX hooked up in my home already. Well, this XXXX salesman came knocking on my door and offered me a better plan for cheaper. He told me that I could keep my current equipment, he would just change my plan. It made a whole separate account. So the first account got closed down. When I moved and I shut my XXXX account down, I didnt turn in my equipment. It went to collections and I owed {$120.00}. Some reason it showed up on my collections twice. I called XXXX and paid my debt. XXXX told me that both of my accounts were closed and at a XXXX balance. One of the collections fell off my credit after I paid. The other one is still on there. So I called XXXX again and they assured me that both accounts were at a XXXX balance that I owed them no money. So I asked them to stop reporting this to my credit. They never did and its still on there till this day. I called the collection agency and the lady just gets really mad at me because Im not paying. XXXX needs to fix this. Its been too long. The collection agency its being reported to is IC Systems"
7322	"Hello this complaint is for ChexSystems, My name is XXXX XXXX XXXX, I'm writing to formally dispute certain information listed on my consumer report. I believe some of the data reported may be inaccurate or unverifiable, and I'd like to request a review under my rights provided by the Fair Credit Reporting Act ( FCRA ). Specifically, I am disputing the following item : Suspected Fraud Activity Date of Closure : XX/XX/year>XXXX XXXX XXXX XXXX XXXXXXXX Closure Status : No Monetary Loss Closure Date : XX/XX/year> I did not consent to this with any signature or action and i am punished for this wring doing i am innocent. Please help as i need this account removed"
7323	"Reported serious and escalating complaints regarding wells fargo and their misguided and misleading practices to the CFPB on multiple occasions, with the complaint being forwarded to wells fargo, and no further action or investigation taking place. I'm requesting a resolution to all claims."
7324	"On or about XX/XX/XXXX, one of my business partners tried to use her office credit card, but the charge was declined. I reviewed our credit card transactions online and saw that there were three transactions that I did not recognize : XX/XX/XXXX XXXX {$100.00} XX/XX/XXXX XXXX  {$1200.00} XX/XX/XXXX XXXX XXXX  XXXX {$960.00} I called FNBO and immediately started a fraud investigation. I also reported that my credit card was lost or stolen. The representative told me that they would put these items as \" disputed. '' Today, I received a letter from FNBO fraud investigation department stating that they were denying my claim because my \" chip-enabled credit card was used at a chip-capable terminal ... and that my credit card had not been reported lost or stolen. '' First, I did report my card lost or stolen as soon as I learned of the fraudulent charges. Next, if someone stole my card and put the credit card in the chip-capable terminal, then of course that is how the sale was approved. The problem is it was not me making those purchases. Where is my signature that I charged these things? Where is any pin authentication? If the clerk does not check and ID, and still lets the person leave with the merchandise, then whose fault is that. I did not make these purchases and I should not be liable for them."
7325	"My complaint is against Ocwen Loan Servicing , LLC ( www.ocwen.com ) ; Research Dept. XXXX XXXX XXXX XXXX XXXX, XXXX XXXX ; Loan # XXXX Ocwen has erroneously billed me for triple the amount of my regular payment. They are threatening to report judgement against me to credit bureau 's if I do not pay it by a specific date. \nI have consistently paid my amount due on time plus an additional amount to apply to the principal. Ocwen never informed me of a change in payment due or change in terms of the loan. Ocwen applied my payment to a \" suspense account '' and showed that it was a partial payment. This is wrong. \nSome bills did not show any detail of my payments. Other bills have shown inconsistent payments due each month. No one from Ocwen will explain their inconsistencies. Each call results in speaking with a different representative with a foreign accent who gives first name only and a number. They suggest that I write or call the research department. I have done that many times. No one has made the corrections yet. \nI have read several complaints about Ocwen, Indymac, and XXXX XXXX. Properties have been foreclosed on due to their erroneous billings. \nI am requesting that my account detail be corrected. I would like my payments to be consistent ( retroactively ) with the amount due that was agreed upon. I want my payments applied correctly. I want a written statement to confirm that the corrections have been done. \nXXXX XXXX XXXX and XXXX XXXX XXXX XXXX XXXX XXXX XXXX, XXXX XXXX ; XXXX XXXX XXXX ; or XXXX XXXX."
7326	"Bank of America has an account service called goals. You are able to transfer money from your checking or savings account into this account in order to save money for a desired goal. I transferred {$300.00} into that account and {$45.00} went missing. I called Bank of America to inquire about the missing funds and the representative told me that they had moved my money somewhere and it is no longer available. I asked the Bank of America associate to release my funds and they would not do so. I also asked to speak to a supervisor and one was not provided for me."
7327	"Respected Officials, I noticed a credit of {$48.00} issued for a dispute I opened with Bank of America. But I received a notification on my mobile saying an extra XXXX cents were credited. I don't know why they credited the extra money. I want them to take it back. \n\nClaim number : XXXX Even though I indicated that my house hold has 3 members, my son is out of state enrolled in a university. But he is officially a resident of California as he is not XXXX yet. \n\nThanks XXXX"
7328	"Wells Fargo retirement acct transfer to XXXX in XX/XX/2020. \nI retired at that time and they deducted over {$2000.00}. for the transfer. \nI tried to talk to them and they couldnt support their rationale for such a XXXX  against my retirement monies! \nBut I couldnt get them to make it right!! \nPlease help since obviously they have practices that are very sketchy! \n\nThank you"
7329	"I am filing a complaint against Equifax for failing to properly investigate my disputes regarding inaccuracies in my credit report. Despite my submissions, Equifax consistently responds within XXXX hours stating the account is accurate without providing any evidence of a thorough investigation. This practice violates the Fair Credit Reporting Act ( FCRA ), 15 U.S.C. section 1681i, which mandates a reasonable investigation of disputes. Furthermore, Equifaxs actions may also contravene the Consumer Financial Protection Act ( CFPA ), 12 U.S.C. SS 5536 ( a ) ( 1 ) ( A ) - ( B ), as highlighted in the CFPBs recent administrative proceeding ( File No. 2025-CFPB-0002 ) against similar violations. I request that the CFPB take action to ensure Equifax complies with federal law and provides consumers with their necessary proof of investigation."
7330	"To whom it may concern, My pay has been garnished three times by XXXX different debt collectors. The first 2-garnishment money was never applied to the loan. I made payments for 2 years from XXXX to XXXX of XXXX dollars. It was never applied to my loan and in XXXX I lost my job and could n't pay any more. My original loan amount was XXXX dollars approximately. When I got in position to make payments again the SL people wanted XXXX at once or they would garnish 25 % of my pay in about XXXX. This went on for years up to beginning of XXXX. I could n't pay because they kept saying the wanted the total loan amount and adding the interest to the principal and calling it the new principal never crediting the money paid or taken. I would have made the payments agreed on 25 years ago and paid it off. I could n't afford to keep paying them and not have the payments applied. So by adding XXXX dollars in fees and upping the principal by adding interest to it the total amount they wanted in XXXX was XXXX plus. Since then they have garnished XXXX dollars out of my pay. They waiting to steel my tax return next. If you can help I would like to have the total reduced, the loan taken out of garnishment and go back to the payments agreed on 36 years ago. They are using the fact that they are a government agency to steel false loan amounts. \n\nThank you for your time, XXXX"
7331	"XXXX XXXX XXXX XXXX XXXX falsely reporting on my credit. I have never had any accounts with them. Per my research XXXX XXXX XXXX XXXX XXXX is a debt collector. They are falsely reporting on my credit!! Account number is XXXX AND XXXX is falsely reporting to my credit file and is against my rights and fair credit act. Under XXXX XXXX XXXX - XXXX of investigation consumer report ; you are in violation."
7332	"I have an RV loan with Bank of the West, which was recently acquired by BMO. As part of the acquisition, communications were sent to customers that stated that automatic ACH withdrawals for loan payments will need to be set up again on the new BMO portal. \n\nAfter I followed these instructions, Bank of the West / BMO withdrew two monthly payments several days apart - one as part of the new automatic transfer that I set up following their instructions, and one as part of the existing authorization that remained effective, unbeknownst to me.\n\nI contacted BMO who stated that they would refund one of the payments by mailing me a check. It has now been almost a month and I haven't received the refund, and my loan still shows the same balance on the web portal. \n\nThe incorrect instructions remain posted on their website."
7333	"I have used XXXX XXXX for transferring money overseas to my family for several years in a row. Online, on a monthly basis, and always to the same 2 members of my family. Suddenly, in XX/XX/XXXX, I can no longer do that online : everyone of my attempts end up in a denial of service with a vague message asking me to check my form of payment or some other excuse. Prior to that moment, I had always used my debit card as a form of payment for several years, without ever a problem. \n\nI tried to get an explanation of this by phone from supervisors of the agents I spoke to and every time was simply told that \" there must be a problem with your form of payments. '' I then wrote twice to XXXX XXXX Customer Care ( XX/XX/XXXX and XX/XX/XXXX ) and twice received the following email Concerning the error that you are receiving, this is to inform you that based on the information you have provided, XXXX XXXX must decline to process your intended transaction. XXXX XXXX is subject to a number of economic sanctions and restrictions imposed by the United States and other countries, and it appears based on the information that you have provided that the transaction might violate one or more of these sanction programs. \n\nI subsequently made several attempts on the phone to get more information from various XXXX XXXX supervisors to no avail. \n\nTo this day, despite several attempts on the phone or by email, no one at XXXX XXXX has seen fit to tell me exactly what I did wrong and how I can fix whatever it is. \n\nAll I want to know is the reason why I am suddenly unable to make money transfers online and how to fix whatever the problem is. In the meantime, I am forced to find a physical store that does XXXX XXXX transfers and make transfers paying much higher fees every time. \n\nPlease, help me. \nXXXX XXXX XXXX"
7334	"I have repeatedly sent Pinnacle Credit Services a debt validation letter in which they have ignored. I do not believe this debt is mine. After Pinnacle ignored my request, I then sent a complaint to the XXXX. The XXXX informed me that they too, had tried to make contact with Pinnacle and after several attempts, their request went unanswered as well. I am now contacting FCPB to help me get this resolved."
7335	"A company that goes by Ocean Global lists jobs as Data Analysts with promise to pay after giving you money to work. They mislead with info and convince you to give money after seeing the money in the account. The company promised to pay and then disappeared. I was left with a negative amount of XXXX"
7336	"Subject : Urgent Complaint Against Equifax Failure to Block Fraudulent Accounts After Data Breach Dear Consumer Financial Protection Bureau, I am writing to file a formal complaint against Equifax for failing to properly respond to my identity theft concerns, despite being aware that I was affected by the Equifax data breach. \n\nAs a victim of identity theft, I have discovered XXXX ( XXXX ) unauthorized accounts appearing on my Equifax credit report. I have no knowledge of these accounts and did not authorize them in any way. The fraudulent accounts are XXXX XXXXXXXX XXXX XXXX XXXX XXXX XXXX XXXX XXXX ( duplicate or second account ) SXXXX XXXX XXXX XXXX XXXX XXXX These accounts are damaging my credit, and I have already informed Equifax of the issue. Under the Fair Credit Reporting Act ( FCRA ), Section 605B, credit reporting agencies are required to block fraudulent information within XXXX ( XXXX ) business days of receiving proof of identity theft. Despite this, Equifax has failed to take action and continues to report these accounts. \n\nI have complied with all necessary steps, including submitting an identity theft report and supporting documents. Still, no resolution has been made, and Equifax has not removed or blocked the fraudulent entries. \n\nThis is a clear violation of federal law, and I am requesting that the CFPB investigate this matter and ensure that Equifax complies with the law immediately. \n\nRequested Resolution : Immediate removal and permanent blocking of the XXXX fraudulent accounts listed above. \n\nA detailed explanation from Equifax as to why no action was taken despite receiving notice and documentation. \n\nConfirmation that my credit report has been corrected and no further damage will occur as a result of these fraudulent accounts. \n\nThank you for your attention to this urgent matter. I can provide additional documents upon request. \n\nSincerely, XXXX XXXX"
7337	"We purchased a new home on Friday, XXXX XXXX and decided not to use the same financial institution to handle our new mortgage. Flagstar Bank held the mortgage on our existing home. The title company wired our payoff on XXXX XXXX. However, as the payment was received after XXXX I was informed our payment would not be applied to our loan until the next business day, Monday XXXX XXXX. This caused us to XXXX more days of interest accrual. \n\nAdditionally, they would require you pay to receive you payoff amount. \n\nI believe both items are in violation of UDAAP."
7338	"I am XXXX XXXX XXXX and I am submitting this complaint myself and there is no third party involved. I have a loan with WELLS FARGO DEALER SVC. I have always made my payments on time. For some reason, I realized that there were late payments on my credit report and I do not believe I was late on the dates they are reporting. I tried contacting the 3 Credit Bureaus requesting a complete payment history with this account for me to review the exact date on which the late payments and charge-off were posted but no successful resolution was provided nor feedback was heard from the concerned Bureaus. There was definitely an error on their part. Investigate and update the current status to reflect accurately. Otherwise, REMOVE this account completely from my personal report. Thank you."
7339	"I was involved in a car accident on XX/XX/2021. I was rear ended and pushed into a car in front of me. I had insurance and all of my information, as well as the other parties involved, was listed on the police report. This company continues to spam call me, my girlfriend and my extended family members. They sent a letter to my parents home. I was not at fault in this accident and I was insured."
7340	"On XX/XX/XXXX, I went into CHASE bank at XXXX XXXX XXXX XXXX CA XXXX. I deposited {$100.00} dollars into my checking account and received my transaction summary from the teller. After looking at the summary, I was satisfied and left the bank. This was exactly at XXXX hours. About XXXX days later, I checked my checking account and there was money missing ( unauthorized transaction ) made by someone. A withdrawal of {$830.00} and Official check charge of {$10.00} exactly at XXXX hours. Both done on XX/XX/XXXX at exactly XXXX hours. Of course by this time I had already left the bank. I discussed my issue with a bank operations supervisor and she stated that I call XXXX XXXX. So I called XXXX XXXX and someone there stated that I needed to contact the local police and get a search warrant. I called XXXX police and XXXX XXXX stressed the fact that there isn't enough man power to deal with my claim. My incident he said \" doesn't have enough threshold '' to look into further. Chase advertised 0 Liability Protection. Could you please help me to get my money back from Chase? Thank you."
7341	"I was informed of a U.S. Bank fraudulent charge account ( ALLEGEDLY ) initiated by my wife, after XXXX on XXXX XXXX, XXXX. \n\nI closed a U.S. Bank charge card account back on XXXX/XXXX/XXXX due to the incredibly poor handling of a fraud issue. U.S. Bank was informed in writing, \" DO NOT EVER SEND ANOTHER CARD TO THIS ADDRESS. '' Apparently they did and my deceased wife has been using it on her own. \n\nU. S. Bank was immediately informed of this discovery by \" ME '' shortly after her death. \n\nU.S. Bank in turn dumped the entire debt onto the credit bureau accounts under my name. I have never seen this application or a charge card. I have told them, \" YOU FRAUDULENTLY PUT THIS XXXX ON MY CREDIT REORT, YOU GET IT OFF. \n\nI have been in too many discussions to count with U.S. Bank fraud department employees all to no avail. \n\nU.S. Bank was informed of the discovery of a forgery kit utilized by my deceased wife. U.S. bank has been informed of everything all to no avail. \n\nU.S. Bank continues to send statements every month even though they are fully aware this is an issue \" UNDER CLEAR DISPUTE. '' As a result of their ineptness, I have turned this issue over to my attorney, XXXX XXXX XXXX attorney and counselor at Law. XXXX XXXX XXXX XXXX. He has sent them a document with my signature authorizing him to act on my behalf all to no avail. He has sent them letters and tried to call them all to no avail. \n\nIn closing, I have never seen or used a charge card from U.S. Bank after XXXX/XXXX/XXXX. I want the information that was fraudulently applied to my credit report by U.S. Bank removed."
7342	"In accordance with the Fair Credit Reporting act. The account list below violated my federally protected consumer rights to privacy and confidentiality under 15 USC 1681. \n\nAccount Name : XXXX Account Number : XXXX has violated my rights. Or a list of Inquiries : 15 U.S.C 1681 section 602 A. States I have the right to privacy.\n\n15 U.S.C 1681 Section 604 A Section 2 : It also states a consumer reporting agency can not furnish an account without my written instructions 15 U.S.C 1681c. ( a ) ( 5 ) Section States : no consumer reporting agency may make any consumer report containing any of the following items of information or Any other adverse item of information, other than records of convictions of crimes which antedates the report by more than seven years. \n\n15 U.S.C. 1681s-2 ( A ) ( 1 ) A person shall not furnish any information relating to a consumer to any consumer reporting agency if the person knows or has reasonable cause to believe that the information is inaccurate."
7343	"Action : Consumer disagrees with my dispute regardless of my loan being forgiven in the amount of {$77000.00}. Loan forgiveness letter was sent out and accepted. \n\nThis is still on my credit report which needs to be a XXXX balance and closed or paid. I also sent them a letter attached to the dispute through XXXX, it has been discharged under the U.S. Department of Educations Borrowers Defense to Repayment program. The Department has issued a full discharge of this federal student loan based on findings of school misconduct. \n\nCompany : department of ed/nelnet Date : XX/XX/scrub> 2025 sent out"
7344	"I had 3 different HELOC loans on some of my rental properties that ultimately ended up at PNC Bank. These have always been paid on time and I believed that all 3 were paid off. I received notice that PNC had reported me late. Because this information is unaccessible online for some reason with them, I contacted them by phone on XX/XX/19. Upon reaching customer service and giving them my name, the address and my social security number to look up my accounts, I was told that that was not enough information to give me balances. I am not sure how they expect me to pay off the accounts if they will not tell me the balances. After arguing with the agent, I requested a supervisor. The Supervisor was arrogant right off the bat. She wanted additional information over and above my name, social security number the address and even the account number that I had for one of them. She now needed the original balances on the accounts. These loans were made 15 - 20 years ago. There is no way I know the original balances. After telling her that I was filing a complaint and would like a copy of the recording of the conversation she told me to get a court order. She then said I could tell her the last payment that I made on each account. Again this was months ago and my online banking no longer has this info without going to paper records. ( this is an entirely different issue, but another way banks are not helping the consumer ) She finally gave in when I gave her all 3 addresses and gave me the balances. 2 had been overpaid by several hundred dollars and one was short {$19.00}. Instead of applying the overage funds to the short account which I thought was paid in full, they chose to report me late to the credit bureaus. What a lovely policy to XXXX the consumer. This is the most arrogant unhelpful lender I have ever had the displeasure of working with."
7345	"Sending several times of multiple letters, unverified accounts listed below are still reporting on my credit report in violation of federal law. The XXXX, XXXX and Transunion Credit Bureau failed to comply with the FCRA and there are no actions nor responses yet. As I reviewed my updated credit report these negative accounts remain. Fair Credit Reporting Act, 15 USC sections 1681 I within the time declared by law and continued reporting of untruthful information which now affects my credit. Please see below the summary of the accounts that are still showing on my report. \nXXXX XXXX XXXX XXXXXXXX {$0.00}"
7346	"I discovered that some of the information was erroneous. The EXPERIAN and XXXX credit bureaus must validate these accounts in line with Sections 609 ( a ) ( 1 ) ( A ) and 611 ( a ) ( 1 ) ( A ). It is not authorized to fail to validate these reporting accounts as unverified information without providing any proof within the period allowed by law. The following accounts need to investigate and correct from erroneous reporting in my file are listed on my credit report : XXXX XXXX XXXX XXXX XXXX XXXX XXXX XXXX XXXX XXXX XXXX XXXX XXXX XXXX XXXX XXXX XXXX XXXX XXXX XXXX XXXX"
7347	"I am a XXXX XXXXXXXX and I use cashapp as one of the platforms to accept payment a from my clients.i have been using this for years.I had a client with the last name XXXX that I XXXX XXXX XXXX for and her granddaughter paid for the service through cashapp on XXXX XXXX received a message when I tried to transfer the money into my back account that my account had been suspended for suspicious activity when none took place and then an email about XXXX sanctions.in the email they asked for information regarding the transaction and I sent them my company information including website as well as some information regarding the transaction.i told them I have provided all the necessary documents and to this day I keep calling and they keep giving me case numbers with no response.i have over {$300.00} in my cashapp that I dont have access too.thisnis my business money from my clients.i even told them that I and this client is in XXXXXXXX XXXX XXXX XXXX to be exact and I have done nothing illegal and I have yet to speak with a person about it and I have not received and email within the timeframe that they said I would hear back for the investigation.This is my job and my money they are holding.they can look through my transactions and see other XXXX  transactions as well as me getting paid by XXXX XXXX as well.nothing illegal or no violations going on here.i just need my pay."
7348	"I got referred by a friend to start investing with my credit cards and checking account. He asked me to send payments from these accounts to buy bitcoins through XXXX and promised me that the company will pay back the money as soon as possible. I ended up using my checking account and my credit cards way over the limit that the banks had to foreclose my accounts. The scammers made couple payments to my credit cards, but then they got returned because they came from frozen/closed accounts. They also gave checks payment, but they also got returned due to closed account. I confronted them, and they kept promising me they will handle it, but I have not received anything until this day. I ended up with about $ XXXX {$100000.00} debts because of this scam. I spoke to XXXX XXXX Fraud Department to help me with my outstanding balance of about {$18000.00} due to this scam. They told me this is not considered as a fraud since I authorized the transactions. I tried to explain to them that I am a victim of an investment scam here which I didn't realize I was at that time I authorized the charges. XXXX told me to file dispute for those charges, and I just got notified that they could not resolve the disputes and posted the charges back to my account. I also tried to dispute the charges with XXXX, but they did not help me at all. I am so stressed and frustrated here. I lost so much money because of this scam, and the banks did not help me at all with this unfortunate situation."
7349	"I am a victim of identity theft. My wallet was stolen and inside my wallet was some cash, various credit and debit cards, my driver 's license and social security card. Soon after the theft I noticed that some accounts had been opened in my name without my knowledge or approval and some of my existing accounts had been accessed by this third party. I filed a police report with the XXXXXXXX XXXX, that report number is XXXX. Two accounts at Capital One were opened as a result of this theft. XXXX account ending in XXXX and the other ending in XXXX. I've attached a copy of the police report and FTC report to this complaint."
7350	"Mohela put me in Forbearance on XX/XX/XXXX due to SAVE lawsuit. However, I was under and I am still under standard repayment plan. I applied for XXXX in XX/XX/XXXX and was denied after I provided all the required information. Mohela stated that I did not provide my husband 's tax information, however, I provided it many times. They lost my spouse 's tax information repeatedly or just never processed it. I tried calling them for months and would have to wait on hold for over three hours to speak to someone. They sent me a letter in XXXX that stated that I never provided the requested information. I did repeatedly. I reapplied for XXXX on XX/XX/XXXX after I was put in forbearance on XX/XX/XXXX. I still do not know why I was put in forbearance on XX/XX/XXXX when I was in standard repayment plan and they backdated it to XXXX after they collected my payments. I asked, but I was never given an answer."
7351	"The XXXX was issued to this company and with singed PO from the dealer this should have been accepted as a barter exchange these instruments was to release the goods as it relates to the vehicles. \nCase Number : XXXX Dear XXXX XXXX , GM Financial has received your complaint sent to the Consumer Financial Protection Bureau ( CFPB ). I have reviewed your concerns and would like to offer the following response. \nWe would like an opportunity to address your concerns ; however, with the information you have provided, GM Financial is unable to locate an account or application for credit. At your earliest convenience, please provide your full GM Financial account number or social security number. \nUpon receipt of this information, we will research this matter. \nShould you have any further questions or are in need of additional assistance regarding this matter, please contact GM Financial at ( XXXX ) XXXX. Our hours of operation are XXXXXXXX XXXX to XXXXXXXX XXXX CT, Monday through Friday and XXXXXXXX XXXX. to XXXXXXXX XXXX CT on Saturday. \nSincerely, XXXX XXXX. \nXXXX XXXX. \nXXXX Department | Complaints ( XXXX ) XXXX | ( XXXX ) XXXX ( f )"
7352	"I attempted to login to my account ( s ) with XXXX on Wednesday, XX/XX/XXXX and was unable to do so, due to the following error message received : \" Important : We locked your account to protect it from suspicious activity. To unlock it, call XXXX. \". I called as instructed and was informed that XXXX XXXX decided to \" end our relationship '' and will close my account. I was not informed of any reason. Additionally, I received an e-mail on the same day, stating I can access the letter on my account online, of which I don't have access to get to my account online ... What's even worse of not being told anything, any outstanding checks will bounce and I can not even do anything because I was informed it will take 10 business days to close the account ( s ) and additional time for me to obtain access to my funds. I would understand if the funds are being withheld to cover any outstanding checks, but that's not the case. I was specifically told that any withdrawals of any kind will not be honored and not be accepted. So what's the reason of withholding my money and literally for several weeks I will have absolutely no access to any of my money for absolutely no reason. I've been a customer with XXXX since XXXX or even before and also used their services."
7353	"I hope your day is going well, but I need your help. I noticed some inaccurate accounts on my credit report. I did some reading on the internet about credit reporting laws, and from my understanding if a consumer finds errors on their credit report, they have a right have them fixed, right? I got this information from theFTC and also spoke with someone with you all who told me to submit my complaint here.This incorrect information on my credit report is causing problems when I try to apply for credit.I reached out to each account on here and just can't get anyone to help me. They keep sending from XXXX person to another. I have been dealing with this for a whole month now and the accounts are XXXX XXXX XXXX, XXXX XXXX, XXXX, XXXX XXXX, XXXX. There are also a student loan on my credit and Im confused on how this is so because I dont even have a high school diploma. I am doing this on my own behalf and really need someone to help me with this."
7354	"Beyond van lines is really XXXX XXXXXXXX XXXX XXXXXXXX XXXX XXXX. They claimed to be a moving company. They said the total cost of the move is split in 3 payments. The initial {$1600.00}, one when they pick stuff up and one when they drop stuff off. We scheduled out move XX/XX/XXXX. Our move is for XX/XX/XXXX. Today is XX/XX/XXXX. They called us today demanding an additional {$3000.00} and if we dont pay, we cant keep our move date. That is to be paid today by close of business and still have to pay the other two payments. They only took payments by electronic check, cash and XXXX. My bank, capital one, isnt helping. They said its between this scam company and I because theyve already cashed they check."
7355	"This complaint concerns mortgage servicing and foreclosure representations related to a cooperative apartment loan serviced by XXXX XXXX XXXX XXXX XXXX XXXX, with XXXX XXXX XXXX XXXX ( XXXX XXXX  ) as investor . \nIn XXXX, while the loan was serviced by a prior servicer, I was led to believe the loan had been lawfully foreclosed and that the property would be sold. Relying on those representations, I vacated the property in XX/XX/XXXX. \nIn XXXX, a Form XXXX was issued asserting acquisition or abandonment with a reported date of XX/XX/XXXX, a principal balance of approximately {$140000.00}, and a fair market value of approximately {$180000.00}. However, no foreclosure judgment, no court-ordered sale, and no lawful eviction ever occurred. \nIn XX/XX/XXXX, I received a formal FOIL response from XXXX XXXX stating that no records exist of any warrant of eviction being executed or even attempted at the property between XX/XX/XXXX and XX/XX/XXXX ( including no warrants, execution notices, returns, or logs ). \nDespite the absence of any lawful foreclosure or eviction, the cooperative shares were internally transferred in XX/XX/XXXX for {$10.00} and later resold for approximately {$100000.00}. I did not discover the {$10.00} transfer or the lack of foreclosure until XX/XX/XXXX. \nAfter discovery, I acted promptly by filing a lis pendens and a quiet title action. In prior CFPB-related correspondence, the servicer acknowledged review but did not verify that the foreclosure sale was completed in compliance with applicable law. \nI am concerned that XXXX XXXX XXXX XXXX has relied on or continued prior servicer records asserting foreclosure or abandonment without producing proof of lawful foreclosure, eviction, or authority to dispose of the property. I am requesting CFPB review of servicing accuracy, foreclosure representations, and the basis for the XXXX and subsequent disposition."
7356	"I had a loan with this company that was garnishing my wages. When the full garnishment was almost paid {$2200.00} we filed XXXX XXXX. The company continued to garnish me even after the XXXX was filed and they were notified. They collected nearly {$1000.00} after they were notified thus paying the full, original garnishment. It was paid in full. Because the XXXX was filed they refunded me {$690.00} in two different checks. The bankruptcy was then later dismissed. They have started garnishments again. I was told on the phone by the representative at Presto that a new judgement was done and they have garnished almost {$1000.00} so far. The representative couldn't tell me how much I owed nor how much the new judgement was for. Nor could she tell me what fees were added nor how much was still owed to Presto. She said I was being charged 10 % interest on the debt and that is why I owe them so much. I feel like this is very predatory and they are turning {$690.00} into a much larger debt. They shouldn't be charging me interest on anything other than the {$690.00}. I was never mailed any type of statement or attempt made to inform me that I needed to pay them a balance. I feel like they are capitalizing and overcharging me fees and interest. I also think they are not following the law in their requirements to send me statements, or any type of legal disclosure."
7357	"I am refilling my complaint because my original claim was denied due to missing information that I have now clarified. My debit card was stolen prior to XX/XX/year>. My last authorized transaction using my physical debit card was at Sun XXXX XXXX for {$5.00} right before XXXX Sunday.Following this visit, several transactions occurred at XXXX in XXXX, WV. I initially failed to report some of these as fraud because I frequently shop at XXXX using my XXXX mobile wallet, and the transaction totals were very similar to my own typical spending. Because my bank 's app does not specify whether a charge was a mobile wallet 'tap ' or a physical card 'swipe, ' I could not distinguish my legitimate digital payments from the thief 's physical ones at the time of my first report.I primarily use my XXXX mobile wallet for authorized transactions. EVERY TRANSACTION MADE WITH THE PHYSICAL CARD AFTER MY XXXX XXXX XXXX VISIT WAS UNAUTHORIZED. I request that the bank conduct a reasonable investigation as required by Regulation E ( 12 CFR 1005.11 ) by reviewing their internal 'entry mode ' logs. These logs will show that my authorized charges used a 'tokenized \" mobile wallet ID, while the fraudulent {$600.00} in charges used the stolen physical card 's swipe or chip. As I notified the bank within two business days of learning about the theft, my liability is limited to {$50.00}. ''"
7358	"I left school in XX/XX/XXXX. I had been diagnosed with a XXXX XXXX, XXXX and attened for as long as I physically could. Navient has been reporting inaccurate derogatory late payments on my account. I have made several unsuccessful attempts with various agents to get these late payments removed as they are not accurate. I have stayed on top of my forbearances and deferments as I can not afford the stress or the pressure of having to deal with possible late payments or going into default. \n\nThe dates that Navient has reported inaccurately are : XXXX ( XXXX, XXXX and XXXX ) XXXX ( XXXX ) XXXX ( XXXX, XXXX, XXXX, XXXX and XXXX ) XXXX ( XXXX, XXXX and XXXX ) Forbearances and deferments should be for at least a 12 month period and a 6 month grace period after leaving school. In XX/XX/XXXX after leaving school I still should not have been given a late fee until XXXX, although that is inaccurate."
7359	"I refinanced a mortgage for a single family rental property. Soon after closing, that mortgage was sold to Amerihome Mortgage around XX/XX/2018. I made my first payment to Amerihome and then signed up for autopay on XX/XX/18 using my business checking account ( I have multiple rental properties with other servicers and have always used a business account without issue ). Amerihome cancelled my autopay because they require a special form if using a business account. So I filled out the form and mailed it in and resigned up for autopay online on XX/XX/18. This time I assumed it was effective and took it off my to do list. However, my XXXX payment did not process because they had rejected my autopay again. I didn't find out my payment didnt go through until early XXXX. When I did, I immediately paid the full balance and explained the situation over the phone. The rep understood the situation and waived the late fee and all was good. A month later I found out Amerihome had reported the late payment to the credit agencies. I again called and explained the situation and wrote a letter to their dispute department but Amerihome refuses to remove the late payment from my credit report. My credit score has gone from an XXXX to a XXXX. This is not a late payment situation, this is a logistical situation that I have made multiple good faith efforts to comply with their requirements. Please help me to get the late payment removed from my credit report. Thank you, XXXX"
7360	"Capital One had an extreme failure and withheld our paycheck. We had multiple payments returned due to.their failure. They finally deposited our paycheck at XXXX XXXX  mountain Time. We had a credit card payment due through XXXX XXXX that was considered late because Capital One withheld our paycheck due to their third party failure. The payment of XXXX $ was due by XXXX mountain Time and we were able to make the payment at XXXX XXXX  when Capital One finally released our funds. We now have incurred a XXXX $ late fee that they refuse to pay. We contacted XXXX XXXX but they could only.creist XXXX $ towards the late fee because they were not at fault for the late payment. I have to agree with them. It was Capital one 's failure. So now we have a hit to our credit and a late fee that was not planned for that is no fault of our own. Capital One is who we trusted to bank with and they are the only bank we currently use for all incoming and outgoing funds. I spoke with XXXX and XXXX, a claims supervisor with Capital One and they advised that there was nothing Capital One could do, though they acknowledged Capital One was at fault"
7361	"I tried to cash XXXX checks with Citibank after opening my checking and savings accounts with them, checking account number XXXX. XXXX was from payroll where I work for {$200.00}. The second was from XXXX XXXX for a closed account for {$1500.00}. Citibank closed my account and told me the checks declined due to my account being closed and that I would be free to cash them elsewhere. I spent a whole day driving around trying to get these checks cashed, they kept declining. XXXX refused to give me any information besides telling me the check was already cashed. XXXX would not tell me where the check was cashed. I contacted Citibank again today after hearing back from XXXX about the check already having been cashed and Citibank is refusing to give me any information regarding the checks. I need Citibank to finish closing my account and send me the funds for the checks if they were cashed OR provide me with the information requested. This has ruined my mental health and I am no longer able to pay for XXXX XXXX  because Citibank closed my account and I do not currently have a debit card number. I also expect some kind of compensation from Citibank for all of these issues and the distress they have caused me or I will be pursuing legal action."
7362	"I refinance my home on XXXX XXXX, 2016. Loan was with XXXX. XXXX transferred my loan to Freedom Mortgage on XXXX XXXX, 2016 even though they had received a payoff demand letter from my lender and I had called them to inform them that I was refinancing and it would close on or about XXXX XXXX, 2016. Meanwhile, there was also an insurance claim check for water damages to my home for {$7000.00}. XXXX transferred my loan, the insurance check and the payoff check all over to Freedom Mortgage when I had refinanced with XXXX Bank. XXXX had received the payoff demand letter and I had called them. I have been fighting with Freedom Mortgage since XXXX XXXX, 2016 to get this corrected. Now Freedom Mortgage has kept my {$7000.00} insurance claim money and charged me {$6000.00} in interest for a loan they never should of had to start with. I have been trying to resolve this now for almost 4 months going on 5 months. All I get is the run around and I am frustrated beyond words."
7363	"In an effort to validate a debt collection account that is being reported on my credit report, I asked the collection agency to validate the debt by sending them a letter via certified mail to the address provided on my report. The letter was mailed on XX/XX/2019 and I have not received a response. They have failed to respond within 30 days."
7364	"I submitted my information on XXXX on XX/XX/19. On XX/XX/19, a Reliance First Capital sales associate called me from a toll free number ( XXXX ). After hearing what he was calling about I told him I was not interested and hung up. Immediately, the same person called me back from a different phone number ( XXXX ). I picked up the phone and he started talking to me again. I told him again that I was not interested and he shouldn't be calling me again, and that I was going to file a complaint. He proceeded to tell me he wasn't breaking any laws. I asked for his full name and he told me he didn't have to tell me that and he hung up on me. \n\nI'm also submitting a CFPB complaint, because this type of harassment is not ok. You should be ashamed of these practices."
7365	"This complaint is for RoundPoint Mortgage Servicing company. RoundPoint acquired our loan for servicing. Our payment for the month of XXXX went up almost {$200.00} partially due to taxes increasing, but also because they did not originally include an escrow cushion. RoundPoint Mortgage failed to notify us of the increase until after the increase happened and did not give us our right to review or prepare for this change. When I did receive the escrow analysis, it appears there was a month missing from the calculation to verify shortages in the coming year."
7366	"On XX/XX/2020, two amounts were transferred out of my checking account with Bank of America through XXXX transfer. The amounts were {$1300.00} and {$140.00} and both were paid to XXXX XXXX ( total {$1500.00} ). I am not sure whether XXXX XXXX is a merchant or an individual! \n\nI have not initiated these transactions and I really do not know who XXXX XXXX is. On that exact day, I filed a fraud claim with Bank of America which eventually denied the claim. They are claiming that I am the one who must have approved the transactions because an authentication code must have been sent to my mobile number. I tried to talk to several departments at the bank to no avail. \n\nThey asked me to contact my phone service provider which is XXXX to find out if my phone was hacked in the time frame. XXXX said not, it was not. \n\nI contacted the bank again for the claim to be reconsidered. They said in light of the fact that there was no new information, your claim would be denied again. \n\nI tried to contact XXXX to resolve the issue. XXXX said I should contact my financial institution to resolve the fraud claim. \n\nNow I am left without the {$1500.00} and with no hope of my claim being resolved."
7367	"To whom it XXXX concern While in XXXX XXXX XXXX  I had XXXX  almost XXXX $ in fraud from my cash app balance, square after motnhs and months and XXXX XXXX  filed complaints refunded XXXX, I'm still vehemently fighting this too no avail out of principle, I'm XXXX XXXX XXXX XXXX XXXX XXXX XXXX XXXX XXXX XXXX XXXX XXXX stole from me and only less than half gets fixed XXXX  months ago. \n\n\nI want the CFPB to publish this description on consumerfinance.gov so that others can learn from my experience."
7368	"XXXX XXXX I tried to mobile deposit a legitimate payroll check. Chime bank could give NO REASON for them not accepting the check. Since they have no brick and mortar presence I was left holding a check with no way to cash it deposit it without significant cost to me. \n\nAdditionally, Chime has been withholding XXXX direct deposits and offering no information about the delay to it's customers. Week of XX/XX/XXXX. \n\nThey are a scam bank with zero customer service."
7369	"I went to a XXXX XXXX for a hot dog and within the hour my funds were removed from the account. I used my phone wallet to make the purchase. Never once did i have the physical card on me. The hacking system used got my information from the one purchase i made at that XXXX. They made sure not to take my full amount and made it an even number. Reported it to Venmo and was denied because the funds taken out werent over my limit. The scammers left me with {$3.00} in my account. I made a police report and reported it to the XXXX XXXX franchise. My bank account resolved the case 3 days later denying my dispute."
7370	"Robinhood ( a publicly traded company ) has a XXXX  credit card that advertises 3 % cash back across the board on purchases on its website, in its app, and numerous other areas. A few months ago, they decided granting me XXXX or XXXX points on legitimate transactions, stating they do not allow business purchases. I provided proof that certain transactions were not business purchases. Despite this, they still refused to honor their advertisement and agreement and did not correct the issue and award the points. They owe me over {$120000.00} in points for various charges. \n\nThese include contractor work on my house, new hvac, shutters, personal legal expenses, and more. \n\nThen they had the nerve to ask me what several merchant charges were for. Asking a consumer what they purchased or what certain charges are, are inappropriate and irrelevant. \n\nNot only do they withhold points arbitrarily, they are indifferent to their customers and have the nerve to interrogate them about their purchases.i have reached out several times to resolve this issue. Robinhood owes me XXXX  of XXXX  in rewards."
7371	"I am submitting this urgent complaint because Sallie Mae has sent me a Final Default Notice dated XX/XX/year>, stating that my loan will default on XX/XX/year>. This imminent default is happening solely because of Sallie Maes repeated errors, misrepresentations, and mishandling of my in-school deferment, not because of borrower negligence. \n\nSallie Mae admitted on a recorded call ( XX/XX/year> ) that they repeatedly sent me the wrong deferment forms. I completed and submitted the forms they gave me each time, believing they were correct. Sallie Mae never informed me that their system automatically rejects documents submitted as PDFs, despite their website instructing borrowers to upload PDF documents. This undisclosed system rule directly caused my deferment requests to fail. \n\nI am an actively enrolled student. My school has consistently verified my enrollment. Sallie Maes errors forced my loan into repayment prematurely, resulting in unaffordable monthly payments that exceeded my income. I repeatedly asked Sallie Mae for hardship, reduced payments, or any assistance program. Their representatives lied and told me no payment programs existed, which Sallie Mae later contradicted in writing to the CFPB by acknowledging I was offered programs. \n\nThese errors pushed my loan into past-due status. Sallie Mae then reported negative credit marks that severely damaged my credit and also harmed my cosigner, XXXX XXXX, who has had a XXXX score for years. \n\nI have taken every step available, including sending a certified demand to XXXX XXXX XXXX XXXX XXXX and preparing a complaint for the Michigan Attorney General. Despite Sallie Mae acknowledging representative error, they refused to reverse the harm or stop the delinquency escalation. \n\nNow, Sallie Mae is using THEIR errors to push my loans into irreversible private loan default."
7372	"Shellpoints XX/XX/year> response to my prior CFPB complaint was non-responsive and introduced new unsupported eligibility rules rather than providing the requested authority and reconciliation. Shellpoint again refused to identify any XXXX XXXX guideline, regulation, or servicing rule supporting its position that ( 1 ) this XXXX XXXX loan is not eligible for payment deferral and ( 2 ) a confirmed Successor in Interest must formally assume the loan before being considered for deferral. Instead, Shellpoint expressly declined to provide the guidelines while continuing to rely on them. Shellpoint also failed to provide a true reconciliation of the alleged delinquency. A transaction history is not a reconciliation. The response still does not explain how the servicer calculated delinquency across the forbearance period, how returned and unapplied payments were treated, or how servicing transfer issues, restricted insurance escrow, loss draft delays, and inspection delays affected the account. Shellpoints response also conflicts with its own prior communications, which repeatedly identified deferment as a post-forbearance option. This is a new complaint about Shellpoints deficient CFPB response itself, its refusal to provide governing authority, and its continued failure to provide a compliant and substantive response to my Notice of Error and Requests for Information."
7373	"This agency has refused to provide documentation of the so called defaulted loan. They continue to report inaccurate and false information about a debt that does not exist. They have violated my rights as they continue to garnish my wages without ever submitting adequate documentation to support their claim nor was I ever offered an opportunity to dispute the debt. They immediately began to take my wages for debt that I do not owe. The data that is listed on their website about this apparent debt doesnt even make sense. After several recorded conversations two reps have admitted that they cant send documents that dont exist.They continue to violate my rights and steal my wages."
7374	"My home was in a federally declared disaster area as a result of hurricane Irma. This natural disaster caused my family to incur additional, unplanned expenses. I was made aware of forbearance opportunity for people like myself who are in a federally declared disaster area and requested this from my lender, FBC Mortgage. FBC was  corporative in providing this forbearance and gave me 3 months with no mortgage payment. I did not need the entire 3 months that was provided and only took 2 months ( XXXX and XXXX ), paying XXXX plus some additional monies to catch up, in a timely manor. Now I expected, as my interpretation of the federal law that the 2 months that I missed would be added to the back end of the loan. FBC is not allowing that. I would then expect to be able to increase my normal mortgage payment for a few months to catch up on the payments that I missed. FBC mortgage has denied me a repayment plan. In fact, the extra amount included with XXXX mortgage payment was \" unapplied ''. FBC has declared me delinquent and is insisting on a Modification. I believe you will find FBC Mortgage is in violation of federal law. FBC Mortgage is not looking out for their customers and not allowing reasonable accommodations to settle up after a natural disaster."
7375	"This bank has double charged me {$270.00} back in XXXX. I filed a dispute with them, and they credited my account for that amount. Since then my account has been XXXX on 9 separate occasions. Thats a total of - {$2400.00}. I brought it to their attention, their response was that they only see one transaction for that amount, after I have provided documentation showing proof of their mistake. This bank only wants to make money off their consumers with providing little to no help at all!"
7376	"Consumer Financial Protection Agency Dear Sirs, Madam Re : Freedom Mortgage XXXX XXXX XXXX XXXX, XXXX XXXX XXXX Ever since I received a copy of my mortgage statement in XXXX I noticed that they had paid for XXXX house insurance policies for 2015. I had changed my insurance company from XXXX XXXX to XXXX before the XXXX policy expired in the month of XXXX. I had told XXXX to cancel at that time. The policy amount paid by the mortgage company, XXXX Mortgage, was over {$4800.00} where the policies with XXXX and XXXX were about {$2300.00} and {$2600.00}, respectively. I called the mortgage company and they had no answer for the double payment. The only information I got from them was that the XXXX payment was returned to them in XXXX 2015. To this day I have had no communication returned to me at all except for XXXX XXXX XXXX with Freedom, telling me she does not handle these complaints. Please help me with this problem as I do n't know how to make them listen to me. \nThank you very much, XXXX XXXX XXXX XXXX XXXX XXXX XXXX XXXX XXXX, XXXX XXXX, XXXX, XXXXXXXXXXXX Account Number XXXX"
7377	"how many times should I dispute this? I mailed the bureaus what they need and still I'm being ignored? I have unauthorized inquries and accounts that I want them to removed no proof that is beingsenttome."
7378	"Spoke to VW rep regarding why my account was being reported as late for three consecutive months and requested that it be corrected. I received a letter that waived 3 months payment starting in XXXX thru XXXX. Presented to credit reporting bureaus and the 3 months was changed to XXXX XXXX and XXXX of which the period is still incorrect as I was only late for XXXX as I had a previous months XXXX XXXX and XXXX payments waived as well."
7379	"I am disputing a collection account reported by Summit A * R for an alleged XXXX range membership in XXXX, Texas. This debt is inaccurate, unverifiable, and likely misattributed. I relocated from Texas in XXXX, and this account did not appear until XXXX on XXXX  and XXXX, and only in XX/XX/XXXX on Experian XXXX years after I left the state. \n\nSummit A * R has failed to contact me or provide any legally sufficient documentation, including a signed agreement or itemized billing statement, as required by the Fair Debt Collection Practices Act ( FDCPA ). A claim of \" verification '' is not enough under the law ; I have not received proper validation of the alleged debt. \n\nSevere Credit Damage XXXX XXXX Since the collection was added to my Experian credit report in XX/XX/XXXX, my credit score has dropped by XXXX points. \n\nThis is especially harmful given that I have maintained a credit score above XXXX for over XXXX  years, with no history of missed payments or delinquencies. I take my credit profile very seriously and have worked diligently to protect it. \n\nXXXX XXXX XXXX Widespread Pattern of Harm Summit A * R has a documented pattern of similar consumer complaints filed with the CFPB and XXXX  : XXXX. CFPB Complaint ID # XXXX ( XX/XX/XXXX ) : Harassing voicemails and no debt validation. \n\nXXXX. XXXX  Complaint ( XX/XX/XXXX ) : A XXXX point XXXX XXXX drop reported after Summit A * R filed an unverified collection. \n\nOther complaints : Allegations of FDCPA violations, unauthorized credit pulls, and third-party contact. This reflects a broader issue of noncompliance with federal debt collection and credit reporting laws."
7380	"They called me in XX/XX/2023 to settle a debt but they threaten me that if I do not make a payment plan that they will come to my job or come to my house and also garnish my wages. They also told me that they have my Social Security number. I tried to start a payment plan with them and is not able to pay it back at the moment so now they called me again. XX/XX/2023, and they are saying the same thing. If I dont settle the debt said theyre threatening to come to my house or my job or garnish my wages."
7381	"I was a victim of a scam that I did not know was a scam. I met someone on a dating site and they said they were in XXXX Military person who said he was trying to get to the US. \nHe said he had a credit card that had millions on it and he needed my help in getting the card to US. He would give me money if I helped him. I feel so bad about what happened. I understand that I was fooled by this. \nI should have never got involved but I did. My bank was WellsFargo and I sent money to an individual who I think is XXXX XXXX XXXX from Virginia. Money was sent thru XXXX. \nI contacted a detective from my county which is XXXX XXXX in Maryland. WellsFargo will not give up any information and XXXX said they have no record of what was sent. Detective couldn't help me. \nI have the transactions outlining what was sent and received. The email address I used to send to XXXX XXXX was XXXX. Between the two banks someone has to know who received the funds. I was told to use XXXX on the account which was told by the scammer because his name is XXXX XXXX XXXX. Of course I would love to get my money back but the main thing is to catch this scammer to stop him from doing this to someone else. I have attached the transaction sheet. The scammer verified with me that he did receive the funds every time I sent them."
7382	"On XX/XX/2023 I purchased XXXX XXXX prepaid gift cards from XXXX. One in the amount of {$100.00} and another in the amount of {$200.00}. Both we gifted to my sister who immediately informed me that they had been used, the card numbers scratched out, and repackaged. I reached out to Target for resolution and redirected to XXXX who requested proof of purchase, pictures of the gift cards, my contact and drivers license information. I submitted this information XX/XX/2023 and received a case number of XXXX. To date, XX/XX/2023 XXXX has not provided resolution, I am out of {$300.00} and every attempt to follow-up and request a status update results in me being left on hold for excessive amounts of time. I provided all the necessary documentation and have still received no resolution from either merchant ( Target/Visa )"
7383	"In accordance with the fair credit reporting XXXX account Affirm ID XXXX, has violated my rights. \n15 USC 1681 section 602 states have the right to privacy.\n\n15 USC 1681 section 604A Section 2 : it also states a consumer reporting agency can not furnish an account without my written instructions. \n\n15 USC 1666b : A creditor may not treat a payment on account under an open consumer end credit plan as late for any reason."
7384	"I have XXXX student loans under UAS connect but was never informed that payments were due. They did not call, email, or send a letter informing me that payments were due. I was applying for another loan through a different company, but my credit report came back saying that I had overdue loans and i that I will not be able to receive any more loans. The credit report company said that the loan delinquencies will be on my record for the next XXXX years. So in that time I can not get any more student loans and will not be able to pay for college. I called XXXX connect to figure out why my credit report is showing loan delinquencies and they said that it was because my payments were overdue. I was never informed that payments were due and on the website for my loans it said my next payment was due XX/XX/year> so I asked why it was showing up differently on their side. I was told that I had XXXX months worth of past due payments. When I asked why I was not informed of any due payments, they said they could not contact me due to security reasons. I do not see how I was meant to know about due payments when there was no communication of such."
7385	"I was never informed how credit really work so at the time that I received these two credit cards, I thought that I could handle the credit cards responsibly. I did well for a few months and then I had a change in employment which resulted in less money to pay credit card payments. When I got to a place that I could start paying on these two cards, I started sending monthly payments directly to Capital One for the two different credit cards that I had. I did not call and ask for a settlement. I just wanted to be responsible and pay the debt and so I did. Because I didn't know much about credit and credit reports, I didn't know that even once the debt was paid in full, it would appear on my credit report as Charged Off /Paid in full and closed by Consumer. I've become much more educated on credit and have been able to use my credit in a responsible way now. I just ask that the negative remarks be forgiven. Please consider my request as I have been working hard to build my credit profile and use it the way it was intended to be used. Thank You in Advance."
7386	"My credit report contains an account that I never opened, authorized, or recognized. I have no relationship with the reporting creditor, and this account is fraudulent. The inaccurate reporting is causing significant harm to my credit profile."
7387	"I bought a XXXX XXXX XXXX  car from XXXX car dealer in XXXX, name is XXXX XXXX XXXX. \nMy loan term is 7 and 1/2 year that is 90 months, I paid {$1000.00} down. \nMy installment is {$360.00}, which I find it very high interest rate. \nI feel I have been paying very high interest rate, because I am XXXX. ( like XXXX XXXX XXXX XXXX ). they have  discriminated against me. \nCan you please help? \ndate of purchase XX/XX/2017"
7388	"My student loan servicer, Nelnet, notified me via message in its customer service portal on XX/XX/2023, that the XXXX loans in my account had entered into an Administrative Forbearance, which had begun the day before, XX/XX/XXXX. \n\nOfficial correspondence from Nelnet ( attached ) stated that the Administrative Forbearance would be in effect between XX/XX/XXXX and XX/XX/XXXX, and the estimated interest to accrue on my loans during this time would be {$0.00}. \n\nInstead, interest continued to accrue on my loans each day of this period according to the usual rates. \n\nI emailed Nelnet 's electronic helpdesk on XX/XX/XXXX ( attached ) to raise the issue and ask for a resolution. The automated response stated that I should call Nelnet directly and insinuated that there would be no direct reply to my message. \n\nI called Nelnet on XX/XX/XXXX at XXXX EST and asked for an explanation and resolution of the situation. I spoke with the customer service representative for XXXX minutes. They offered to ( a ) remove the Administrative Forbearance or ( b ) send another letter stating that interest was accruing correctly on my loans ( and implying that the original letters were incorrect ). \n\nI refused both and told the representative that I'd file a complaint with both CFPB and XXXX for deceptive business practices. The representative had no other response other than to say \" sorry. ''"
7389	"I asked CFPB ( complaint # XXXX to investigate the reason and to require remedy to their making my account, which was a Union Bank account , accessible. \nYou say that USBank has responded. \nYou give no evidence of response. \nSince merging Union Bank into USBank I, and probably many expats, have no access to their accounts. \nCFPB has only copied my last two complaints rather than take any action. \nIt is derelict by definition of it's charter and purpose. \nI need access to my bank account. I live in XXXX. I need something with authority to represent my circumstances and provide remedy!"
7390	"My PayPal account was permanently limited after I received a {$1000.00} personal transfer from a friend. This transfer was not related to any sale of goods or services, and there was nothing sus or anything thats not allowed to do conducted through PayPal. \n\nAfter the limitation, PayPal informed me that they would no longer provide services for my account, but did not clearly explain which specific activity violated their policy. I contacted PayPal to request clarification and asked whether this personal transfer from a friend was considered a violation, and can they help me to unlock my account and as well as when my remaining balance would be released. \n\nI was not provided with a clear explanation, only informed that the decision was final and that my funds would be held for up to 120 days. I am submitting this complaint to request clarification regarding the permanent limitation and I want my money back as soon as possible because all the money which is XXXX dollars now are frozen in my account. Everything that Paypal do to me is unreasonable and XXXX dollars is a lot of money and I need the money to survive."
7391	"I paid my XX/XX/year> mortgage payment within the grace period on XX/XX/year>, but Newrez LLC dba Shellpoint Mortgage Servicing ( f/k/a Specialized Loan Servicing LLC XXXX XXXX ID XXXX ) charged me a late fee, because they said since the payment was made on a weekend, they did not process the payment until the next business day."
7392	"So I purchased gas in Pennsylvania for XXXX, and I was charged XXXX. And then the statement says pay XXXX? And when I click to pay, it has {$35.00}. I was told that this was because I bought gas in a different state from where I applied, but I live in Pennsylvania, and then he said it was because the BP might not participate in the program. I am so confused"
7393	"I am filing a complaint against Cash App ( Block , Inc. ) due to inadequate customer service and unfair practices, which violate the Consumer Financial Protection Act ( CFPA ). Specifically, Cash App failed to take timely and effective measures to prevent and address fraud on their platform, leaving my account vulnerable and unprotected, Furthermore, their dispute resolution process was unfair and deceptive, as they did not comply with error resolution requirements under the Electronic Fund Transfer Act ( EFTA ) and Regulation E. These actions have caused significant inconvenience and XXXX financial loss, and I seek appropriate redress for these violations."
7394	"American Express offers Amex Offers wherein customers can save a certain amount of money for meeting certain spending thresholds. You must add these to your card before making the purchase to be eligible. Prior to purchase, I added an offer for XXXX XXXX XXXX  to my Amex Business Plus card ending in XXXX where if I spend {$350.00} by XX/XX/2023, I would receive a {$75.00} statement credit back. This was eligible for rentals within the US and US territories and I had a purchase of {$570.00} which appears on my credit card statement for my card ending in XXXX as \" XXXX XXXX XXXX XXXX XXXX XXXX XXXX XXXX' for a rental I made there. This transaction posted by the deadline of XX/XX/2023. I contacted Amex and they are refusing to honor this term as they claim it did not meet the requirements, despite everything showing that it does. I contacted them on XX/XX/XXXX and XX/XX/XXXX to resolve this matter short of filing this complaint and they have refused to honor their own terms. This is consumer fraud and clear bait and switch as I never would have used this card for this purchase was it not for the statement credit."
7395	"My auto loan requires full coverage insurance, which I have. The loan company ( Heritage XXXX XXXX ) uses a 3rd party to handle insurance verification. In XXXX, I switched insurance companies and was informed by Heritage, that the listed address was wrong. They informed me that if it wasn't corrected, they would charge me an additional {$110.00} per month for \" their '' insurance. The issue was immediately corrected and the loan company informed me that everything was good. Fast forward to the end of XXXX and they suddenly begin charging me that insurance fee, making the same claims yet again and have now disabled my vehicle because I did not have an additional amount to pay in the middle of the month here. I offered to switch back to my previous insurance company and pay them the additional amount on the XXXX of XXXX, due to being a XXXX veteran and only being paid once per month. They became rude and made threats of disabling or repossession even though I have NEVER missed a single payment. The demands and threats being made are ridiculous and highly illegal. I attempted to make things right, even though legally I have no obligation to pay additional fees, while doing everything they requested. I can not make any further changes to my current policy because it's already exactly what they asked for. They are demanding I somehow change something to what it already shows and even with them having my declaration page, they're still refusing to acknowledge that there is no issue. My car is now disabled and being XXXX myself, this will cause me medical issues, being unable to get to my doctor. I need the CFPB to handle these scammers."
7396	"Grievance Complaints : Internal Fraud Schemes for Unsubstantiated Maintenance Fees {$8.00}. XXXX  XXXX XXXX XXXX  who informed I have 6 FREE Transfers from Savings Account per month. Tactics to tranfer you to a different Department to not be held Accountable for Fraudulent Maintenance Fee. RICO Racketeering Corruption and XXXX Schemes. \n\n2. I asked how many times I Transferred in XX/XX/2021? XXXX \" Only 1 time. \" I asked HOW many times in XX/XX/2021? XXXX replied, \" 4 times. '' Then I asked, WHY was I charged a Services Fee on {$8.00} on XX/XX/XXXX? She said, \" You must maintain a certain Balance in Savings Account to not be charged. '' I informed I only used 4 out of 6 Free Transferred, so why was I wrongful charged {$8.00} Maintenance FeeWhat does my Balance has to be She looked but could not find nor provide an answer. Then she told me she needed to speak to a different Department please hold. This went on about 10 to 15 minutes. She finally returned to tell me she still has no answer and that the systems are down. Then she told me she would have to Transfer me to a nother Department. I asked What Department is that? She said, Credit Card. I asked Why when it's my Savings Account XXXX said it ALL THE SAME, your Debit Card with Master Card is the same as Credit Card with Master Card. I had no choice but to let her tranfer me to CCD. I asked XXXX did she send Notice WHY I was being Transferred to her CC Department so that I would not have to re-explain everything we discussed? XXXX said Yes and then made Transfer to Credit Card Department. \n2. Transfer to CCD SW XXXXfr XXXX who answered and Asked What I can Help you with since I am waiting for your information to come up. I told her. Then she told me I know you were transferred to me ; but I have to TF to Deposit Department. \n3. Deposit Holding Department automotive could not Service and disconnected me."
7397	"In accordance with the Fair Credit Reporting act Account name : XXXX XXXX Account # XXXX Account name : XXXX XXXX XXXX Account # XXXX Account name : XXXX XXXX XXXX XXXX has violated my rights.\n\n15 U.S.C 1681 section 602 A. States I have the right to privacy.\n\n15 U.S.C 1681 Section 604 A Section 2 : It also states a consumer reporting agency can not furnish a account without my written instruction 15 U.S.C 1666B : A creditor may not treat a payment on a credit card account under an open end consumer credit plan as late for any purpose"
7398	"Dear CFPB, I am filing a complaint against Westlake Financial due to an issue with my auto loan account that has resulted in a late payment, despite the fact that I have already paid the amount due. \n\nWestlake Financial mistakenly created two separate accounts for my auto loan. I was unaware of this error until I received a bill, which I promptly paid on XX/XX/24. However, after I made the payment, Westlake Financial informed me that the payment was applied to the wrong account. As a result, they are now claiming that my payment is 18 days late, even though they have already taken my money. They kept calling me daily and when i explained the issue they would apologize and promise that it would be fixed soon. \n\nThis error was caused entirely by Westlake Financial, yet I am being penalized for it. I have tried to resolve the issue with their customer service team, but I have not yet received any satisfactory response. I am concerned about potential late fees, damage to my credit score, and ongoing confusion about my account."
7399	"I am writing to formally express my concern regarding Zelles handling of disputes, particularly in light of the recent CFPB lawsuit highlighting significant issues with the platform. Despite using Zelle numerous times and reporting discrepancies, my financial institution and Zelle failed to investigave my claimes adequately. They informed me that recovering lost funds was impossible and that tracking these transactions was unfeasible. The CFPBs findings indicate that Zelle has not only neglected to protect consumers but has also allowed repeat offenders to exploit the system, leaving users vulnerable to scams. This lack of accountability and transparency is unacceptable and raises serious concerns about consumer safety."
7400	"I am filing this complaint because Transunion LLC has ignored my request to provide me with documents showing proper validation for negative items reporting on my credit report. Instead they sent a letter stating that certain items were verified with the original creditors, but where is the PROOF??? I am aware of my rights under the FCRA and Consumer Reporting Agencies bear grave responsibilities to ensure the accuracy of the accounts they report on and their responsibility must consist of something more than merely parroting information received from other sources. That basically means that you ca n't just verify my account by telling me it is verified. Nor can you verify my account by telling me you contacted the creditor and the account I disputed is \" Verified ''. This means that IF you ca n't send me proof of these accounts from YOUR COMPANY, it must come off. Please make sure that XXXX abides by the law and provide documentation or delete immediately. \n\nAccount Name : XXXX XXXX XXXX. Account Number : XXXX Account Name : XXXX XXXX Account Number : XXXX Account Name : XXXX Account Number : # XXXX"
7401	"I feel like because the interest rates are sky high now, as a normal class hard working family its unfair how the banks are taking advantage of us with the interest fees and all. \nMy HELOC l, because its not on a fixed rate plan it fluctuates according to the federal interest rate. My payments have doubled and I am not even paying the capital. \nSo banks are making money while we are loosing our homes. \nHow fair is this?"
7402	"When my federal student loans were transferred to Nelnet, Servicer to Federal Student Aid, in XX/XX/XXXX, I enrolled in AutoPay with a scheduled monthly payment of {$190.00}. Since that time, my AutoPay was unexpectedly placed into forbearance without my initiation or consent around XX/XX/XXXX. Most recently, in XX/XX/XXXX, my AutoPay amount was changed to {$150.00}, again, without any prior notification or approval from me. \nWhen I contacted Nelnet 's customer service, I was not given a clear explanation for these changes. I requested a written explanation for the adjustment, but was informed that this was not something they could provide. \nI am deeply concerned by these unauthorized modifications. If I had not been closely monitoring my account, I might not have noticed these changes. Reducing my AutoPay amount without consent could potentially extend the term of my loan and increase the total interest I pay over time, which feels misleading and unfair.\n\nI would appreciate a formal, written explanation of why these changes occurred and what steps are being taken at the Bureau level to monitor Nelnet to ensure this does not happen again without my consent."
7403	"Each and every year, I need to resubmit paper work to my student loan servicer to requalify for XXXX XXXX XXXX ( XXXX ). At least twice in the past, the servicer has either not filed the paper work in a timely manner, or completely lost it. This has resulted in interest being capitalized onto my loan. The first time it happened ( they lost or forgot about my application ) I called customer service, and they reversed the capitalization. The second time, last year, they were given the paper work in time ( more than 10 days ahead of the due date ), but did not process it in a timely manner. This resulted in interest capitalization onto my loan. I called customer service, and was not able to get any help at all. They would not even listen to my issue. I then sent a letter, with proof of my timely submittal, but I have not heard any response. \nNot only is the capitalization an extreme burden to me trying to pay back my loans, but each time XXXX does not process my paperwork in a timely manner, the actual terms of my loan are reset to essentially zero. All of the work I had done in the past to keep things straight and on time is ruined, AND they get to charge me more for the loan. It's almost as if it is in their interest to not file my paperwork on time. It makes them more money."
7404	"I recently reviewed my credit report and noticed an account that was not reporting accurately that I have not ever even opened. its says somethings about having two late payments on an account that in fact could have been paid on time. The consumer reporting agencies have need to report all information with complete accuracy. this account has not been late on payments ive attached a copy of my report to this complaint on the following dates XX/XX/year> I'm now requesting you investigate and provide verifiable proof with records showing that their were late payments. If this information can not be verified I demand these payments be updated to paid on time immediately or removed Thank you for your understanding and prompt action please Im begging Im only XXXX and this is considered fraud thank you so very much"
7405	"I am fillings complaint against Cash App ( Block , Inc ) due to inadequate customer service and unfair practices, Which violate the Consumer Financial Protection Act ( CFPA ). Specifically, Cash App failed to take timely and effective measures to prevent and address fraud on their platform, leaving my account vulnerable and unprotected. Furthermore, their dispute resolution process was unfair and deceptive, as they did not comply with their error resolution requirements under the Electronic fund Transfer Act ( EFTA ) and Regulation E. These actions have caused significant inconvenience and financial loss, and I seek appropriate redress for these actions."
7406	"I left an apartment with proper notice due to a domestic issue with my XXXX XXXX. \nThe apartment complex allowed me to leave in XX/XX/XXXX. My XXXX XXXX stayed until XX/XX/XXXX. \nThe collection agency refuses to follow up with their client. They request emails to a no reply email so they can say you didn't respond and place on your credit. Which XXXX, genesis collections did. \nThey have since hung up, placed my nee husband on hold for well over XXXX minutes. They have told us we're going to let them finish talking and yet don't ever let us finish talking without interruption. \nThey have hundreds of complaints on the BBB for their tactics. \nThey continue to ignore the request for them to read the lease that is invalid from the beginning or reach out to the client to confirm I was removed from the lease. The other 2 people on the lease are responsible. Yet, they're not being harassed and bullied like the company is doing to me.\n\nGetting out of a domestic violence situation is not a joke, clearly this company feels like bullying me will get the debt paid but I will seek legal damages if this continues. \nThis needs to be removed from my credit immediately. Instead of attempting to have us jump through hoops, they need to speak to the property manager. All that takes is a call. \nTheir employees XXXX and XXXX wanted to argue or get payment, they could care less about doing the right thing. Please help"
7407	"Today 's date is XX/XX/XXXX @ XXXX. I am currently on the phone with a Mr. Cooper representative to address the status of our request for a reasonable modification of our loan. We have made three trial payments, but as yet have not come to an agreeable, acceptable modification. We have also questioned why there are arrearages totaling $ XXXX. Please explain where this came from ... ... furthermore, modification letters revealed the interest rate is not adjustable and subject to change. WE ARE ONLY INTERESTED in a fixed rate, preferably lower than 6.85 %. \n\nAddition comments made via email to XXXX XXXX : I have received the documents that were included in your previous email to me. As of today, I have spoken with a supervisor in the modification/ligation area or financial assistance to help explain those documents and answer remaining questions. We have noticed there is an arrearage ( accumulations of payments ) on our loan. Could you please explain this? For informational purposes, I have included a pdf of payments that were applied to the account and deemed complete and current after our bankruptcy in XXXX. \nFurther, we have questioned the interest on our loan during modification request and was told a mistake was made in offering a 3.86 interest."
7408	"XX/XX/XXXX I transferred {$1000.00} from Marcus by Goldman Sachs to my new XXXX account. This money was transferred without issue and was never recalled. on XX/XX/XXXX, I transferred {$100000.00} from Marcus to XXXX. On XX/XX/XXXX, Marcus recalled {$100000.00}, and because XXXX was forced to remove me from my positions, I lost over {$1700.00}. When I called Marcus to inquire what happened, I was told that I was not allowed to transfer to XXXX, which is why it was recalled when I pushed back and stated that my original deposit went through without issue. I was then told it was because Marcus thought it was a fraud, so it was recalled. I asked why didn't anyone contact me to verify I was told that it was reviewed early in the morning and they don't make notifications at that point. A day later, they froze my account, and it caused me to incur additional fees from a bill auto payment. Numerous Marcus employees, including supervisors, told me it was a mistake on their end and that I should be reimbursed. My request for reimbursement has been denied twice and still without explanation as to why."
7409	"I already informed cash apps that im a victim of Identity theft and I want to close my account to them. Ftc /fbi /police department informed me to close all my savings and checking and anything that involved with the love scammed I had. I got 1099B from Irs sales that im not involved. Up to now since XX/XX/2021, Cash apps is giving me hard time closing my accounts with them. I already give then ftc info but still now my account still open and the 1099B sales dont know what to do, I informed Irs for fraud transactions with this from cash apps.even XXXX charging me which i disputed."
7410	"To whom it may concern, RE : XXXX XXXX Credit Card from Barclay 's  Misplaced my credit card statement and made the payment when I was reminded it was 10 days late. \n\nThe outstanding balance they calculated the interest of 26.74 % was the average monthly balance of {$5900.00} not the actual balance of {$3500.00}. \n\nThe payment was also only 10 days late and we were charged {$120.00}, which works out to a real annual charge of {$4600.00} or 130.54 % on an annual basis. \n\nThis is just criminal!"
7411	"I had over XXXX $ in charges in which I disputed as I did not receive the services. The dispute was denied a few days later without any documentation. I appealed it and it got denied the same day. This money was STOLEN from me and XXXX  has done nothing and sided with the merchant without providing any valid reasoning or documentation. Their reasoning for the initial denial was that it was consistent with my payment history. As I was charged multiple times for the same transaction and as well I DID NOT receive the services and I was locked out of my account with all my funds in it. I will be filing a lawsuit."
7412	"JPMorgan Chase & Co. reported a gross transaction amount of {$59000.00} to the IRS for XXXX XXXX XXXX for the XXXX tax year. Banking records for the account ending in XXXX confirm these funds were never delivered. Financial Variance : * XX/XX/year> : {$28000.00} reported vs. {$2100.00} transferred. * XX/XX/year> : {$31000.00} reported but not settled. Total Withheld : Approximately {$57000.00}."
7413	"Originally, my secured and unsecured loans were with Sallie Mae, who I'm guessing sold to Navient. Navient wanted {$900.00} a month and I couldn't pay that amount monthly. They suggested I try the Income Driven repayment plan I have been on that plan for a few years. My monthly payments change every year but what's not happening is the balance isn't going down but up. I have called asking why I can't have a lower monthly payment that doesn't go up until I pay off my loans and never get a straight answer."
7414	"I've had XXXX Ethereum crypto ( current worth {$490.00}, has fell 10 % in price since I opened a dispute with them 4 days ago ) held by coinbase.com for almost XXXX  years now which has been unavailable. I've tried for the last XXXX  days to get resolution to this with constant run around. First it was because my ID was out dated, I went through the verification process and then they told me it was because its on hold from a transaction back from XX/XX/year> and the transaction would need to be cancelled, I contact them the next day and nobody knows whats going on with the case, I believe no one is doing any thing about the issue."
7415	"I received a NSF fee for an item even though I had a positive balance on my account after the item was charged. All of the items posted and left me with a positive balance at the end of the business day on XXXX/XXXX/2015, but on XXXX/XXXX/2015 the item was termed and I was charged an NSF fee. My online banking shows no sign that I was ever in the negative- I am attaching a copy of the bank statement. I spoke to XXXX people at the bank today, XXXX of which stated they were supervisors ( XXXX and XXXX ) who all stated that Regions Bank 's back office support is different than what their customers see via online banking. This is extremely disturbing- this ultimately means that the information related to the consumer is incorrect and can result in extra fees unavoidable to the consumer. \n\nI was advised that pending transactions from XXXX took precedent over all other charges that were posted the same day, even though the pending transactions did not post until XXXX/XXXX/2015. I hope I 've explained my complaint in a way that can be understood- I 'm still perplexed myself at the entire situation. The bank statement will clarify why I feel Regions Bank is acting unlawfully in not presenting all information to their consumers to assist in avoiding extra fees."
7416	"I purchased a XXXX XXXX XXXX XXXX from XXXX XXXX on XX/XX/XXXX Installment Sales Contract was executed form American Credit Acceptance LLC for XXXX i have made XXXX payments of XXXX totaling to XXXX and a down payment of XXXX I looking over my contract I realized the contract was fraud and i am over paying on a used truck and they were in violation of 15 USC 1601 truth and lending incorrect disclosures 15 USC 1605 Determination of finance charge I was not required to put down a deposit which I did XXXX as 15 USC 1635 I was never informed my right to Rescission and that's just some of the violation I have sent certified letters to American credit Acceptance CEO and AlsXXXX XXXX XXXX XXXX informing them of these violations and laws that they have broken and I have not gotten a responds."
7417	"I have asked the collection company to get this validated and they indicated they were reaching out to the company that was over a year ago, I want XXXX XXXX to validate this debt. If this was mine there should be something on their file with my signature. I want that evidence ASAP! this thing goes from collection company to collection company always with a new open date."
7418	"I qualify for PSLF forgiveness. I have well over 120 qualifying payments and have been a publis school teacher for 20 years. \n\nI filed for PSLF XX/XX/22. \nMy employment has been certified. \n\nNelnet has not moved my plans over to XXXX. XXXX has requested the loans five times. \n\nI have been on the phone with both Nelnet and XXXX numerous times. This process should have only taken 30 days. It's now been over 10 months. \n\nI want my loans moved immediately."
7419	"On XX/XX/XXXX I attempted to change my telephone number with Chime via Chime app. I could not. I opened a live chat within the app for assistance. The representative requested documents that I sent within the app. After receiving the information the representative stop responding. I ended the chat then called Customer Service. While on hold I received an alert stating suspicious actions and my account was suspended. I've submitted 3x all requested information, As of this writing ( XX/XX/XXXX ) my account continued to be inaccessible even after submitting proof of ownership. They refuse to close the account and send my money. \n\nYour assistance in this matter would be greatly appreciated."
7420	"On XX/XX/year>, my Remitly account was suspended without prior notice. Before the suspension, I had approximately USD XXXX in my Remitly XXXX from a single international money transfer. After the suspension, I was no longer able to log in to my account or access my wallet balance. I contacted Remitly support multiple times to understand the reason for the suspension and to ask about my funds. I was informed that my account had been suspended because of an alleged violation of the User Agreement, but no specific reason was provided. I submitted an appeal, but Remitly later informed me that the decision was final and that my account would not be reactivated. During a support chat, a Remitly representative stated that the balance in my wallet would be returned to the sender. However, I have not received any confirmation that this refund has been completed, and I have not been provided with any documentation explaining the current status of the funds or the process for returning them. I am not requesting that my account be reopened. I am requesting that Remitly provide a clear written explanation of the status of my approximately USD XXXX wallet balance and either release the funds to the appropriate party or complete the refund if that is their decision. I also request written confirmation once the funds have been released or refunded."
7421	"I sent {$3200.00} to my fianc on XX/XX/22 and MoneyGram did not send the funds. My fiancs   bank said they havent received any deposits from MoneyGram. They havent did anything to see where the funds went and only opened an investigation which they havent gave us any information on."
7422	"I requested an extension for my car payment for the month of XX/XX/XXXX. American Honda finance told me they would call me back about it and it should be no problem. I received a call back stating I would need to pay the late charges associated with the account before I can be granted an extension. I made my full car payment that date which happened to be one day late. ( XX/XX/XXXX day ). They never reported it late. The next month ( XX/XX/XXXX ) I paid my full car payment on the XX/XX/XXXX day. American Honda reported it late 30 days. I disputed the XX/XX/XXXX late charge and American Honda came back saying it was validated and added XX/XX/XXXX late also. I have never made a 30 late payment for the XXXX cars I financed in my life time."
7423	"There was attempted fraudulent purchases to my account prior to this. On XX/XX/year> a virtual loan was approved for XXXX stores for {$550.00}. I noticed it around XX/XX/year>. I immediately reached out to Affirm to report the issue and let them know I did not make the purchase. They started an investigation and shortly after determined I was responsible to pay. I called several times after to follow up and the representatives could find no record of my claim. This happened a few times. Finally, they could see some information. Each time the claim was reopened and Id receive and email requesting proof. I submitted the affidavit several times and also a screenshot of my XXXX account showing no such purchase. I even had a XXXX representative call on XXXX way to Affirm and speak with them stating I did not make the purchase. The Affirm representative documented this conversation and asked email the screenshot of my XXXX account to their help email address. I did that and hoped this was the end of it. Again, I received an email that Affirm found me responsible for the purchase and payment. Ive continued called to reopen the case with Affirm with the same outcome each time with no reason given other than not enough proof."
7424	"I had a forbearance due to covid for 3 months. we have been paying our mortgage for 6 months now in full. We set up new terms to extend the mortgage by 3 months and signed all of the paperwork with Wells Fargo in XXXX. Our loan still shows we are in forbearance and past due. I reached out to wells fargo in the middle of XXXX and was told it would be processed and updated 4 days from when I called. The big problem is I am in the middle of a refinance and can not proceed due to being listed as in forbearance. I called Wells Fargo on XX/XX/XXXX at XXXX after looking at my most recent statement on XX/XX/XXXX to tell them it still showed I was past due.. They stated they would work on it and call me back. No one called me back. So I called them back at XXXX and they told me there was no one that could help me and a manager would call me on XX/XX/XXXX. No one called me, I had to call them at XXXX on XX/XX/XXXX and was told a manager couldn't speak with me, I demanded a manager call me back. Finally a manager called me back at XXXX and told me there was nothing he could do and didn't know anything. I asked if he could at least write a letter stating I was no longer in forbearance and in good standing. He would not do it and said I have to wait for them to process the settlement. He told me this should have been done 1 month ago, but could not answer why it wasn't done. I am stuck and unable to complete my refinance due to their negligence and unwillingness to help."
7425	"Dept of Ed - Nelnet is unlawfully reporting on my credit report. According to The Family Educational Rights and Privacy Act ( FERPA ) is a federal law enacted in 1974 that protects the privacy of student education records. FERPA applies to any public or private elementary, secondary, or post-secondary school. 20 USC 1232g ( b )"
7426	"I have an erroneous collection report from XXXX that continues to show on my credit report. I have written the collection agency about this item and they do not show an active or closed account with this information."
7427	"Hello my name is XXXX XXXX XXXX accordance with the fair credit reporting act.the list of accounts below has violated my federally protected consumer rights to privacy and confidentiality under 15 USC1681 has violated my rights.\n\n15 USC1681 SECT 604it also states a consumer reporting agency can not furnishan acct w/o my written instructions 15 USC1681c ( 5 ) No consumer reporting agency any of the following other than records of convictions of crimes for more than7yrs.\n\n15 USC 16815-2 ( a ) 1 a person shall not furnishany info to a consumer credit agency.if the person has reasonable cause to believe info is inaccurate. \nCBE group {$910.00} acct # XXXX XXXX XXXX  {$940.00} acct XXXX"
7428	"In accordance with the fair Credit reporting act the list of account below has violated my federally protected consumer rights to privacy and confidentiality under 15 USC 1681 section 602 ( A ), 604 ( A ) ( 2 ), 1601C ( A ) ( 5 ) ,1681S ( 2 ) ( A ) ( 1 ). Account name : XXXX XXXX  XXXX # XXXX. Account Name : XXXX XXXX # XXXX. Account Name : XXXXXXXX XXXX  # XXXX. Account Name : XXXX XXXX # XXXX. Account Name : XXXX XXXX # XXXX. 15 U.S.C. 1681S-2 ( A ) ( 1 ) A person shall not furnish any information relating to a consumer to any consumer agency if the person knows or has reasonable cause to believe that the information is inaccurate."
7429	"The firm ALDOUS AND ASSOCIATES is again reporting a collection of 129.00 to my account in error. First in XX/XX/2021 and now in XX/XX/2021. ALDOUS AND ASSOCIATES is stating they are representing XXXX XXXX regarding this reoccurring dispute. While XXXX XXXX has emailed me twice, stating there is an error and not much money is owed this has not stopped ALDOUS AND ASSOCIATES from taking my credit score from XXXX to low XXXX. We need XXXX XXXX to do a much better job in protecting its client from fraudulent claims and negative impact to their financial livelihood. I must have XXXX XXXX ; XXXX legal department address this matter with ALDOUS AND ASSOCIATES directly ccd to me at XXXX Regards, XXXX XXXX"
7430	"On XX/XX/year>, I was scammed using the following app Cashapp someone sent {$65.00} to a random individual from my account. Once I realized that the payment had took place the person had already accepted it. I constantly requested the money back but to avail the person blocked and changed or deleted their account afterwards. I tried contacting customer service they basically said it was my fault and nothing they could do but online I saw they had a scam policy which they did not follow."
7431	"On XX/XX/2022, I purchased a XXXX XXXX gift card through their official business partner XXXX. On XX/XX/2022, my wife and I attempted to use that gift card to make a delivery order from the XXXX XXXX at XXXX XXXX XXXX XXXX, XXXX, CO XXXX. Despite our instructions to the restaurant including our apartment number, the delivery driver briefly placed our order at the base of the stairs to our building ( we live on the third floor ), took a picture so he could claim he had delivered it, and then left. I went to the ground floor less than XXXX minutes after receiving the notification and the order was not anywhere around our building. My best guess is that he took it back to his car and left with our food immediately after taking the picture. I immediately called the XXXX XXXX location and they said they would refund the {$41.00} cost of the order within XXXX business days. They did not do so, and they have been incredibly unresponsive every time I've tried to reach their customer support over the last XXXX months. I also contacted XXXX, and they simply referred me to XXXX XXXX support since they apparently don't handle refunds. XXXX XXXX has offered me a gift card for {$25.00}, about 60 % of the value of the stolen order. I want to get all of my money back since I did not receive any part of the order. I currently have a XXXX complaint open against XXXX XXXX, but I want there to be some accountability for XXXX as well since they are complicit in this customer service runaround. Both companies are using deceptive tactics and jointly dodging responsibility for the atrocious service they are offering, as well as aiding each other in ripping off would-be customers."
7432	"I 've been trying to get The Bank of New York Mellon to honor this agreement with your office. The Bank of New York Mellon and its attorneys have refused to offer me an affordable modification under HAMP, nor have they inquired as to my financial, qualifications so that I may stay in my home with my family. The Bank of New York Mellon never notified me of being in default nor have they sent any notice of acceleration. I have not received any statements as to who to pay from my original lender. The state court is fully aware the assignment is fraudulent ... because it was created and prepared by The Bank of New York attorney who is representing them in State Court. What is the purpose of the Consent Orders in XXXX, XXXX, if the people in which were mostly affected can not enforce or receive any benefits outlined by the Comptroller? What good is the Consent Order agreement if it is intended to be teeth less?"
7433	"I am a victim of medical identity theft. Collection agencies are reporting medical accounts without my authorization, consent, or HIPAA release. These accounts were opened or assigned without my knowledge and constitute identity theft under federal law."
7434	"There are multiple fraudulent accounts on my credit report that I did not open or authorize. These accounts are damaging my credit and were added without my consent. In accordance with 15 U.S. Code 1681g, I respectfully request their deletion within 15 days. Documentation supporting this dispute is enclosed for your review."
7435	"My mortgage loan is with HFC and I have not received a mortgage loan statement in over a year. \nI am delinquent on the mortgage and I have sought help from a HUD Housing Counseling Agency. I did do a payment plan with HFC to repay the delinquencies and they stopped accepting the payments. \nThey did not not notify me of this in writing and have not sent mortgage loan statements for me to review and resume with the payment arrangement."
7436	"I am filling a complaint against Cash App ( Block , Inc. ) due to inadequate customer service and unfair practices, which violate the Consumer Financial Protection Act ( CFPA ). Specifically, Cash App failed to take timely and effective measures to prevent and address fraud on their platform, leaving my account vulnerable and unprotected. Their dispute resolution process was unfair and deceptive, as they did not comply with error resolution requirements under the Electronic Fund Transfer Act ( EFTA ) and regulations E. These actions have cost significant inconvenience and financial loss, I seek appropriate readdress for these violations."
7437	"SEE ATTACHMENT Cash App Email Correspondence FOR FULL DETAILS 1. I opened a Cash App account in XX/XX/2021 with ID XXXX XXXX. I executed eight transactions over the year. My XXXX XXXX account has a balance of {$50.00}. See attachment My Cash App Transactions. \n\n2. Recently my bank started rejecting requests to add money to my account. ( I later realized that might have been related to having received a new debit card with a different XXXX XXXX XXXX XXXXns from Cash App support did not work. See screen recording attachment Cash App 's Failed Procedure. \n\n4. XXXX correspondence on XX/XX/XXXX and XXXX correspondence on XX/XX/XXXX indicate that their records verified what I had been telling them. XXXX offered to solve the problem. \n\n5. However XXXX was overruled. I received messages that essentially said Policies prevent Cash App from giving me my {$50.00}. For my own security interests, I should just accept this situation. \n\n6. There is something strange going on at Cash App. After their written instructions failed, the next logical step would be to for me to talk to a human. What is their intention with my {$50.00}? Do they intend to keep it?"
7438	"This is a complaint against Capital One SAKS FIFTH AVENUE MASTER CARD ; Credit Card. I am a victim of identity theft and this credit card does n't belong to me and and was opened without my authorization. Through the law I have the police report which i will attach with this complaint. So you have the immediate elimination."
7439	"I am unable to speak to a live person concerning an issue with my account. \nAvant -XXXX This is preventing me from resolving the issue. The company sends same form letter over n over and will NOT let me speak to person to discuss/so they can understand to resolve. Runaround to defraud/run up charges. \n\nNO MORE GENERIC FORM LETTERS. CONTACT ME BY PHONE TO DISCUSS. so I can explain it to you so you can UNDERSTAND."
7440	"Credit reporting agencies constantly report fraudulent information even after properly disputing and demanding they remove the unfair, fraudulent accounts, statements and inquiries. XXXX are negligent and non compliant."
7441	"Failure to Issue Funds Following Account Closure ( Account Ending XXXX ) Citibank has confirmed that my account has been closed and that the banking relationship has been terminated. Citibank has also stated in writing that any funds belonging to the customer at the time of closure will be issued via official check. Despite this, Citibank continues to retain {$15000.00} of my funds and has failed to issue payment, provide a lawful basis for withholding, identify any alternative rightful owner, or return the funds to the originating financial institution. Citibank has also failed to respond to multiple formal notices, including a deadline requiring a definitive position regarding ownership. This creates a direct inconsistency between Citibanks stated policy and its current actions. If Citibank contends that the funds do not belong to me, it must identify the rightful owner and take appropriate action. Absent that, continued retention of funds following account closure is not justified."
7442	"I was switched over to Mohela when XXXX XXXX exited the servicing business and Mohela was the only servicer for PSLF. \n\nLast year, they ignored official federal guidance on extensions of income certification deadlines and had me recertify earlier than necessary. This year, they sent a letter on XX/XX/XXXX dated XX/XX/XXXX stating that : \" We are required to notify you that your repayment plan is due to recertify 95 days prior to the anniversary date of your plan. '' XXXX bullet points later they mention : \" To maximize your current payment period under your XXXX plan, your request will be held and processed prior to your recertification deadline of XX/XX/XXXX. '' Not sure who's handling basic date math on their end, but that is not 95 days notice. My current plan anniversary date is listed as XX/XX/XXXX and 95 days before that would be XX/XX/XXXX. XX/XX/XXXX ( date notice was sent ) was only 39 days notice. \n\nMany others with similar dates posting on student loan forums have mentioned their accounts with XXXX and XXXX have had their recertification extended out by a year to XX/XX/XXXX."
7443	"I got a loan for a used car XX/XX/XXXX from Associated Bank. I have consistently had problems making payments through their website, with checks, etc. I have made all my payments but they are showing me in arrears. Not only have I made the monthly payments I have made principal payments of XXXX in XXXX, XXXX in XXXX and XXXX in XXXX. The first time I tried to make the principal payment in XXXX of XXXX through their website they sent me a letter that my bank did not send. I don't know how that happened but made the payment a second time through their website which they finally received. XXXX 's payment I mailed a check on XX/XX/XXXX along with other checks for bills, etc. The other checks were cashed but Associated Bank called me saying I didn't make XXXX 's payment. The check was never cashed. I was told they would take XXXX payment from the XXXX principal payment I sent in XXXX. That was XX/XX/XXXX. To date, this payment has not been applied to the loan and every time I call they say it is on their end but my account online still shows behind. First it was I needed to wait 24-48 hours for it to show. It is not XX/XX/XXXX and we are well past the 24-48 hours. They also make making principal payments difficult stating that when I do that I need to call every time and tell them to apply to principal. I am NOT late on this loan nor have I ever been late on ANY loan I have ever had. It is difficult and arduous to talk to this company and when they say its taken care of why wouldn't it show on my online account. Every time I call it is a different excuse."
7444	"Hello, XXXX to XXXX i had my mortgage in forbearance for XXXX mos and was approved by Suntrust Mortgage XXXX I called Suntrust XX/XX/21 to discuss my options and i choose payment deferral, received a letter stating that my request is being processed and i shall receive in the mail specific documents in XXXX  days to sign and return according to instructions. I called Suntrust XX/XX/21 to follow up on these documents and was told again that is being processed and to wait and follow up if i didn't receive it. \nI called again Suntrust on XX/XX/21 to followup on the documents and this time i was told that i need to pay XXXX $ in order to receive these documents, the rep was not helpful was rude and aggressive, also said that the Suntrust doesn't send documentation to inform me of these \" new changes '' they started a month ago. \nI strongly believe they are playing games and want to put my house in foreclosure. \nI did everything i was told and i followed up with phone calls regularly and i made payments until XX/XX/21 towards my escrow. \nI believe either Suntrust reps are incompetent or given directives to be nasty and recover as much money upfront. One certain thing is clear Suntrust is not helping me with this situation and no fault on my part."
7445	"There is information thats on my consumer report that is a result of identity theft. I did not provide written permission or instructions for the identified transactions to be reported on my consumer report. I am requesting that the reporting of this information be blocked and deleted. My report to block is not being made in error ; nor is my request to block being made on the basis of a material misrepresentation of fact by me relevant to the request to block the identified transactions. The identified transactions are not information related to any transaction by me as the consumer : XXXX/XXXX XXXX- XXXX XXXX true identity fraud/account fraudulently opened. \nXXXX XXXX XXXX true identity fraud/account fraudulently opened. \nXXXX XXXXXXXX XXXX XXXX- XXXX Claims true identity fraud/account fraudulently opened. \nXXXX XXXX XXXX XXXX balance {$1200.00} Claims true identity fraud/account fraudulently opened. \nXXXX XXXX XXXX XXXX balance {$520.00} Claims true identity fraud/account fraudulently opened. \nXXXX XXXX- XXXX Claims true identity fraud/account fraudulently opened. \nXXXX XXXX XXXX Claims true identity fraud/account fraudulently opened. \nXXXX XXXX XXXX XXXX Claims true identity fraud/account fraudulently opened. \nXXXX/XXXX XXXX- XXXX Claims true identity fraud/account fraudulently opened. \nXXXX/XXXX XXXX- XXXX Claims true identity fraud/account fraudulently opened. \nXXXXXXXX XXXX XXXXXXXX XXXX Claims true identity fraud/account fraudulently opened"
7446	"First of all, my account was put on certified funds last XX/XX/XXXX due to what the Caliber Home Loans said was multiple NSF fees. They took out two payments in XX/XX/XXXX when I cancelled one before it was processed, however, it was still taken out. I then called my bank and put in a complaint. I then paid our XXXX payment by XX/XX/XXXX and received an email about a week later stating they are waiting for payment. I just thought there was a glitch so I resubmitted. Well during all this, Caliber said they were getting an NSF fee. We had more than enough money to cover {$530.00}. I called our bank, XXXX XXXX XXXX, and they said you have received no NSF fee and have money to cover it. They have also faxed numerous letters stating this. Caliber still would not release the certified funds only from the account. \n\nSecond, during the loan modification process, it took almost 60 days before they said they received a full package. They kept stating they had everything to make a full package, then a few days later, they would say oh we need this now. I finally received a decision, via mail, that stated I was eligible for a forbearance. I owe XX/XX/XXXX-XX/XX/XXXX + all attorney fees, which totals {$5900.00}. However, they are stating start XX/XX/XXXX I pay {$1400.00} + {$530.00} ( regular monthly mortgage payment ) until XX/XX/XXXX. I take {$14000.00} x 6 = {$8500.00}, which is to pay what is owed previously. I have called to ask where the {$2600.00} is going. One SPOC stated is was an interest bearing loan. I know this is incorrect. Another SPOC could not tell me. I have asked if the LM underwriter can take a look to verify these amounts as I feel they are incorrect. I also make {$3300.00} NET and having a monthly payment of almost {$2000.00} is unreasonable, in my opinion. I have only {$1300.00} to get all my other bills paid."
7447	"I got a quote for a loan from Interfirst Mortgage, but when that house became unavailable, I targeted a more expensive home. The amount of the loan increased from around {$170000.00} to {$230000.00}, and as a result they said my rate would have to increase. I protested and was told that they would be happy to match any loan rates, if I could provide them with a loan estimate from a competitor. \n\nFearing losing the house in this crazy market, I elected to continue, which was a mistake. However, I got a competing loan estimate and provided it to the lender in advance of the closing. At that time, neither of my loan agents answered or returned any of the numerous phone calls I made, and I emailed them several times before and after the closing ( which was XX/XX/XXXX ), and they still have not made any effort to respond. \n\nPrior to me providing them with the loan estimate, they answered the phone readily, and always responded to my emails. I would have even refinanced the loan with them since they already had all the information, but their complete unwillingness to communicate after I provided the required information just solidifies that this is a dishonest company that never had any intention of doing anything other than giving me a terrible deal."
7448	"We had a construction loan with Citizens bank. \n\nXX/XX/year> : We requested an extension to our loan to complete construction due to covid-related supplier delays. We were granted the extension but the bank applied {$9000.00} in penalties. \n\nXX/XX/year> We were told we could apply for a waiver of the penalties. \n\nXX/XX/year> We are told we are rejected because \" the Committee has rejected the borrower 's request for a waiver of the extension fee. We are required to apply extension fees equally. To eliminate the extension fee for this customer but require others to pay would be a disproportionate application of fees and we would therefore be non-compliant with Fair Lending regulations. As a result, we are unable to waive the extension fee. '' How is there an extension fee waiver process when they say that they can not waive fees because it would be in violation of the Fair Lending regulations? \n\nXX/XX/year> When we asked that question were were then told : \" the committee reviews the information you provide and your loan as a whole and from there vote and make a decision if the fee is being waived or if you have to pay. '' XX/XX/year> When I asked for the criteria used for waiver considerations I was told \" there is no criteria for waivers. '' How can there be a process to issue extension fee waivers, but they do not issue waivers due to Fair Lending regulations, and then disclose there \" there is no criteria for waivers. ''"
7449	"am filing a complaint against Cash App ( Block , Inc. ) due to inadequate customer service and unfair practices, which violate the Consumer Financial Protection Act ( CFPA ). Specifically, Cash App failed to take timely and effective measures to prevent and address fraud on their platform, leaving my account vulnerable and unprotected. Furthermore, their dispute resolution process was unfair and deceptive, as they did not comply with error resolution requ irements under the Electronic Fund Transfer Act ( EFTA ) and Regulation E\n. These actions have caused significantly inconvenience and financial lost and I seek appropriate redress for these violations."
7450	"I am writing to your agency because I am very upset the way my bank handled my dispute, they did n't even consider investigating.  Citi Bank (    XXXX   XXXX   ) told me I had 60 days only and I have been told I can dispute under claims and defenses and I have 538 days. It seems like my bank is taking the merchant 's side and It is not even giving me the chance and did not even consider to open an investigation. The merchant   XXXX   XXXX   XXXX   XXXX  , charged me {$6100.00} on  XX/XX/2015    and they contacted me by phone and told me their services were necessary for my online business make money, they said they got referred from   XXXX   XXXX   another company that I was working with at the time. Also they said they would implement the work that   XXXX   XXXX   was doing for me. I was supposed to get leads and visitors to my website. I never got any results. I am trying to dispute with my bank since I did not get any services rendered and the company ignored my requests of refund."
7451	"I was discriminated against I was denied of my own personal credit title 15 subsection title 1611 faults and misleading denial of my own credit, and bureau and agencies are sharing incorrect and false information 15 USC 6802, 15 USC 6803, 15 USC 6804 and 15 USC 6805. giving me a bad reputation on my credit profiles."
7452	"Closed my account for no reason. I didn't break any of their company 's rules, and I've never done anything related to money laundering. Just using my account normally and they closed it. No reason, no explanation. Discriminating against XXXX and even XXXX people"
7453	"My complaint is specifically with Experian. First of all it is impossible to talk to a human being, I tried several times and even tried a hack on the Internet ( pushing XXXX instead of XXXX ) and none of them work. I tried to temporarily lift a freeze on my bureau so I could apply for a loan. I tried online and it refuses to accept my User Name and Password ( I know it is correct because I wrote it down and place in my safe when I put the freeze on ). When I ask to have my user name emailed to me it accepts but I never receive the email ( requested XXXX times over the past 12 hours ). I call the \" Customer Service '' number and I get a machine. The machine permanently removed the freeze instead of temporarily suspending it. I tried to fix and since it is impossible to talk to a person I was unable to do so. This company needs to be put on your hit list to fine billions of dollars like you do the banks! At least banks have a customer service department that tries to actually help their customers. Credit Bureau 's seem to think they are immune to any sort of responsibility to their customers! This has got to stop!"
7454	"I have tried to apply for a loan modification in the beginning of XX/XX/XXXX, I have submitted all documents they ask for, and at the end of the process they ask for things that have either been settled, or have never ask before, the issues they ask for documentation for was the following : proof of a child support lean ( state of Iowa ) was taken off of title, I gave them documentation of child support payments stopped back in XXXX in a court order. I gave them the court documentation and also documentation from the Iowa Child Support recovery unit. Second they ask for proof that they ex wife did not have any stake in the property, I have them a copy of the divorce decree, stating that my ex wife did not have any stake in any property that I own. The last thing they ask for was proof of mortgage of the address XXXX XXXX XXXX XXXX, XXXX IA XXXX, due to I collect rent for this address, this is the other side of the duplex that I currently have a mortgage with Community Loan Servicing. They are asking for a proof of mortgage of a property that they are the lender for! I have I have given them a copy of the assessors site page showing my house is a duplex, but also I gave them a letter from the City of XXXX IA, stating that both XXXX and XXXX XXXX XXXX XXXX, XXXX IA XXXX is the same building, and that they and the assessors office only references the XXXX address as it is the parcel address that they use for tax purposes. I have given this information before the suspense date that they gave for receiving documents, but they still declined my applicant stating that I did not fulfill the documentation requirements, which is False!!!!"
7455	"XXXX XXXX imoosed pay over time fees to a personal credit card when in fact I paid the card in full. They added late fees and reported 30 and 60 day late pay to the credit agencies. They have resolved the issue by crediting my account but I still have the late credit shown on my report."
7456	"Chase took XXXX $ out of my acct refunded XXXX Refuses to refund the rest. They lowered my credit amount the Day I requested my money back. Lied repetitively. weeks later my truck has been reposessed. They took every penny my wife and I had in that account and XXXX XXXX at Chase keep telling me 7 more business days. I will be Evicted from my home if I miss another payment. They are a Terrible Scummy bank. Countless people on other sites having the same problem over the last year."
7457	"I am filing a complaint against Cash App ( Block inc. ) due to inadequate customer service and unfair practices, which violates the Consumer Financial Protection Act ( CFPA ). Specifically cash app failed to take timely and effective measures to prevent and address fraud on their platform, leaving my account vulnerable and unprotected. Furthermore, their dispute resolution process was unfair and deceptive, as they did not comply with error resolution requirements under the electronic fund transfer act ( EFTA ) and Regulation E. These actions have caused significant inconvenience and financial loss, and I seek appropriate redress for these violations."
7458	"I had a joint credit card with my son through XXXX XXXX in XX/XX/2013. My son has had lots of identity theft, and data breaches to his Social Security Number and personal information. There were multiple charges on his XXXX XXXX credit card he did not make. This negative charge off account was removed from my sons TransUnion credit history but not removed from my credit history through TransUnion. The XXXX XXXX account information is XXXX. I have included a copy of the police report stating one of my sons burglaries and his FTC report involving this account listed."
7459	"I summited one payment transaction online on the XX/XX/18 with XXXX XXXX in Georgia ( Routing number XXXX ) the amount XXXX and it was withdrawn twice and only one transaction was authorized by me to be deducted only once by the FirstBank of Puerto Rico ( Routing number XXXX ). First Bank of Puerto Rico are the ones declining to make the refund and every time I call them they give me a new set of excuses. If I request to speak with a manager they refuse to do so."
7460	"Used my Bank of America account using XXXX to transfer {$400.00} on XX/XX/18 to a contact who shared phone number, email & full name with me. He confirmed receipt of money transfer and went missing. Bank of America can't help nor can XXXX. Would really appreciate my funds back especially since BofA sponsors XXXX transactions."
7461	"I never applied for or have gotten any student loans. I am being harassed by student loan debt collectors two to three times daily. I asked them to stop calling this number and just keep calling from different numbers"
7462	"The servicer is insisting that their \" system '' does not allow them to apply overpayments without creating a \" paid ahead '' status. I do not consent to being in a \" paid ahead '' status, and wish for my full monthly parent to be due, regardless of whether or not I've made an overpayment."
7463	"In XX/XX/XXXX, I began refinancing my mortgage w/ US Bank XXXX I took all the paperwork to my local bank. They downloaded all the of the information that they required. I received a call from the Mortgage XXXX in XXXX. They needed the information. I advised that I had submitted all required paperwork. They stated they don't have it. I went back to the local bank. They stated that everything was indeed there. \nThis back and forth went on for several weeks. In XX/XX/XXXX, I resubmitted more paperwork that was needed and sent it in an e-mail. Weeks go but and in XXXX I receive a call they don't have it. I stated that on XX/XX/XXXX I e-mailed it. He looked and stated to me that he found the e-mails and he didn't know how he overlooked them. He reports all is going well and they should be able to finish as they had everything they needed. They call again and can not find the paperwork. It was resent. Weeks again pass and we get another call on XX/XX/XXXX and they had just completed out work history. I stated why did it take so long to verify employment. He gave me a bunch of useless responses. On XXXX XXXX supplied them with the information they needed again. Get another call that they have no paperwork. I explained to him that I had turned it in that day and it was there. He found it. he said now they can close on the deal. Now it is XX/XX/XXXX and nothing. I go to the local US bank again. I'm told they dropped it and would need to resubmit from the beginning again. Now the interest rate went from 2.99 % to 4.69 %. I am more than frustrated. The party from US bank Mortgage in XXXX should be fired for being incompetent."
7464	"This item is identified as bankruptcy. The bankruptcy was dismissed. You need to remove this Bankruptcy from my record to make sure that I don't need to comply with my personal legal rights, which needs your conformity utilizing the law. Please delete this from my file. \n\nBankruptcy XXXX XXXX Filed on XX/XX/2017 Reference number : XXXX XXXX XXXXXXXX XXXX XXXX XXXX XXXX"
7465	"XXXX XXXX XXXXXXXX and ideal debt collection has falsely placed falsified information on my credit. I have called the both parties and neither have or are willing to explain to me how I owe the money. On line four of the lease it states that we are to pay XXXX for rent, XXXX for trash and XXXX for water totalling XXXX. Also on the utility page. They have given a copy of ledger proving that we paid XXXX  every month. XXXX has written a letter stating that this charge is not valid for XXXX XXXX the other person that was listed on the lease however she wants to make me fully responsible for the debt again without showing how I owe. I've tried many times to have a conversation with XXXX but she would scream, why are you calling just pay me the money. I have email conversations proving that XXXX from the debt agency she doesn't understand the charges either but XXXX refuses to remove even after proof that the debt false. I'm willing to furnished all documentation I have referred to. \n\nIdeal collection services, Inc XXXX XXXX XXXX XXXX, FL XXXX XXXX of XXXX XXXX XXXX XXXX XXXX XXXX, fl XXXX"
7466	"I have asked several times for a deferment. There was a month where my mother passed away, my husband 's hourly wages were cut. Therefore, I have been paying almost a month late. Capital one uses a system to determine if your situation is really that \" bad ''. Which is unreasonable. How is a system going to determine that my mothers passing and hourly wages being cut are not a reason for assistance being offered. They need to do better and have humane understanding to unique situations. All they care about is the late fees being assessed because well that means more money in their pocket. I called XX/XX/year> to attempt a Due Date Change due to not having luck with a deferment and you know what they said \" YOUR ACCOUNT NEEDS TO BE CURRENT ''. Like how am I EVER going to bring my account current if they keep denying me any assistance!!!!!"
7467	"XX/XX/2022 and XX/XX/2022 Disputed amount : {$130.00} USD XX/XX/2022 at XXXX XXXX  PDT You appealed the outcome of this case by providing the following additional info. \n\nEverything I did was over the phone. I have no document I can upload. I called XXXX back in XXXX or XXXX to have my services canceled due to their ties with XXXX. It was all over the news that XXXX could use XXXX to cause damage to the US network. When I saw I was charged again for the services, I called XXXX and they were no help, and said I had to call XXXX. When I called them, they were also no help, but said they were unable to find any account. Neither company XXXX or XXXX is willing or able to help resolve this issue. I do not have the software installed, I am unable to even download said software because I have no account. If is matter is not resolved I will take the action further to DFPI and FTC, and if I have to I will also file with the court. I called and had the services canceled and I bought XXXX for my services. It is not my fault they didn't do their job correctly. Not all companies allow customers to cancel with ease online. XXXX is a company that I was unable to find how to cancel online, so I had to call and cancel. I will not use a service that has ties with XXXX and could harm the US. \n\n\nXX/XX/2022 Spoke to the seller ( XXXX XXXX XXXX ), and the seller said they could not help I had to call another company ( XXXX at XXXX ). I called the other XXXX and they were unable to find my account in their system. I asked to speak with someone else, but they were unable to transfer me to speak to anyone else. I canceled my account with them back in Late XXXX or early XXXX due to security concerns with XXXX having ties with XXXX. All Services have been deactivated on all my systems, and removed from all my systems."
7468	"I had the opportunity to speak with Self financial Inc. today following the Conversation which I did record the representative advice me that self financial captured a {$1500.00} security deposit from me. The same {$1500.00} deposit they did not acknowledge in court when we went last year they reported that I had never made a payment. They completely disregarded the fact that they stole my money and applied it to nothing. They then went on to reporting on my credit bureau that no money was received, and they reported that they had closed the account, when I spoke with the representative today, he advised me that the account is open and incurring late fees and I am denied access. I would have never known that this account was open considering what they wrote to the credit bureau. They have been continuously running up false charges on me while telling the credit bureau that the account was closed. I recorded this conversation. I will be happy to provide it, however, the below on this form does not allow me to upload the conversation when I told the representative that I would like to proceed legally with what they have done to me because they are destroying my credit and my opportunity to secure Housing. He offered me a settlement of {$120.00} in which I told him no you need to remove what is on my credit because its false its fake. I dont owe you late fees you close the account told me that it was closed continue to create late fees and Hid it from me."
7469	"Item 1 ) First, The reason I am filing a Complaint against this Payday Loan Company is for several reasons. The first is that there are laws in the state of Illinois that preclude and exclude allowing interest rates greater than 35 %. The interest rates on this loan is very high and some are well above 600 % to 1800 % regarding this loan. And, this should not be allowed by law. \nSecondly, the rates are staggering and they never check to see if I could afford these loans as there are rules stating that a purchaser should not pay on more than XXXX outstanding payday loans at any one time. And, I have been paying on a total of ( XXXX ) Payday loans for well over 9 months in succession with much difficulty. \nThirdly, I not only continue to pay these loans with exorbitant rates and fees. But, the huge charges were destroying our ability to live after deducting well over XXXX % of my take home income for well over 3 months and I have not paid my mortgage since XX/XX/XXXX and XX/XX/XXXX for both the first and second mortgages and I am in jeopardy of foreclosure as of this date, XX/XX/XXXX. \nLastly, several Companies did not tell me of their extremely high rates they were and some also withdrew from my bank account even though I asked them to STOP future via EFT Revocation Letters. A Couple withdrew funds directly from my account even after it was Bank closed causing me to incur heavy bank fees per day of even {$50.00} or {$60.00} at certain intervals. This was a very stressful time XX/XX/XXXX, XX/XX/XXXX and XX/XX/XXXX causing us to be fragmented and close to homeless situation."
7470	"On XXXX/XXXX/17 I discovered Enhanced Recovery Corp had been re-inserted into my credit file. You are required to notify me within five ( 5 ) days of re-inserting a previously deleted item. I did not receive any such notification."
7471	"i sent CREDENCE RECOURSE MANAGEMENT A certified LETTER ON XXXX, requesting deletion of the inaccurate account they are reporting on my credit, the account was charge off from XX/XX/XXXX which i should have received a XXXX, per IRS to file on my taxes as income, Income can not be reported on my credit report which constitute a violation of the FCRA.and for them to cease and desist from all mediums including credit reporting I sent XX/XX/XXXX a certified letter on XXXX requesting my copy of the XXXX that was charge -off with this account so i can file it on my taxes as well. \n\nI ALSO SENT A LETTER TO XXXX REQUESTING DELETION OF THE INACCURATE ITEMS AS WELL"
7472	"NOTICE TO AGENT IS NOTICE TO PRINCIPLE NOTICE PRINCIPLE IS NOTICE TO AGENT I am writing to inform you of my dispute regarding the account listed on my credit report maintained by your company. I assert that your company is subject to the arbitration agreement as stated on your company 's website, as well as the arbitration procedures provided by ADR.ORG. \nI am fully aware of the financial implications associated with initiating arbitration proceedings, and I am extending you one opportunity to resolve this matter amicably. My settlement demand is as follows : Payment of {$6000.00} to compensate for the mental distress, anxiety, emotional distress, and financial hardship that your actions have caused me. \nDeletion of the trade-in entry from all credit reporting agencies where it is currently listed. \nI want to emphasize that the costs associated with initiating arbitration proceedings, including filing fees, arbitration initiation fees, arbitration deposits, and any legal costs incurred throughout the arbitration process, will be significant. As per the arbitration procedures outlined on the XXXX website, you will be responsible for covering these costs, which could amount to tens of thousands of dollars. \nFailure to comply with my demands will result in the initiation of arbitration proceedings. I want to remind you that your continued collection activities may constitute a violation of the Fair Debt Collection Practices Act ( 15 USC 1692c ( c ) ), which prohibits communication through mediums other than mail upon request. \nI expect a prompt response within 15 DAYS, confirming your acceptance of my settlement terms and detailing the steps you will take to comply. If I do not receive a satisfactory response within this timeframe, I will proceed with arbitration without further notice. \nPlease send all correspondence related to this matter to the address listed above."
7473	"Because of the last complaint I filed, during the closing the company decided to fine/steal {$230.00} from me. They claimed it was interest owed to the XXXX. I contacted the XXXX and they said that was lie. I contacted McCue Mortgage again and they confirmed that and said they would refund me the {$230.00}. I never received payment."
7474	"I opened a checking account with Citibank on XX/XX/year>, I had my sister wire funds {$10.00} on XX/XX/year> ; {$400.00} on XX/XX/year> and {$10.00} on XX/XX/year> by XXXX. I went to the rental car company to pick up a vehicle for XXXX and XXXX work ; the bank declined my payment. The car rental charge was {$340.00} so I knew I had enough funds. I called the bank, I was referred to fraud, fraud department held the funds saying they could not verify my phone number. They did not attempt to call me on that number or send a verification code to the phone line to verify the phone number attached to the account. I was told to wait for 7 days ; a letter has been sent. I received the letter, called fraud, they asked for the code on the letter I gave it to them, I was informed that's the incorrect code and that another letter was sent which I should receive on XX/XX/year>, the letter did not come in the mail on XX/XX/year>. I went to the ATM machine this morning to see if my card is working, I do not even have access to my account at all. I have my funds tied up with the bank for 13 days, I do not have access to it and the amount is less than {$500.00} but the bank has locked up my funds and refused to allow me to use it."
7475	"I am writing to request unauthorized credit inquiries on my EQUIFAX Credit Report. My latest credit report shows 3 credit inquiries that I did not authorize.\n\nI am writing to dispute the following inquiries and asking for their removal from my credit report.\n\nINQUIRY ACCOUNT NAME : XXXX XXXX  DATE : XX/XX/XXXX INQUIRY ACCOUNT NAME : XXXX XXXX  DATE : XX/XX/XXXX INQUIRY ACCOUNT NAME : XXXX XXXX  DATE : XX/XX/XXXX"
7476	"I am being contacted by a new Collection Company regard a Medical Debt that was not mine rather paid back in XXXX and XXXX. I reported the previous Collection to the CFPB, XXXX, XXXX, and XXXX. The previous Collection Companies deleted the debt from the XXXX and the original Creditor applied for payment from my insurance to clear the debt in XXXX. I am requesting the collection company remove the debt and no longer contact me or my family in the future."
7477	"My mortgage was with XXXX and was sold to Flagstar. I tried to process my first payment with them and typed in the wrong account number which made my payment not go through. I never received an email or phone call saying I missed a payment and when I went to go pay the next months mortgage payment it said I had late fees and wasn't paid. I called Flagstar and the customer service representative was very rude to me and asked me \" If I would like to keep my home? '' and ; \" just wanted to know if you wanted to keep my home? \". When I asked about the late fee, he stated \" it wasn't a late fee but an insufficient funds fee. '' Federal Law states that I have a 60day grace period before late fees are charged.\n\nI don't believe I should be charged any additional fee 's regardless of what they wish to call them to subvert the law given that I never received notice of the missed payment and I am attempting to fulfill my payment obligations in full."
7478	"I contacted each credit bureau to dispute items that did not belong to me that were reporting against my credit on XX/XX/2017. The only response that I received was from XXXX and they were able to remove all accounts I requested to be removed. It has been well over 30 days and I have n't received any information from Equifax or XXXX at all."
7479	"On XX/XX/XXXX I was contact from key bank about fraud on my card. I called the costumer service and was transferred to a number with a case number XXXX. I gave my information to resolve the issue. When I tried to order a new card the phone hung up and the voicemail message that was left disappeared. I cant get in touch with key bank. I took a picture of the XXXX number and searched with turned out to be a robo scam."
7480	"I made my student loan payment before the due date. My payment was then reversed by Aidvantage. The company then only took a small amount of my payment and rejected the rest. Now they are saying my payment is past due. I paid my full amount on time and they are reversing it on their end which is causing my loans to show as past due."
7481	"I am submitting this statement as a consumer to dispute inaccurate and unauthorized information being reported on my credit file by XXXX, XXXX, and TransUnion. The following items are being reported in error and are causing harm to my credit profile. I am requesting a full investigation and deletion of these items from each respective bureau if the information can not be verified with complete accuracy and proper documentation. \n\nCharged-Off Account Creditor/Collection Agency : XXXX XXXX  Account Number XXXX XXXXXXXX Date Reported XXXX XXXXXX/XX/XXXX Year of Alleged Account XXXX XXXXXXXX Statement : This account is being reported in error. I have never received validation or proof that this debt is mine. I request TransUnion to verify the accuracy of this account, including all supporting documentation from the original creditor. If it can not be verified with proper evidence, I request its deletion from my credit file. \n\nInquiries XXXX XXXX XXXX XX/XX/XXXX XXXX XX/XX/XXXX XXXX XXXX XX/XX/XXXX Statement : These inquiries were not made or authorized by me. I did not grant permission for these companies to access my credit report. I am requesting that TransUnion investigate and remove these unauthorized inquiries as soon as possible."
7482	"From XX/XX/XXXX through XX/XX/XXXX, I made cash payments in the total amount of {$9100.00} for mortgage due dates : XX/XX/XXXX through XX/XX/XXXX. \n\nSunTrust records indicate that my mortgage account is delinquent for XXXX and XXXX, XXXX. \n\nXXXX XXXX of SunTrust Mortgage confirmed that my last payment on XX/XX/XXXX in the amount of XXXX was NOT applied to the principal ( see attachment ). Instead, SunTrust Mortgage misapplied my funds to a \" SUSPENSE ACCOUNT '' for escrow payments. My contract does NOT include escrow payments ( see attachment ). \n\nI must pay XXXX 's mortgage payment soon, but SunTrust warned me that any future payments will be applied to any and all past due amounts. \n\nIn USA, CFPB and 50 States v. SunTrust and among other civil actions, ( including 1-14-cv -- 01128-RMC ), the court has ruled in favor of the mortgagor when facts include deceptive acts and practices by the mortgagee. \nOn the following dates, I spoke with SunTrust but to NO avail. \n\nDate SunTrust Customer Service Time Outcome XX/XX/XXXX XXXX XXXX by phone/email XXXX no response XX/XX/XXXX XXXX XXXX by phone XXXX no response XX/XX/XXXX XXXX XXXX XXXX no response XX/XX/XXXX XXXX XXXX no response XX/XX/XXXX XXXX XXXX no response I have attached documents for your perusal. I look forward to hearing from you soon. Thank you in advance for your consideration."
7483	"In late XXXX I had a hardship due to the hurricane that year. I called Wells Fargo and was given a work out plan. Instead of them putting the missed payments at the back end of the loan which other companies did they lengthen the process offering a modification which would have further extended my loan to a 40 year loan with a 6.75 % interest rate. When I declined the modification they explained over the phone that if I made payment and was behind just 2 payments it would avoid foreclosure. I expressed to the representative that I would make the payments which I did. I made two payments within two week of speaking to the representative. A few days later my payment was credited back to my account and I realized that something was wrong. When I called Wells Fargo I found out that I was in foreclosure. The representative had given me incorrect information and submitted foreclosure proceedings, in my opinion because I did not accept the modification which would have ultimately made the bank more money. Over the course of XX/XX/XXXX - XX/XX/XXXX I spoke with numerous representatives, most of them gave me conflicting information. An investigation was done and the Bank admits that I was given incorrect information but was not willing to accept responsibility or take my home out of foreclosure. I was harassed by people with my information and attorneys who wanted to either purchase my home or help me avoid foreclosure. Ultimately I was able to borrow money and pay almost XXXX which originally started off as few payments of almost XXXX. I would like a full investigation into Wells Fargo 's practices. They have been known in the past of shady practices and they obviously have not changed, they continue to take advantage of customers at their most vulnerable time. Please investigate the mortgage practices of Wells Fargo. I am expecting that this matter will be resolved"
7484	"have been unable to order or activate a Cash App Card for several months. Every attempt results in an unexpected error message. I contacted Cash App support multiple times beginning in XX/XX/year>, and support claimed the issue had been escalated and resolved. \n\nOn XX/XX/year>, Cash App emailed me stating that my Cash Card and direct deposit features had been activated, and that I could now order a Cash App Card. However, this information was incorrect. When I attempted to order the card after receiving the email, the same error continued. This was misleading and did not reflect the actual status of my account. \n\nSince then, I have repeatedly requested an explanation of what is blocking the Cash Card from being approved and what steps are needed to fix the issue. Cash App refuses to identify the cause and continues to provide generic statements such as we can not provide further information. \n\nI have followed every instruction given by Cash App ( updating information, deactivating old accounts, waiting the requested timeframes ), and the error still occurs. This appears to be a system-level or internal technical issue that can not be addressed through basic customer support.\n\nI am requesting a full internal review by Cash Apps Executive Resolutions or Technical Operations teams to identify the root cause of the restriction preventing the Cash Card from being ordered or activated, and to correct any system errors. I am not requesting compensation only an explanation and a proper resolution."
7485	"XXXX XXXX, XXXX, XX/XX/XXXX This CFPB complaint has been filed to request pursuant to FCRA 605B ( 15 U.S.C. 1681c-2 ) that you, the XXXX  credit reporting agency , block information appearing on my consumer credit report that is the result of identity theft and fraud within 4 business days of you receiving this complaint. This fraudulent, inaccurate, and false information consists of XXXX XXXX XXXX XXXX XXXX XXXX XXXX XXXX XXXX XXXX XXXX XXXX XXXX XXXX XXXX XXXX XXXX XXXX XXXX XXXX XXXX XXXX XXXX XXXX XXXX XXXX XXXX XXXX XXXX XXXX XXXX XXXX XXXX XXXX XXXX XXXX XXXX XXXX XXXX XXXX XXXX XXXXXX/XX/XXXX. \n\nThese accounts have resulted in several fraudulent hard inquiries and fraudulent collections appearing on my consumer FICO credit report. All of the aforementioned accounts, collections, and hard inquiries are the result of identity theft and fraud. I have attached a copy of FTC Identity Theft Criminal Complaint XXXX as proof from the US Federal Trade Commission that all of the aforementioned consumer credit accounts, collections, and hard inquiries are the result of identity theft and fraud."
7486	"Subject : Square un\n\nfairly held my funds for 90 days and deactivated my account without cause. Details : My Square account was deactivated even though I have no disputes, no chargebacks, and no policy violations to my knowledge. Square has placed a 90-day hold on my funds and is refusing to provide a specific reason for the closure beyond a generic message.\n\nThey have informed me that the decision is final, and the funds will not be released until XX/XX/year>, even though my business activity has been legitimate and low-risk."
7487	"On XXXX XXXX my debit card was used to make two identical unauthorized charges of {$120.00} each ( total {$250.00} ) at a XXXX at XXXX XXXX  XXXX When I noticed then I flagged them and started a fraud claim with my bank. They put temporary funds back in my account while they ran an investigation. Recently I received a letter stating that this temporary funds would be reversed because their investigation had concluded that this were in fact valid charges. When I called to question this I was told that because this were both swipe and pin charges there was nothing they could do and were in fact valid. My card has been with me the whole time and I do not live any where near XXXX, I live 4 hours away. They stated that unless I have documentation stating I was not at XXXX on the day of the charge there is nothing they can do. Oh and that they had sent me a text to my phone flagging this charges as fraud and I had approved them. First of all, I never received such texts nor did I approve. Second of all I was home most of the day because my XXXX were sick and only went to the grocery store in the afternoon to make a purchase ( approximately 6 hours after the fraudulent charge according to the representative ). How do I prove that I was home most of the day and never left the city where I live. And finally, its been well documented that in fact scammers can clone your card and steal your pin to use it, so this is not an excuse. Just looking at my transaction history you can see I have only been near XXXX once in my life on a trip back in 2020 to XXXX but there is a trail, why would I go specifically out of my way 4 hours away from where I live to make two identical charges of {$120.00} each at a XXXX none the less ( this should be suspicious enough ) and then come back to where I live and make a smaller charge at a grocery store."
7488	"I have my student loans set up through Navient. I was placed on forbearance during residency. I was told that I would have a 6 month grace period after graduating residency before I would have to enroll in payment ( I do not recall this person 's name as it was many correspondances ago ). I then found out that this was not true. Then while setting up income based repayment I was told numerous different amounts that I would be responsible for. Since XX/XX/XXXX I have been trying to pay my monthly payment with autopay. However, every month so far there has been an issue ; meaning every month I am given an alert saying I have a past due balance and that I should/can enroll/need to enroll in auto pay. Every month I call and someone attempts to fix it, points out that past person 's mistake and tells me it's taken care of. There is no accountability or penalty for Navient and their poor handling of my loans."
7489	"I had sent 2 wire-transfer over the wells fargo app on XX/XX/XXXX and XX/XX/XXXX. total {$10000.00}. \n\nThe receiver never receive the money until todayXXXX ). \n\nI called the wells fargo on XX/XX/XXXX and filed a claim. they said they will give me an answer in 10 business days but they never did. \n\nI called today and they can't give me answer about where my money is."
7490	"This company must remove and all collections against my credit reports immediately. My dispute is based upon the Federal Trade Commission guidelines pertaining to either debt collections as a third-party, or debt buyers in general. The rules are as follows : 1. A debt collector/buyer must be bonded and licensed by the National Mortgage Licensing Service XXXX \n2. The debt must be legally collectible within the states jurisdiction where the creditor resides. \n3. Creditor must be given copies of debt collector/buyer license, bonding number with insurance carrieXXXX name and address, a copy of any assignment to collect on original creditors behalf, and/or copies on ant ownership transfer with true copy certification. \n4. A debt purchase must have an assignment number and be registered with the National Mortgage Licensing Service. \n5. Any debt not within these guidelines must be deleted from a consumers credit report with prejudice. \n6. This company has posted one or more out dated collection against my credit report. It looks like the account was over 10 years old, and the information was acquired through a debt pooling service. The collections must be deleted permanently!!!"
7491	"\" My PayPal account, registered under the name phamxuannguyen and email XXXX, was permanently deactivated on XX/XX/year>. At the time of deactivation, the account had a balance of {$3.00} USD. I have attempted to contact PayPal to understand the reason and to find a way to restore my account, but I have not received a satisfactory response. I believe the account was unfairly limited and I am requesting the CFPB 's assistance in resolving this issue. My primary goal is to have my account reopened so I can regain full access to the service and the funds held within it. I would like the CFPB to work with PayPal to have the permanent limitation removed."
7492	"XXXX XXXX XXXX XXXX  violates that banking regulation which states banks when they post daily transactions they must post deposits first, then withdrawals. \nXXXX XXXX XXXX XXXX violates this priority law for daily deposits posted prior to daily withdrawals. \nThis has been proven problematic in the past and even class action lawsuits for non-sufficient fund fees and overdraft charges and overdraft fees. \nPlease charge this bank so it comes in line with the Law and name changes necessary. \nA copy of this complaint will be forwarded to the currency comptroller office."
7493	"My account was stolen and Paypal is doing abslutely NOTHING about it, despite serveral calls, emails, proof, they do not protect consumer 's data which is a HIGH CONCERN Please investigate Paypal in depth"
7494	"I applied for a JP MORGAN Chase freedom card on the XXXX of XXXX. I was denied I asked a agent why was I denied, I was told I would receive something in the mail to the reason I was denied. I never received a letter at all. I called J.P Morgan Chase again on XXXX the XXXX, XXXX  and asked again why was I denied and I still haven't received an adverse action letter and they were violating the law. The agent I spoke to from J.P Morgan Chase bank said they would review the application again while I was on the phone. The agent then asked me for my social security number again, but said they could not approve me because the things I had on my credit report. Also J.P Morgan is in violation of truth and lending and the equal credit opportunity act especially since my credit card ( social security card ) was used and I received no benefits."
7495	"I attempted to log in to view what the amount was and the information that Midland Credit Management had online for a bill that was owed. They said they referred my debt to a lawyer. That lawyer is another debt collector, XXXX XXXX XXXX, and not a lawyer like theyre claiming."
7496	"I paid my car bill for this month already. two days later i got charged for another car bill for this month basically \" paying in advance '' but i never authorized this and i dont have auto pay on my car bill."
7497	"I had someone call me using Current banks customer support line claiming to be the fraud department. \n\nThis person had my phone number & last 4 of my card already. \n\nThey used this information to acesss my account and transfer EVERYTHING to themselves. \n\n{$3600.00}! This had to be a inside job & the bank is making no effort to contact me back about this issue!"
7498	"Capio Partners , LLC XXXX XXXX XXXX XXXX XXXX XXXX, TX XXXX ( XXXX ) XXXX Capio Partners has called me excessively to the point of harassment over a medical debt from XXXX. They have listed the debt as XX/XX/XXXX which I have never attended XXXX XXXX. I was at that time living in Florida. They reopened a debt from XXXX!!!! And are claiming it's from XXXX! I am a Florida resident and the statue of limitation on this debt has reached it's point. I have tried to explained that I have always had health insurance. I was admitted to a Hospital after a car accident in which the other party ran a red light. The Hospital billed my insurance incorrectly and they never resubmitted but instead billed me. I tried to resolved it numerous times submitting XXXX XXXX insurance, social, military id and the hospital told me that would be all. Years later I hear from them non stop ... nothing in the mail just calls all week long to no avail. They use profanity, threatened to damage my credit score more than they already have. Please help me so that this company stops these illegal practices. They are acquiring old debt from hospitals that failed to bill health insurance correctly either because of the lack of training of their accounting/health staff. There are federal/state statues of limitation that this company is not adhering to."
7499	"My vehicle convertible flew up on the expressway way. Ive had a insurance claim that will pay for the vehicle, but unfortunately I was denied with full coverage. Ally repossessed me while I had extension. The company apologize for the mistake and given my vehicle back. The dealership refused to help repair because I was in XXXX and Ive bought the vehicle in XXXX. I paid my account in full and the insurance claim was denied. Basically paying for vehicle o cant drive... broke down on the way to XXXX."
7500	"I have tried explaining to this creditor that I am not responsible for this balance and that it was charges made without my knowledge. They continue to state that I am still held accountable and obligated to pay the past due for {$2600.00}. The credit company name COMENITY BANK I have tried disputing it through that credit bureaus as well but they state that information matches so they can not remove it from my report. This defamation and fraudulent charges that I am apparently being held responsible for and it is not fair."
7501	"XXXX XXXX \" sold '' my mortgage to Specialized Loan Servicing, LLC XXXX ), last fall. A couple of weeks ago XXXX  sent me a statement detailing my escrow account. I'm attaching same for your convenience. The statement shows my projected escrow account will total {$2100.00} and the projected disbursements from my account will total {$2100.00} for a difference of XXXX cents. \n\nOn the statement it says \" Cushion selected by servicer : {$350.00}. '' Do they have a legal right to hold an additional {$350.00} above what is needed to pay the annual taxes and insurance? In my view it would allow them to earn interest on my money for the life of the loan."
7502	"Dear Bank of America, This is XXXX XXXX. \n\n\n\nIm reaching out regarding a claim related to fraudulent activity that began on XX/XX/year>, when a fraudulent bank account was added to my XXXX  account without authorization. I would like to confirm that the system was not compromised, but the person who created an account through your banking institution to commit fraud gained access to my account externally, via my email. \n\nThe following internal actions have already been taken by XXXX and XXXX : -The misdirected funds have been marked as fraudulent. \n-An ACH reversal was attempted to recover the funds, though it failed. \n\n-The bank account used by the fraudulent actor has been blocked in XXXX 's system. \n\n\n\nThrough XXXX, reversals were initiated, but the funds couldnt be recovered as they had already been withdrawn from the Bank of America account ending in XXXX. The amount of funds fraudulently deposited is {$8900.00}. \n\n\nWe are seeking the funds that were fraudulently deposited in your bank to be returned to me in accordance with the Electronic Funds Transfer Act ( EFTA ) Section 205.2 ( m ), which covers unauthorized or incorrect electronic fund transfers ( EFTs ), as theft was initiated through your banking institution. \n\n\n\nBelow is the full account information for the fraudulent account, which we received after fraud was confirmed by the payment processor. Thank you for working with me to right this wrong. Please let us know if you need any further information. \n\n\n\nAccount Number : XXXX Routing Number : XXXX Trace Number : XXXX, XXXX, XXXX, XXXX Thank you, XXXX XXXX"
7503	"Received emails from Bank of America stating an application was placed under my name, a confirmation that the application was being processed, a confirmation that the application was approved, and then an email change request notification. I called Bank of Americas fraud department and they closed the account."
7504	"I am filing a debt collection complaint against ABC Fitness Solutions regarding a disputed XXXX XXXX XXXX XXXX gym membership balance. On or around XX/XX/year>, I received an ABC Fitness Solutions notice seeking {$88.00}. The notice states that it is an attempt to collect a debt and is from a debt collector. I dispute the debt in full. I cancelled my XXXX XXXX XXXX XXXX membership in writing on XX/XX/year>. The dispute arose after my wallet was stolen and my payment cards were replaced. XXXX XXXX attempted to assess late/service-type charges rather than simply allow a payment update or cancellation. On XX/XX/year>, XXXX XXXX XXXX XXXX XXXX acknowledged in writing that late fees/service charges should not have been charged in this situation and stated that those fees were waived. Despite that, ABC Fitness Solutions sent a debt notice seeking {$88.00}, including a late charge and service charge. XXXX XXXX then claimed ABC was not a debt collector, even though the ABC notice says it is from a debt collector, and XXXX XXXX threatened that the account could go to collections in about four months unless I worked this out. I dispute this alleged debt in full. I request that ABC Fitness Solutions validate the debt, provide the signed contract and complete itemized ledger, stop collection until validation is provided, stop all phone/text contact, not report this to any credit bureau XXXX and confirm that the account is cancelled with a {$0.00} balance."
7505	"In accordance with the Fair Credit Reporting act. The List of accounts below has violated my federally protected consumer rights to privacy and confidentiality under 15 USC 1681. \n\nAccount Name : XXXX Account Number : XXXX Account Name : XXXX Account Number : XXXX Account Name : XXXX XXXX XXXX  Account Number : XXXX and list of Inquiries. \n\n15 U.S.C 1681 section 602 A. States I have the right to privacy.\n\n15 U.S.C 1681 Section 604 A Section 2 : It also states a consumer reporting agency can not furnish a account without my written instructions 15 U.S.C 1681c. ( a ) ( 5 ) Section States : no consumer reporting agency may make any consumer report containing any of the following items of information Any other adverse item of information, other than records of convictions of crimes which antedates the report by more than XXXX years. \n\n15 U.S.C. 1681s-2 ( A ) ( 1 ) A person shall not furnish any information relating to a consumer to any consumer reporting agency if the person knows or has reasonable cause to believe that the information is inaccurate."
7506	"XX/XX/XXXX, I got a car financed through Santander Consumer USA bank for {$12000.00}, now it is XX/XX/XXXX without missing a payment. My loan is still {$10000.00}. It only went down that little because I started paying more. The XXXX loan was 72 months and the interest was already inside of the payment {$320.00} and then they added a simple interest also. I discussed this with several Representatives nothing never changed. I am not reaching out to you for help. Because if I haven't paid this loan down by now, it will never go away. \nThanks"
7507	"XXXX mortgage company is refusing to sign documents in an effort to get assistance for my mortgage. I receive assistance through XXXX in which I was granted assistance. XXXX has denied me access to receive this assistance. My case manager is XXXX XXXX who has not returned my phone calls. His number is XXXX. We are in dying need of assistance and this company is refusing to grant us the assistance."
7508	"I am writing to file a formal consumer complaint regarding a deceptive auto financing experience involving Santander Consumer USA and the former XXXX XXXX XXXX operating as XXXX XXXX XXXX, SC. I am submitting this complaint on behalf of myself, and my mother. \n\nIn XX/XX/XXXX, I visited the dealership with my mother to co-sign for her vehicle. Instead, I was listed as the sole borrower on a loan with a XXXX  % APR and inflated fees, without my informed consent. The contract falsely listed the dealership address as XXXX XXXX XXXX XXXX XXXX instead of the correct location at XXXX XXXX XXXX XXXX XXXX. \n\nAfter raising concerns, my mother was placed in a second Santander loan for another vehicle under similar abusive termsover $ XXXX for XXXX  months. These actions amount to deceptive, abusive, and potentially fraudulent practices. \n\nDespite having possession of the contract documents since the time of purchase, we did not become aware of the discrepancies and issues contained therein until XXXX of XXXX. It was only upon a thorough review at that time that we discovered critical problems, including the incorrect designation of the borrower instead of a co-signer, mismatched addresses on the contracts, Both contracts were handled by the same salesman and submitted to the same lender, Santander Consumer USA, yet they reflect XXXX different business addresses for the dealership and the failure to properly apply the trade-in vehicle toward the purchase. These oversights were not apparent earlier and have significantly impacted our ability to resolve the matter promptly."
7509	"I have an account with Coinbase.com and on XX/XX/2021 had approximately {$7500.00} in cryptocurrency in my account. During the early morning hours of XX/XX/2021 I received text messages from Coinbase of suspicious activities in my account and asked if it was me initiating these activities. I awoke from my sleep to answer the texts and responded that it was not me and locked my account. I called and learned that my money was safe but account was locked and would have to wait 24 - 48 hours to have access to my account. I specifically asked to verify that my money was not moved but again reassured that it was safe. I later learned that all my money but {$0.00} remained in my account. I also learned that my personal bank account linked to my Coinbase account had {$1000.00} transferred from my bank to Coinbase during this same time frame. In total, I sustained a loss of approximately {$8500.00}. Communicating with Coinbase to investigate what occurred has been almost impossible. Each time I spoke with a live representative, I was told that my case was being referred to the next level and that I would be contacted by that level within 24 hours. That \" level '' has yet to contact me. Coinbase has failed to protect my money, replenish my losses and respond to my desperate requests for answers."
7510	"At one time briefly I opened an account with XXXXXXXX XXXX internet. The service was so bad and the billing was always incorrect. I cancelled the service and returned the equipment ( there is nothing you can use the old modem for anyway ) and was told by the customer service manager I would not be billed for any services. When I had received another bill from the company they had admitted they sent it in error and told me not to worry about paying the bill and I never received any more bills. Now when my credit score is at its highest peak I see a collection from a Transworld systems about this same bill years later. There have been no calls voicemails text messages or any letters of intent to collect any debt sent to my home and I have left a forwarding address not to mention I have been here current address for TWO YEARS and have never received any communication or correspondence from Transworld. This debt was never valid and someone from billing has made an error and now my credit has taken a 20 point hit. This needs to be removed from all three credit bureaus."
7511	"Hello. I have couple loans that it is hard to pay right now. I have financial difficulty and I am having trouble paying other my bills too. I just need some solutions, please. I am really looking forward to hearing from you soon. Thank you."
7512	"I am a victim of theft from a missing payment inside of the Nordstrom department store in the XXXX Texas. On XX/XX/year> I went inside the store to make a purchase and payment. Before leaving the store I went to the nearest teller to make a cash payment of {$100.00}. The cash payment was misplaced and stolen from the teller and never placed on the account payment history. After bringing this to Nordstrom attention, they refused to take accountability. Instead, they requested that I make the payment to cover the stolen payment. I refused to make an additional payment I demanded justice and payment to report. I was threatened that they would report the missing payment as late payment, and this caused over 4 missing payment history due to Nordstrom never correcting the initial payments"
7513	"Today, at XXXX XXXX Pacific Time, Ireceiveda call from someone who asked for person X ( my partner ), and when I asked who they were, said : \" This is XXXX XXXX  ''. I asked, \" Which office of XXXX XXXX? '' They responded : \" It's an office of XXXX XXXX  ''. I pressed again : \" What office of XXXX XXXX  are you from? '' They responded : \" With the University ''. When I finally pressed again, they responded, \" I'm with Williams & Fudge, working on behalf of the University. '' I believe it is fraudulent to represent yourself as someone you are not. This was not a call from XXXX XXXX, they were from Williams & Fudge , Inc ."
7514	"Hi there Im trying to get key bank and XXXX XXXX on XXXX and XXXX have a bank there it allow me to get key hassle free check ing account there can you see why XXXX cant apply for a account there is it because XXXX XXXX and have XXXX there and XXXX XXXX XXXX there they are refusing me to have XXXX"
7515	"Hello my name is XXXX XXXX and writing in for the second time. I would like all of my unauthorized Inquiries, my derogatory remarks, late payments, public records, closed accounts, and student loan accounts removed. Many of these accounts fall under the statute of limitations or are misreporting on my credit report. \n\nPlease apply these laws to my accounts : The Fair Debt Collection Practices Act Law XXXX, title XXXX, XXXX Stat. XXXX XXXX XXXX ) FairCredit Reporting Act ( FCRA ) 15 U.S.C. 1681 ( FCRA XXXX Account Name : XXXX XXXX Account Number : XXXX Account was opened : XX/XX/XXXX Account Balance : {$5700.00} Account Name : XXXX XXXX XXXX  Account Number : XXXX Account was opened : XX/XX/XXXX Account Balance : {$260.00}"
7516	"In an attempt to monitor and manage my money better I contacted discover bank about opening an account. Thats when they informed me that I could open a savings account about a debit account. However, they said that their debit system is down right then, but the lady told me that I waited a couple weeks that I can get a debit account to go with my savings account to be able to move my funds! I waited patiently and then I was told that they were doing the debit cards again so I contacted the company XXXX different times to which they denied my applications for debit card. They said it was in part due to my credit score, and the fact that I had activity theft as my ex-husband has destroyed me financially. He has withdrawn money about all the accounts so that is impossible for me to get a normal bank account. I am Non Emergency situation and having spent XXXX nights in the streets with no food no shelter no clothes and the company refuses to assist me in anyway. They misled me into an account and then when they claim that theyre not gon na make anyone pay the price for identity theft thats exactly what theyre doing. I should be able to have an account to move and manage my money, this is causing him at large amount of grief and I want you to know in life something needs to be done if Im not good enough to have a debit card to go with my savings account why would I want someone to hold my money and refuse to ever give it to me especially in a situation like Im in now. I spent the last XXXX XXXX years living in XXXX is trying to hide from the likes of my XXXX Im now here for a court date in XX/XX/XXXX and XXXX in the streets with no access to my funds. This is criminal.."
7517	"MIDLAND CREDIT MANAGEMENT is furnishing an account to my consumer report without providing me with prior consent via certified mail giving me the opportunity to dispute the debt or opt out of any relationship with their company. This is a violation of my consumer rights. I demand MIDLAND CREDIT MANAGEMENT cease and desist all communication regarding this alleged debt through ANY medium ( including my consumer report ). Failure to comply will result in legal action being taken."
7518	"I filed a complaint twice already stating I never filed a BK that is showing a dismissed BK that is showing on my credit report. This has cost me a government hiring. They told me they verified it and it is correct. I called the XXXX Bankruptcy Court and spoke with the clerk in the office. She stated to me we do n't verify any info over the phone or thru mail. If Equifax does n't remove this then I plan on filing a lawsuit against them and sue for damages. I have been extremely nice to them with my letters and stating the facts. I want this damaging information on my credit report removed. \n\nXXXX XXXX"
7519	"Hello, On XX/XX/XXXX, I sent a certified check for the payoff of my leased vehicle with Audi Financial Services and an additional certified check for expedited shipping to have my title sent back quicker. It was sent overnight and Audi received it on XX/XX/XXXX. I sent 2 messages to Audi using their online portal ( 1 to tell them I sent everything to include my tracking number to them and the 2nd after a week or so of no update on my account ). After XX/XX/XXXX, they showed my payment as late and I decided to call in. Upon calling in I was told to wait another week. I waited a week, and sent yet another message using their online portal and received no response. I called in again and spoke to someone who said that Audi is severely behind on sending customer 's their titles, but he was able to \" post '' the payment to my account to stop it from showing late and stopping it from behind reported as late to the credit bureaus. After 2 more weeks, I called in again as there was no update and this representative said there was nothing he can do. It's now been basically a month since I've sent everything to Audi Financial Services, they have my money, they have my car 's title illegally, and I can't do anything on my end with my vehicle ( sell it, register it, title it, etc. ). I've now resorted to emailing several executives with AudiUSA to try and get their attention and I'm now seeking assistance with consumer reporting to help me get my cars title."
7520	"My XXXX account wont let me connect my bank account to it. Ive tried so many different methods, including, entering it manually, trying again the next day, trying a different bank account entirely. None of these have worked. Ive also tried contacting support through multiple methods and I cant get in touch with anyone. The live chat only connects you to a bot and never transfers over to a live agent. The same with calling, it only gets you to the menu and never advances you past that to a live agent. Ive also emailed XXXX and received an automatic response saying that they dont monitor that account. Im out of options and dont know what to do. I would go ahead and just close the account if I didnt have {$100.00} sitting there."
7521	"I go to use my card which was working fine and was unable to do a transaction I called XXXX XXXX and find out why and was told they locked my card due to suspicious transactions. Come to find out 3 days ago that I would be receiving a new card in the mail that was issued on the XXXX of XXXX which I had no notification no knowledge of my card locked or a new card coming in the mail. If I would have been notified I would have time to notify all of my automatic payments for my bills to inform them that I would be receiving a new card in the mail and I would get the new number to them as soon as I received it. XXXX XXXXs did not inform me send me no notification nothing so now all of my bills were declined that was set on automatic payment I've had to contact each XXXX of them to inform them of new card number. My car insurance was almost terminated my phone was shut off and my life insurance both were being canceled due to decline payments. I've had nothing but problems for the past couple years with XXXX XXXX which I get my widow benefits on not to mention money that was used off my card that was not me that they said or accountable by me which they were I was on the phone with them as money was taken off my card at the same time and they still said it was valid transactions so I was out over {$200.00}. When I contacted XXXX XXXX yesterday all I was told was they apologize for any inconvenience which like I told them an apology doesn't pay my bills or make me delinquent."
7522	"Please reference previous complaint ID XXXX against XXXX XXXX XXXX XXXX XXXX. XXXX XXXX XXXX, XXXX continues to engage in deceptive business practices, as they have apparently sold our \" debt '' to another agency, Tate & Kirlin Associates , Inc. Tate & Kirlin Associates , Inc. is the subject of this new complaint, as they are now engaging in harassing techniques to collect a \" debt '' we DO NOT OWE. A letter was sent to the home of my parents on XX/XX/XXXX stating that we owe {$1300.00} for an account with Defenders/ ADT XXXX It was already established with Defenders and XXXX XXXX XXXX, XXXX. that there is no debt and we do not owe anything to anyone. \n\nToday ( XX/XX/XXXX ) I called Tate & Kirlin Associates , Inc. to let them know, and they easily located the account and verified my full name. They then refused to help me unless I provided my date of birth and new mailing address. I am obviously not going to give this information to anyone I don't know over the phone who is engaging in false debt collection practices against me. The man I was speaking to stated if I was not willing to give this info, he would not help me and hung up. I'm certain they will continue to harass my extended family for debt we do not owe. I can only assume this is just the beginning of a harassment journey with Tate & Kirlin and I am not going to put up with this again. \n\nAt what point will this false debt stop following us?! Is it illegal for XXXX XXXX XXXX to pass \" debt '' on to Tate & Kirlin knowing the case was closed and we don't owe anything? Is it illegal for Tate & Kirlin to attempt to collect on a debt they know we don't owe? I'm assuming they are in possession of our contract with Defenders that shows a very clear {$0.00} BALANCE. \n\nLetter from Tate & Kirlin is attached. I don't know who I spoke to there today, but it was a man at XXXX at XXXX EST."
7523	"At this time, I request a true copy of a Bill of Sale pertaining to a debt purchase that XXXX XXXX XXXX claims they acquired from Synchrony Bank. If there is no Bill of Sale that can be proved on the debt ownership transfer, then the transfer of information is only an identity theft issue. FTC XXXX XXXX XXXX XXXX ( 2009 ) states in a federal district court decision, that debt transfers for collection must be proven to be 100 % accurate by an assignment of collection responsibility, or as in the case of debt-buyers by a Bill of Sale . If a Bill of Sale can not be shown, then I will file an identity theft claim against XXXX XXXX XXXX with the Federal Trade Commission. DELETE THIS TRSADELINE PERMANENTLY ON ALL CREDIT BUREAUS XXXX XXXX"
7524	"I withdrew about $ XXXX from my Coinbase account via wire transfer on XX/XX/XXXX. The funds never arrived in my account. It is now XX/XX/XXXX. The funds were supposed to arrive in 3-5 business days according to Coinbase. The transaction shows as complete despite never receiving the funds. I wrote to customer support on several occasions only to receive an automated email response. \n\nAdditionally, I lost .XXXX litecoin on a transfer because i mistakenly used my bitcoin wallet address. If the address was invalid, why wouldnt their protocols identify and disallow that? So where did my coins go? They just disappear?? How is that possible when every transaction and custody of every coin is recorded in the blockchain, a distributed ledger."
7525	"My mortgage is through XXXX, and today I received an email that my payment is due to a company called XXXX XXXX. I have received no correspondence by phone, email, or in my loan document center through XXXX regarding any company called XXXX XXXX. I have attempted to contact XXXX XXXX since XXXX today, and as of XXXX ( EST ) I have not heard from them. I contacted XXXX, who reports that on XX/XX/XXXX they sent notice that my loan was being transferred to XXXX XXXX effective XXXX but that letter has not been received, is not in my loan documents section of their website, and is well short of the 15 day notice requirements. \n\nAs a result, I am concerned that I'm going to be charged a hefty late fee and have it appear as non-payment on my credit report, given that my checking account automatically pays this bill directly to XXXX and will be past the \" grace period '' by the time it is received at XXXX XXXX. \n\nI have been on hold with XXXX for 28 minutes now attempting to obtain a copy of this notification of transfer, and they are refusing to help me except to say \" we can send another copy which will take at least 5-7 business for you to receive ''. I can not get in touch with XXXX XXXX."
7526	"- On XX/XX/2019 I sent a wire ( from the branch with teller rather than via internet banking ) from my 100 % owned company 's bank account at XXXX to my personal account at Bank Of America. \n\n- Bank of America froze the funds ( without even consulting me ) due to my incoming wire from XXXX that was apparently 'confirmed fraud '. \n\n- I contacted Bank of America to let them know the wire wasn't fraud as it was in fact sent by me from my corporate account at another bank. \n\n- Bank of American requested I take a notorized copy of the wire transfer receipt into a Bank of America Financial Centre ( copy attached ). I took the notorized copy in to a bank of America Financial Centre on XX/XX/2019 and was accepted by Mr. XXXX XXXX ( Tel : XXXX XXXX XXXX ) or email XXXX - I have also followed up with XXXX who have sent two confirmations to Bank of American via XXXX XXXX XXXX XXXX the Intermediary Bank ) to confirm the wire is in fact good. \n\n- I have called Bank of America every other day for the last month inquiring as to what has happened to my funds but have been told that nothing can be done as the wire is 'confirmed fraud '. \n\n- I am at a complete loss as to what to do as I have concrete proof that the wire is not fraudulent and XXXX have confirmed that the wire is good however Bank of America will not provide me with any avenue to prove this or even permit any email correspondence or phone contact with the 'Hold Harmless ' group. \n\n- My contact at XXXX is XXXX XXXX ( XXXX ) - I really want to avoid getting legal counsel involved as Bank of America will drain my resources to the point where I lose everything anyway. Please HELP!!!!"
7527	"I'm not liable for this debt with XXXX XXXX. I do not to have a contract with FirstPoint Collections Resources nor have they provided me with the original contract as requested. FirstPoint Collections Resources is not licensed in the state of Virginia to collect debt as a debt agency."
7528	"This company is reporting an account that I have no knowledge of ; Not only that- Its passed SOL in the state of TX . This company is damaging my credit and I 've never received any kind of notice prior to this acct reporting to the credit bureaus."
7529	"I PURCHASED A TICKET FOR XXXX/XXXX/2016 XXXX XXXX FLIGHT XXXX TO XXXX XXXX, IT WAS CANCELLED AND XXXX REBOOKED ME ON XXXX FLIGHT XXXX TO XXXX XXXX. I ORIGINALLY BOOKED XXXX TO AVOID BAGGAGE FEES WITH MY XXXX CREDIT CARD. I INCURRED {$50.00} IN FEES WITH XXXX. XXXX INFORMED ME I NEED TO CONTACT MY XXXX CREDIT CARD FOR REIMBURSEMENT. THE FORM CAN NOT BE COMPLETED ONLINE BECAUSE OF THE XXXX TICKET NUMBER. I SUBMITTED A FEEDBACK REQUEST FROM XXXX ON XXXX/XXXX/16 CASE ID XXXX AND HAVE RECEIVED NO FOLLOW UP. WHEN I CALL THEY CONNECT ME UNTIL THEY CANT CONNECT ME ANYMORE OR THE PHONE DISCONNECTS."
7530	"I was incarcerated on XX/XX/XXXX when a Discover Card account was opened in my name by my mother. I did not have knowledge of the account and I did not consent to her opening an account in my name without my knowledge or use. I did not apply for a Discover Card and I did not receive a Discover Card. I have never lived XXXX XXXX XXXX, XXXX, GA XXXX nor have I ever lived at a an address on XXXX XXXX, XXXX, GA XXXX. I informed Discover Card of the identity theft. I also informed Discover Card my mother applied for the card without my knowledge or consent. I also provided Discover Card identity theft affidavit ( s ) as well as a CitXXXX of XXXX police incident report stating I did not apply for or open the account for which my name appears. \nDiscover card closed the account, however they reopened a separate account in my name refusing to remove the liability and {$17000.00} debt from credit reports stating I should have known my mother applied for a credit card in my name. I have also provided Discover with proof I was incarcerated from XX/XX/XXXX, XXXX XXXX, XXXX ; the fraudulent account having been opened XX/XX/XXXX. \n\nPlease investigate this matter because I should not be held accountable for a debt fraudulently made for which I had no knowledge."
7531	"1. 15 U.S.C. 1692g - Validation of Debts : * Your company failed to provide me with proper validation of the alleged debt within the required time frame.\n\n* I demand that you promptly provide me with the necessary documentation to verify the validity of this debt, including details of the original creditor, the amount owed, and any relevant account information.\n\n2. 15 U.S.C. 1692c - Communication Restrictions : * Despite my explicit request, your company continued to contact me regarding this debt without providing the required validation information. \n* I insist that you cease all communication related to this debt until you have fulfilled your obligations under the FDCPA."
7532	"I am filing a complaint against Cash App ( Block , Inc ) due to inadequate customer service and unfair practices, which violate the Consumer Financial Protection Act ( CFPA ). Specifically, Cash App failed to take timely and effective measures to prevent and address fraud on their platform, leaving my account vulnerable and unprotected. Furthermore, their dispute and resolution process was unfair and deceptive, as they did not comply with error resolution requirements under the Electronic Fund Transfer Act ( EFTA ) and Regulation E. These acts have caused significant inconvenience and financial loss and seek appropriate redress for these violations."
7533	"Dear ONEMAIN, I am writing to dispute a hard inquiry listed on my credit report that I did not authorize. The inquiry appears as follows : ONEMAIN Date of Inquiry : XXXX XXXX2023 Credit Bureau Reporting It : XXXX  To the best of my knowledge, I did not apply for credit with this company or authorize them to access my credit report. Under the Fair Credit Reporting Act ( FCRA ), a credit inquiry may not be listed on a consumers credit report unless it was authorized by the consumer. Therefore, I am requesting that this hard inquiry be removed from my credit report immediately. \n\nPlease investigate this inquiry and remove it from my file if it is found to be unauthorized. I have enclosed a copy of my credit report with the disputed inquiry highlighted, along with a copy of my government-issued ID and proof of address for verification purposes. \n\nI would appreciate a written confirmation once the inquiry has been removed or corrected. \n\nThank you for your prompt attention to this matter. \n\nSincerely, XXXX XXXX"
7534	"Convergent Outsourcing, Inc. sent a demand letter to my client alleging that she owed {$970.00} to XXXX. She does not have, and has never had, an account with XXXX. The fraudulent demand offers to settle for 50 % if she pays within 45 days."
7535	"About : RPM - Receivables Performance Management LLC XXXX XXXX XXXX XXXX - XXXX XXXX XXXX, WA XXXX T : ( XXXX ) XXXX On XX/XX/XXXX, I received a telephone call from the above referenced company. During that conversation, I informed them that I do not owe {$2400.00} to anyone. As I was trying to get clarifications and proof from them, all they kept repeating throughout the conversation was that I pay all my debts in time, and that my credit history is very good. I stopped the conversation by asking them to mail proving documentation to me, and also to stop all other communication with me, with my address, and to record that I dispute having any obligation for that debt. They kept calling repeatedly for months on end, and never provided any of the documentation that I had asked for during that telephone conversation. They started sending me invoices to settle the debt in lower amounts. Then to my surprise, on XX/XX/XXXX, I received a notification from a credit bureau that this company had made the debt of {$2400.00} public. On XX/XX/XXXX, I sent them a letter which copy I am providing here."
7536	"I am strong victim of wells Fargo auto loan I was neglected when I summited the complaint and this has violated my consumer rights I have XXXX XXXX XXXX XXXX XXXX XXXX  and request CFPB and was over look now I have XXXX XXXX XXXX XXXX XXXX well Fargo has approved a loan on a damaged vehicle and over priced the vehicle Wells Fargo approved a auto loan"
7537	"My Student Loan is now paid off as of XX/XX/year>. However, Ed Financial has now REMOVED the paid tradeline off of my credit report which also DELETES over XXXX  years of good paying history. \n\nThis is a very important component of credit scores and after paying satisfactorily for XXXX  years, this tradeline does not even show up like I ever had this loan. This should still be on my credit reports for the next XXXX  years after it was paid off."
7538	"Hello, 5 months ago me and my wife began refinancing my mortgage with your company. Since we began we have been repeatedly misled or given inaccurate information or straight out lied to by my loan officers. We tried to cancel the business months ago when their service was clearly not helpful but they held hostage my deposit they refuse to return if i wanted to cancel their business. \n\nWe've been told repeatedly that after an assessment and providing the value came out as predicted it would be the last step in the process. After the assessment came in for the proper amount they have now indicated that we needed repairs but are unable to tell me what is needing to be done because the assessment report does not say anything. After that we were told that we could not qualify anymore for our loan and would need to change terms. \n\nWe've been given the run around from these officers and company for months without getting any straight answers on why we don't qualify and what we need to do to qualify again. At this point the only I can think of is their trying to scam me out of me {$500.00} dollar deposit by pushing me to another lender. \n\nThese two employees have repeatedly given us conflicting information in what is either massive incompetence in their abilities or an intentional effort to drive away our business and keep the {$500.00} dollar deposit. I have asked to speak to the managers but haven't received a response. I am concerned that this is a complete scam with the way we are being treated by this company, I have reported this company as a scam to all available financial regulators and will be contacting legal counsel. \n\nXXXX XXXX XXXX XXXX NMLS ID # XXXX AmeriSave Mortgage Corporation NMLS ID # XXXX XXXX XXXX XXXX XXXX, XXXX XXXX XXXX KY XXXX XXXX Desk XXXX Fax XXXX XXXX XXXX Processor AmeriSave Mortgage Corporation NMLS ID # XXXX XXXX XXXX XXXX XXXX XXXX XXXX XXXX, XXXX XXXX XXXX GA XXXX XXXX Desk XXXX Fax XXXX Thank You, XXXX XXXX"
7539	"Due to medical and financial hardships and losing work during the pandemic, I fell further behind in my mortgage with my former lender XXXX XXXX I was on a foreberance plan and my first payment after the foreberance was going to be {$2400.00}, due XX/XX/2022. In XX/XX/2022, I began getting strange letters from a company called Selene Finance saying they were now my mortgage company. I received letters from Selene almost weekly with different instructions, information, etc. I called and spoke to a Selene Financial representative and asked for the meaning of the letters I received, I was told this company was now the mortgage company I should pay my mortgage to. them. I was about to make my first payment for XX/XX/2022 to Selene, and then I started receiving letters saying I had to pay {$3300.00} ( approx ) Selene also raised my interest rate, and the principal balance. I tried consistently and over and over again with various representatives sending my agreement/forbearance/modification with XXXX and although all the representatives I spoke to said Selene would honor my work out with XXXX, they did not. Selene told me to apply for a modification with them, and when I did, they came back with again a higher interest rate, higher principle balance and a monthly payment in the amount of {$4200.00}. Selene has not honored my terms with XXXX, I have no explanation as to why, they will not honor my terms from XXXX and how can they change my interest rate? Selene Finance seems like a mortgage company that is not reputable nor do they care about the transferred/sold clients they have in their portfolio. \n\nHave tried to load supporting documents keep saying file too large."
7540	"This debt collection company has been trying to collect debt that IS NOT MINE. They are claiming that I owe XXXX and when I requested a breakdown of just a little over {$1000.00} but claimed that there was a balance forward of {$15000.00}. They were unable to explain where this amount came from. This is a rent debt and I paid my rent every month. When we moved out, they claimed there was some damage to the property which was accounted for in the breakdown, but at no point did I ever owe a balance of {$15000.00}. This is impossible to owe this much money without being evicted. They have called me, harassed me and after disputing this in writing with them in writing, they have continued to say that I owe a debt that I DO NOT OWE. I have requested proof of this alleged debt in the form of a contract bearing my signature and the contract only proves that I fulfilled my lease obligation and I would also argue that the very small amount of damage is simply wear and tear. This company is exploiting me by listing this outrageous debt allegation on my credit report which is stopping me from being able to obtain credit. This amount is totally inaccurate and this practice violates the Fair Credit Reporting Act ( FCRA ), 15 U.S.C. 1681i. I have the right to a fair credit report that reflects only accurate accounts under the fair credit reporting act. This company has continuously violated my rights and their practices go against the Fair Debt Collection Practices Act. I am requesting for removal of this account from my credit report IMMEDIATELY. This company has been given the chance to prove the accuracy of this account but they have failed to provide any proof other than a claim that they purchased this debt from another company who I also did not sign an agreement with."
7541	"I had a checking and savings account open with Wells Fargo somewhere between XXXX and XXXX and somehow I ended up owing almost {$300.00} to Wells Fargo for overdraft fees and now no bank will open me an account and the last 10 years. Every week when I was getting paid my paycheck was being deposited into my Wells Fargo account and I don't know how I came to all these fees."
7542	"I was denied a re-finance mortgage of real estate by TCF Bank. The approval process took almost a year, with multiple delays created by the bank. I spent nearly {$600.00} in appraisal fees, and nearly one year of time attempting to secure this loan. I took another job during the inordinate amount of time that the Bank took and that became the reason for the denial of my loan. They delayed the loan by asking for the same documents repeatedly. They used other time delay tactics like going \" dark '' and not communicating the status of the loan. The bank would ask for repairs for be done to the property that did not need to be done for non-existent issues. The bank also requested that a re-inspection be done after the repairs for the non-existent issues were done. The bank then asked for a certification from a licensed \" roofing-professional ' to be provided. This professional license does not exist in the state the property is in, so the request was nonsensical and impossible to obtain."
7543	"I noticed a collection on my credit report by Diversified Consultants from XXXX, FL. I had never received any information from them regarding alleged account, so I sent them a letter on XXXX XXXX, 2016 asking for verification and giving them my current contact information. I never received a response. I then disputed with the Credit Bureaus asking that they help verify the information or delete the account. The information came back verified, but as a paid collection with zero balance. It was then changed back to having the original balance and a status of \" derogatory ''. I still to date have never recieved any communication from this company, nor have I ever paid or had a business relationship with them. The credit report states that the account was from a previous XXXX bill and I have verified with XXXX directly that I have no outstanding balances with them."
7544	"To Whom It May Concern, While checking my most recent credit report, I noticed credit inquiries that I did not authorize, made by the following companies : Inquiries : ( XXXX XXXX ). \n( XXXX XXXX XXXX ). \n( XXXX  XXXX ). \n( XXXX XXXX XXXX ). \n( XXXX  XXXX XXXX ). \n( XXXX XXXX XXXX XXXX ). \n( XXXX XXXX XXXX ). \n( XXXX XXXX XXXX ). \n( XXXX XXXX ). \n\n\nI did not authorize anyone employed by these companies to inquire and view my credit report. This is a violation of Section 1681b ( c ) of the Fair Credit Reporting Act and a serious violation of my privacy rights. Validate this information with these companies and provide copies of any documentation associated with these accounts that bears my signature, authorizing a consultation. In the absence of such documentation with my signature, I formally request that these fraudulent inquiries be immediately deleted from the credit file that you maintain under my Social Security number. Please note that you have 30 days to complete this investigation, as per the Fair Credit Reporting Act section 611."
7545	"I have had a Home Mortgage loan with Wells Fargo for 12 years. My payments are due on the XXXX of the month and I make them on the XXXX of the month. \n\nLast month I got a notice that they were transferring my loan servicing to another company. The notice said the other company would reach out to me. Given the nature of scams these days, I was skeptical. I never received another letter about this from XXXX or the other company. No confirmation at all. \n\nI went to make my loan payment today and the Wells Fargo site said it was transferred. I called Wells Fargo and they confirmed. They could not help me. They did not know anything about how to handle my payment ( which is due now! ). How could they transfer my loan on the day the payment is due and not know how to help me? \n\nI called the new company and they said a welcome letter should go out in the next ten days. They said I could make a payment but they could not guaranty it would be applied properly. \n\nWhy on earth would I make a {$3900.00} payment to someone I do not know!!! \n\nNow I am stuck not knowing what to do about my loan. I plan to wait for the welcome letter but I am concerned about my credit score and the interest that is accruing on my loan. \n\nI am also concerned about my tax reporting since Wells Fargo thought it was a good idea to do this in the last month of the year. \n\nThis appears typical of Wells Fargo caring about their bottom line and not at all about their long term clients."
7546	"i tried to pay for a goods and services on paypal and they took the money. the guy is a scammer and i contacted paypal immediately and since i used the goods and services option i should of been refunded but they have not done so and let the person keep the money. money sent the XXXX in the evening and i contacted them the XXXX i am supposed to be covered by their purchase protection program since i sent the money as goods and services. as ive had no contact with the seller and they have not done the work they were contracted to do. i also do not have the item."
7547	"I purchase a Tesla XXXX XXXX in XXXX of XXXX  from Tesla Motors, and due to the pandemic I never received my title paperwork. I've asked for it previously, but have never received it. This has left me unable to register the vehicle, and now my auto loan rate has reset because of this issue."
7548	"car transmission went out 4 months after buy car loan company insurance did not want to cover told company to come get the car agreed to until i notify to them that the car was at dealership with a bill of XXXX they called me back saying they didnt want the car anymore"
7549	"So I have been so much with mr cooper over the years. I was in forbearance and I was told after forbearance the past due would be put at the end of the loan. So after months of trying and trying the DEO of Florida which oversees the government back homeowners assistance fund finally approved me for my back pay and 12 months of future payments. Sent them the letter and I believe XXXX I think they are payee for DEO sent them the payment which took weeks and it just sat in Mr. Coopers account along with everyone else on this program. After all this it still shows me two payments behind XXXX and XXXX with XXXX due coming, what is the matter with them? I never dealt with such a XXXX  corporation in my life. Nothing else comes close. If you look at the payment history recently it is so confusing when you look at it. They cant even read it right I am sick of them controlling my life and it makes me XXXX  all the time. They always say they want to help you. But I always feel they get angry when your getting help and they want you to fail. I have been on XXXX XXXX XXXX in XXXX before and you would think someone would of watched it but I guess they didnt."
7550	"Marcus by Goldman Sachs refuse to wire my money back after account closure through a three way verified account. \nThe account number is XXXX The Date of transfer is XX/XX/2023 Now 4 month after the date I still havent got my money back"
7551	"In accordance with the fair credit reporting act. The list of the accounts below have violated my federally protected rights to privacy and confidentiality under 15 USC 1681 Account name : XXXX XXXX XXXX Account # XXXX Account name : XXXX XXXX XXXX Account # XXXX Account name : XXXX XXXX  Account # XXXX Account Name : XXXX XXXX Account number : XXXX Account Name : XXXX XXXX  Account # XXXX Account Name : XXXX XXXX Account # XXXX 15 U.S.C 1681 Section 602 A.States I Have the Right to privacy 15 U.S.C 1681 Section 604 A Section 2. Also States A consumer reporting agency can not furnish my account without my written instructions 15 U.S.C 1681c. ( A ) ( 5 ) Section states no consumer reporting agency may make any consumer report containing any of the following items of information any other adverse item of information, other than record convictions of crimes which antedates the report by more than seven years 15 U.S.C 1681s-2 ( A ) ( 1 ) A person shall not furnish any information relating to a consumer to any consumer reporting agency if the person knows or has reasonable cause to believe the information is inaccurate"
7552	"I opened a bank account with Citizens Bank in XX/XX/XXXX. I followed their public online offer of {$300.00} for opening a checking account by making ( 1 ) direct deposit of {$500.00} which I completed in XXXX. The pay-out according to their site should be by XX/XX/XXXX but I still haven't received it til this day. \n\nI've tried messaging them and calling but I can never get in-touch with someone to deal with it."
7553	"I received an email on XX/XX/2023 from my Loan Servicer Mr. Cooper in a form letter that was also sent to thousands of others stating that on XX/XX/XXXX Mr. Cooper became the target onf a Cyber security incedent. the letter went on to state that Mr Cooper took immediate steps to lock down their systems in order to \" keep your data safe ''. \nThe rest of the form letter went on to state that as a parent company they are working as to fix the issue as quickly as possible ; and that I would not in cur any fees, penalities, or negative credit reports. There was a link alsop given and I was encouraged to visit the site. \nToday however they have released a memo stating that one can make their mortgage payment via phone mail one-time web payment XXXX XXXX or a XXXX \nDue to my age ( XXXX ) a fixed income and all of this inconvience I am relunctant to do anything other than use the US mail and write a check ... ... .will there be anytype of retrobution to all of us that were affected? What about mine and all others personal information ie credit and bank accounts that may or maynot been compromised? \nXXXX XXXX"
7554	"It appears that my credit file has been compromised. Again, I was going through my records & noticed many items which do not belong to me. Since Im a stickler for research, I found that under section 605b of the FCRA, you are required by law to remove & block any items which are found to be opened due to identity theft. The dispute items do not belong to me. Im attaching the required FTC Report for you and the bank 's records ( learned through more research both parties require ). Please block/remove these files. \nXXXX XXXX XXXX XXXX XXXX RI XXXX XX/XX/XXXX, XXXX XXXX XXXX XXXX XXXX, RI XXXX XX/XX/XXXX, XXXX XXXXXXXX Balance : {$1500.00}, XXXX XXXX XXXXXXXX Balance : {$0.00}, XXXX XXXX XXXX XXXXXXXX Balance : {$26000.00}, XXXX XXXX XXXX Balance : {$4500.00}, XXXX XXXX Balance : {$1800.00}"
7555	"ERROR OF FEES NOTICE AND COMPLAINT OF UNAUTHORIZED FEES, ACCRUAL OF FEES, INTEREST BASED ON THE FEES AND ACCOUNT ADJUSTMENT BASED ON IMPROPER AND ERRONEOUS FEES. \n\nTHIS INFORMATION IS BEING REQUESTED IN WRITING AND A RESPONSE IS REQUIRED. PROVIDE THE REASON FOR THE FEES FOR SERVICE/INSPECTIONS AND OTHER FEES DISBURSED FOR XXXX AND XXXX AS IS INDICATED ON THE ACTIVITY STATEMENTS. \n\nPROVIDE THE PERTINENT INFORMATION, INCLUDING SIGN IN SHEETS, PHOTOS BEFORE AND AFTER THE INSPECTION/SERVICE, COMPLETE REPORTS FOR SERVICE PROVIDED, FEE SCHEDULES OF SELECT PORTFOLIO AND OTHER INFORMATION."
7556	"I received a notice on my XXXX credit report stating that \" Comenity CapitalXXXX has accessed your XXXX credit report on XX/XX/2025, resulting in a new inquiry. \n\nOn XX/XX/XXXXXXXX XXXX XXXX XXXX XXXX  I called Comenity Credit Card Counseling at ( XXXX ) XXXX asking what the status of this credit application is, if I did indeed apply. After giving them my information, they said that an account of mine did not exist. They said I needed to call ( XXXX ) XXXX. I did so, but None of those options seemed like they would help me. \n\nOn XX/XX/XXXXXXXX XXXX XXXX XXXX I then called XXXX XXXX XXXX  credit card customer care system ( XXXX ) XXXX again they said said that there was no record of me ever applying. \nI then called ( XXXX ) XXXX and gave them my information as well ( name, phone number SSN ). They forwarded me to another line. Before forwarding, I asked if they could provide the number so that I can call directly in case we get disconnected. She said that she could not because she does not have it. All she does is transfer customers to the number. After being transferred I was met with a recording state that \" Comenity representatives can not inform customers of the status of applications. Good-bye. '' I started the process again and was eventually me with the recording once more."
7557	"This is a complaint against Synchrony Bank for their shady and predatory lending practices. I just found out today that they reduced my PayPal credit line from {$3400.00} to {$220.00}, despite me paying them the FULL BALANCE OWED two weeks ago. They did not notify me in advance that my account was in any danger. I was attempting to make a purchase under the assumption I had about {$1300.00} in credit available ( due to the payment only partially posting ) only to embarrassingly and furiously discover that I do not. Now my credit score takes a hit for no VALID reason other than Synchrony wants to play dirty games. When a company randomly decides to DRASTICALLY lower credit or close accounts, the usage portion of your credit score increases because it looks like youre using more credit than you are. This is a DANGEROUS THREAT to a a persons financial stability and growth.\n\nSynchrony falsely cited my credit worthiness as an excuse even though I paid them ON TIME every month since opening the account in 2021 with the exception of two months last year when I lost my income due to an unplanned medical leave. The fact that they reduced my credit without warning AFTER I paid them {$3500.00} in full is THEFT and I want my money back. I have gone through similar things with XXXX and XXXX XXXX. These companies MUST be stopped.. Im BEYOND sick and tired of these greedy corporate banks hurting the every day working class consumer and they need to be held accountable."
7558	"Truist bank is refusing to close my escrow account. \n\nI have a home mortgage with Truist bank. My loan number is XXXX. I made a down payment of 60 % on my new home which is lot more than the 20 % needed to remove escrow account. My loan balance currently is XXXX Further I have a credit score of XXXX and never missed any payments ever in my life. \n\nBut still when I called truist, they are refusing to close my escrow and refund the XXXX in it. \nI told them I will make the propert taxes / home insurance on my own and have sufficient funds, but still they are refusing to close my escrow as they want to make money out of it. \n\nTruist is paying 0 % interest on the escrow account"
7559	"On Thursday XX/XX/XXXX, I saw I had lost a significant amount of money in my account. I had been scammed for XXXX weeks and didnt realize because I was never notified of any suspicious activity from Truist XXXX I called and filed this fraudulent case ( XXXX ) over the phone. They had only issued me a new debit card, my account was not locked. I went in to my local branch on Wednesday XX/XX/XXXX. The teller called the fraud department and they said the case had been denied, but not closed. I had also received a letter in the mail stating that they had denied my claim. The fraud departments reasoning was that the transactions came from a mobile device, and my PIN was used for the transactions. I have never given my PIN out to anyone, Ive never given my card number to anyone for them to make a purchase off their device, and I have also never used Apple Pay. I have only purchased apps through the app store. On Friday, XX/XX/XXXX I filed a police report ( Case # XXXX ) with Key West Police Department XXXX \n\nThe documents they provided me for their reasoning on the denial was just a list of some of my transactions, and how they were all authorized from a debit card transaction. Yet, clearly this was not a sophisticated scam. You can easily see my card was stolen and used on a mobile device without my consent. My daily spending limit is lower than the amounts this hacker spent on XXXX XXXX and XXXX each day. ( See attached below ). \n\nI am requesting Truist reverse these charges because I was the victim of unauthorized debit card use. I have provided all requested documents, including a police report, yet Truist has failed to reimburse me as required."
7560	"This complaint serves as a formal and legally binding demand for the immediate removal of fraudulent accounts associated with the unauthorized use of my Social Security number and personal information. These accounts were not opened, authorized, or consented to by me in any form and do not pertain to any legitimate financial activity I conducted. Legal Basis for Immediate Removal : Pursuant to 15 U.S. Code 1681c2, I am invoking my legal right to demand the permanent removal of these fraudulent accounts. Under 12 CFR Part 1022, Subpart H, credit bureaus are required to remove and eliminate fraudulent data upon receiving notice of identity theft. You are required by law to remove this information within four ( 4 ) business days of receiving this letter. These are the list of Items need to be deleted ASAP : XXXX XXXX XXXX XXXX XXXXXXXX XXXX XXXX XXXX XXXX XXXX XXXX XXXX XXXX XXXX XXXX XXXXXXXX XXXX XXXXXXXX XXXX XXXX XXXX XXXX  Balance : {$0.00XXXX XXXX XXXX XXXX XXXX XXXX XXXX  Balance : {$11000.00} XXXX XXXX XXXX XXXX  Balance : {$0.00} XXXX XXXX XXXX XXXX XXXX XXXX XXXX XXXX Balance : {$1000.00} XXXXXXXX XXXX XXXX Original XXXX : XXXX XXXX XXXX XXXX XXXX XXXX XXXX XXXX XXXX  Balance : {$790.00} XXXX XXXX XXXX XXXX XXXX XXXX XXXX XXXX  Balance : {$1100.00} XXXX XXXX XXXXXX/XX/year> XXXX XX/XX/year> XXXX XX/XX/year> XXXX XX/XX/year> XXXX XXXX XXXX XX/XX/year> Under 15 U.S. Code 1681a ( 2 ) ( B ) Exclusions from a consumer Report This account is in violation any credit transaction supposed to be excluded from a consumer credit report. if a social security card was used in the transaction. Under 15 U.S. Code 1692j - Furnishing certain deceptive forms I am not participating in the collection of this alleged debt. Cease and desist asap."
7561	"It was an insurance claim which they paid, and I continue to get threatening letters, calling the dentist several times and well as AmerAssit A/R solutions. Both XXXX are at fault and I am the victim. What even worse I am in the middle of escrow so this potentially could hurt me buying a my house. Please help"
7562	"Mr. Cooper bank is the holder of a loan on a duplex property in pre-foreclosure status located at XXXX XXXX XXXX, XXXX, IL XXXX. The property has been vacant for going on 2 years. Mr. Cooper bank did not winterize plumbing in the property. On Sunday XX/XX/2021 the pipes froze and burst in this property flooding the home as well as my adjoining duplex located at XXXX XXXX XXXX, XXXX, IL XXXX. I have reached out to the bank several times regarding this matter and have only been able to speak with customer services representative which have been of no help. To date no water mitigation as been started at the property which Mr. Cooper bank holds the loan for property at the address of XXXX XXXX XXXX, XXXX. The lack of proper water mitigation bears serious negative effects to my adjoining unit at XXXX XXXX XXXX, XXXX. I had water mitigation begin in my property on XX/XX/2021 and my property is currently gutted due to water damage. The current estimate of damage to my adjoining property is near {$17000.00}. I had to pay the plumber on the day of the incident {$270.00} for the plumber to shut of water in the vacant unit managed by Mr. Cooper bank and I also have {$1000.00} deductible related to the insurance claim. I would appreciate any help in resolving this matter and getting in contact with the appropriate party at Mr. Cooper bank to resolve the matter."
7563	"I have noticed collection accounts on my credit report that I believe are inaccurate. Under my rights outlined in 15 USC 1681e ( b ) and 15 USC 1681i, I am entitled to a credit report that is accurate and truthful. I request that these entries be reviewed, and if they can not be properly verified, they should be removed from my report."
7564	"On XX/XX/XXXX, I sent proof from my bank ( XXXX ) that I sent full payment on XXXX XXXX total due of {$120.00} credit card balance which was due XX/XX/XXXX. The bank stated they received my payment on XX/XX/XXXX. I sent payment as soon as I received their statement on XX/XX/XXXX. I sent via mail of XXXX payment and proof. On XXXX XXXX I received a letter from Comenity Capital bank stating at least 7 business days prior to due date which I did more than 10 days. The refused my proof and still charging me the late fees which is now due with interest fee which I will NOT pay. I sent my full payment more than enough time. This is the 3rd time with late fees from this bank which I have not been late once they keep charge these fees."
7565	"On XX/XX/XXXX my business partner and I called to redeem the points as advised by the American Express team in order to transfer the primary card user to me. Once we got a hold of the membership rewards team to complete the task as advised we were told we were unable to as the point were under review and we should have got correspondence. I asked when did it go under review and it was that same day when we tried to redeem. We have been cardholders since 2016 and pay all the bills on time. We operate an e-commerce company and have built our accounts and points. Since we didn't want to lose all the hard work points we earned we decided to transfer. We have been nothing but loyal to Amex and don't understand why they decided to make things difficult to simply use the points we earned fairly."
7566	"This notice is being sent to inform you that I am NOT responsible for the listed account ( s ) as I have been a victim of identity theft. Ive already notified the Federal Trade Commission by completing an identity theft report and I have included a copy for your review.\n\nPursuant to the F.C.R.A. 605 ( b ) / 15 U.S.C. 1681c-2 you are required to block and remove information identified as the result of identity theft from a consumer report no later than four ( 4 ) business days after receipt.\n\nI am instructing you to please delete the following fraudulent account ( XXXX ) and inaccurate information from my consumer report immediately. \n\nSee attachment for further details."
7567	"XX/XX/year> I took my XXXX check in the amount of {$1300.00} into chase branch bank and the banker XXXX assisted me, I states I wanted to cash the check and she said she couldnt cash it but she could deposit the check, I said will it be out on hold she said that the correct department could call the issuing bank and verify the check, I said ok fine. I waited and called and was transferred to the fraud department and the guy stated to me that my check is not on hold and would not be put on hold and that I would have it the next business day. I have a voice recording as well and the transcript of the conversation. This morning XX/XX/year> I have no fund and the check is on hold until XX/XX/year>. I have asked them to release my funds I have to move and this is holding me up. The fraud department disregarded my concerns and violated my rights. This is illegal misrepresentation."
7568	"On XX/XX/XXXX I transferred {$70000.00} to XXXX XXXX XXXX, with an email that the money has been received. Throughout the past month I have been on the phone, communicating through email, through their secure web messaging and instant messaging tool attempting to access my money, which showed AND earned interest online, but which I was told I was unable to access. After several tries to also communicate the issue to XXXX XXXX, my personal bank, they filed a claim and I was emailed by XXXX  ( AXOS ) that they would send a check with my funds to XXXX with no mention of which branch they were sending the money. Following the tracking, I found that my check was received in a state across the country to an individual. I now am getting no response from XXXX at all! This is fraudulent activity, and looking online, I saw that similar situations through this bank have happened to multiple people."
7569	"I applied with an agent from American Express for a Gold card that promised XXXX rewards points if {$2000.00} is spent within 3 months of card activation. Now that I have card, I called American Express and was told since I had a gold card in the past, I was Not able to get the rewards incentive ever again. This WAS NOT told to me by the agent as I applied. It was originally offered through XXXX during checkout, and XXXX also backed off on their promise of a free year of Premier membership. I received the card in mid XX/XX/2016. AMEX promised to look into it, but it has been many weeks. If they do decide to honor their offer, I have only a few weeks to spend the {$800.00} needed to qualify for the \" potential '' rewards. I am not using that card because I have better rewards using my XXXX cards : ) Can you contact AMEX on my behalf?"
7570	"I tried to transfer money from my current account to my XXXX XXXX account several times totaling {$110.00} the transactions failed and then the transactions to put the money back in my account failed. It says they failed and the money never showed up back in my account. The first person I talked to told me there was nothing wrong in my account before she could have even looked. Then told me I just have to accept the resolution and hung up on me. The neve guy I talked to first told me the money had been put back into my account causing my account to go from not in the negative to in the negative. Then he told me that the transaction was declined so it had never been taken out when I know that it was and it showed pending in my XXXX account for several days before saying failed. It shows on my account that both the transaction and the reversal failed and the money never came back and they refuse to tell me my balance from yesterday evening before the supposed reversal went through. I transferred {$9.00} from my savings to my checking to pay my afterpay balance that's the only transaction I made then this morning the reversal said it came through and now my account is - XXXX the reversal was for {$58.00}. If my account was already in the negative which it would have had to have been I would not have been able to transfer money from my savings to my checking to pay my afterpay because it would have just went to pay the amount my account was negative. They will not answer me when I ask how that's possible and just keep telling me it's all correct and I don't know what I'm talking about."
7571	"They told me my only option was to resign my loan Payment went from XXXX to XXXX. They basically lied to me and tricked me into this. \n\nWhen they bought my loan out, they lost the paperwork for over a year and wouldnt accept payment. Then one month said I owed XXXX dollars or loose my house. This has caused me hardships and not fair to the buyer. \n\nThey should not be allowed to operate this way. \n\nI would have NEVER purchased this house for that, I cant afford it. I attached a screen shot of my account. It started around XX/XX/year>. The way this was handled has caused unbearable hardships on me and my family."
7572	"I have tried with u all about this debt it comes back as accurate no it not I never took a car from them never did its name is Chrysler capital. Here Im asking u to take it off my three credits report bc its not my debt. I demand this debt out of my credit or else Im suing."
7573	"My lender, Chase sent a check for a perceived overage in my escrow account of about {$1400.00}. The escrow account went negative due to the shortage and they want nearly {$2000.00} or my payments will increase from XXXX to over XXXX dollars a month."
7574	"Emailed a dispute see below. \n\nDear SPS, It was brought to my attention by your Customer Service rep that you have another account under my name. After further investigation your Customer Service rep advised me to submit a Dispute letter. It appears that either a mistake by your company or fraud, identity theft, into your system has occurred. \n\nI was told that account # XXXX property location is in Florida. I have never live or owned anything in the state of Florida. \n\nAccount # XXXX is not my account and I'am requesting removal of said account immediately. I will also be submitting a complaint to theConsumer Financial Protection Bureau. Please notify me once the action has been completed. \n\nThanks, XXXX XXXX XXXX XXXX XXXX XXXX, DE XXXX"
7575	"XX/XX/2021 {$4100.00} This company report bad information on my credit report without my knowledge. I never gave this company permission to obtain my credit. \n\n1692e, entitled False or Misleading Representations, states that a debt collector may not use any false, deceptive, or misleading representation or means in connection with the collection of any debt. Further, section 1692e ( 2 ) ( A ) prohibits the false representation of the character, amount, or legal status of any..."
7576	"This account was charged-off, sold to a third party, and later settled. Despite this, Barclays continues to report a full history of late payments and delinquency. Under the Fair Credit Reporting Act ( FCRA 611 and 623 ), all reported information must be accurate and fully verifiable. Barclays no longer owns this account and therefore can not legally verify each reported monthly delinquency or payment history. The continued reporting of detailed late payments after the account was sold and settled is misleading, incomplete, and inaccurate. I am requesting that this account be deleted in full due to the inability to properly verify the reported information."
7577	"THESE PEOPLE ARE LYING ABOUT THE VALIDATION OF THE TRANSACTION HISTORY ON MY ACCOUNT THEY CANT PROVE THE MONEY TRANSFERS ONE BY ONE TO ACCOUNT FOR THE MONEY BEING GONE AND THIS HAS BEEN GOING ON FOR MONTHS"
7578	"Chase account closed as I was a victim of check fraud from someone posing as a XXXX XXXX someone who identifies as a wealthy older woman who takes care of younger men financially. Checks were sent to me via email in which I was told to digitally deposit them where I found out they were fake the unfortunate way by my accounts closing."
7579	"Continues to call even though Ive asked for proof of my debt which they keep telling me they will send but they do not. They even contacted my family and go as far as to ask them personal information about me. The calls are stressing me out and if I block it they call from a different number. Ive already tried to handle this but they will not send me anything in the mail to confirm they just want payment over the phone."
7580	"I have never received any forms of verification on this debt that is being collected by rent recovery solutions a company based in XXXX Georgia. I have tried to reach out and get verification of the debt and talk to someone about the next steps I should take and I constantly get sent to my agents voicemail system. They have never called me, emailed me, sent me a letter or anything regarding this debt or what to do about it. They have a history of taking peoples money and not removing the debt from credit reports and Im not going to let that happen to me. They are in violation of my rights by trying to collect on a debt that I have not been given the opportunity to look over and verify. I have disputed this debt twice through XXXX  with no luck and have still even after the dispute never received a letter or phone call."
7581	"On XX/XX/2019 American express abruptly shut down down my account and to date has not provided specific information as to why they shut it down. \nI was told only in general terms '' \" because one or more of these accounts, or other accounts to which these accounts are linked, have been identified as not being used for the intended purpose. '' I have asked them a number of times on the phone, via fax, and via chat for the specific transaction that they feel was not used for its intended purpose and they refuse to answer."
7582	"Department of Education and I had a communication lapse. I had moved and received absolutely no notices about the student loan. There is only one ( 1 ) student loan. I was called at work one day in early XX/XX/XXXX. Suddenly they were garnishing my check for the student loans. I was never given the opportunity to apply for Income Based Repayment, Hardship, or forbearance. They have be garnishing my wages ever since. They are paid approximately 15 % of my check every two weeks for over the last 5 years.\n\nThey are reporting 9 different accounts on my credit report of which 4 they are  reporting as collection accounts and show the last activity in XX/XX/XXXX. \nHere is an incomplete list of the discrepancies they have shown on my report despite me trying to correct them : 1- There is only 1 and they have reported 9 accounts.\n\n2- The account has had payments made every single month for the last 5 years. They do not reflect this.\n\n3- They list numerous account numbers.\n\n4- I have never been given the opportunity to apply for forbearance or any program to help me deal with them.\n\nI did speak to one person who told me that if they took it out of garnishment the payment would be higher which I could not afford. I was never contacted prior to the garnishment. \n\nI have spoke to XXXX, Experian and XXXX and let them know there were more than one duplicate and that it was being reported correctly but there was no resolution."
7583	"On XX/XX/24 I attempted to transfer {$2300.00} out of my account. I was redirected to my app to confirm my identity. When I opened my app to confirm, it didnt proceed to the page where it asks if I was the person attempting the transfer so I reattempted the transfer again and it did the same thing. I was unable to transfer my money out of my account. From there I called to call Citi bank to see what was happening and they essentially asked me to call again on XX/XX/24. Which I did. Only to find out that they closed my account. For reasons, they couldnt explain. I went back and forth with them multiple times until they finally asked me to go to a physical location. Which I did and they were vague as well as to why they closed my account and were holding my money. The person I spoke to pretty much just said I attempted to withdraw XXXX from my account when I only had XXXX so I explained to him that those were likely the two attempts I made to pull my money out but wasnt able to because of an error within the app. Anyway, I received a letter the other day and theyre telling me theyre holding my money for 60 days. I need that money to pay for my day to day cost of living. The representative I spoke to on the phone went as far as telling me that it wasnt a guarantee that Id even get my money back. Its been a frustrating situation altogether and I hope to get my money back as soon as possible. Thank you."
7584	"I am writing to dispute the following information that appears on my XXXX, TransUnion, and XXXX consumer reports : By the Fair Credit Reporting. Everything has to be 100 % accurate on my report. \n\nThe Credit bureaus stated my account was adequately investigated, but how is that possible if the open date is inaccurate, the current address is inaccurate, the date last reported is inaccurate, the date of the last payment is inaccurate, and the account status is inaccurate? This is grounds for removal and my rights have been violated under 15U.S.C 1681 Section 602 A. Section I has the right to privacy.\n\n15U.S.C 1681 Section 604 A Section 2 : It also states that a consumer reporting agency can not furnish an account without my written instructions. \n\nI have attached my credit report and marked the items. \n\nItems : XXXX  XXXX # XXXX XXXX XXXX  # XXXX XXXX XXXX # XXXX XXXX XXXX XXXX # XXXX"
7585	"1. Personal / Company Information Complainant : XXXX XXXX Company Name : XXXX XXXX XXXX XXXX XXXX XXXX. Email : XXXX XXXX. Company You Are Complaining About Company Name : PayPal Holdings , Inc. Product/Service : Money transfer service 3 . Complaint Details Issue : PayPal unfairly blocked withdrawal of my funds and threatens to escheat them before the 180-day hold period ends. Timeline : Account permanently limited on XX/XX/XXXX. Balance is {$370.00}. On XX/XX/XXXX, PayPal emailed threatening to clear funds. The 180-day hold period has not yet ended, but withdrawal is already blocked ; no reason given. Attempts to resolve : Contacted PayPal multiple times, but they failed to explain or restore access. Desired resolution : Lift withdrawal restriction immediately and allow transfer of {$370.00} to my bank account."
7586	"To whom it may concern, Capital One closed my credit card dispute despite clear documentary evidence proving I was charged for hotel services not rendered.\n\nI stayed one night only, which was confirmed in writing by the hotel through checkout confirmation. Despite this, I was billed for three nights via XXXX. I submitted the hotels written confirmation and proof of early checkout, yet Capital One accepted contradictory merchant claims and held me responsible for charges for nights I did not stay. \n\nThis constitutes billing for services not rendered. I am requesting regulatory review and correction of this improper determination."
7587	"XXXX XXXX XXXX XXXX XXXX XXXX, XXXX XXXXXXXX XXXX : XX/XX/XXXX Equifax Information Services LLC XXXX XXXX XXXX XXXXXXXX XXXX XXXXXXXX XXXX : XXXX Re : Security Freeze Request Dear Sir/Madam, I, XXXX XXXX with Social Security XXXX XXXX, a resident of XXXX XXXX XXXX XXXX, XXXX XXXXXXXX XXXX submit this affidavit to request a security freeze on my credit report. Pursuant to my rights under applicable federal and state laws, including but not limited to the Fair Credit Reporting Act and any other relevant regulations, I hereby formally request that a Security Freeze be placed on my credit file immediately. \nAffidavit : 1. Applicant Identification : Full Name : XXXX XXXX Social Security Number : XXXX Date of Birth : XX/XX/XXXX Current Address : XXXX XXXX XXXX XXXX XXXX XXXX XXXX XXXX. Security Freeze Request : o I request that a security freeze be placed on my credit report to prevent unauthorized third-party access, except for those legally authorized or with my explicit consent. \no This freeze should remain in place until I personally request its removal in writing, in compliance with applicable legal requirements. \n3. Attached Documentation : I have attached the following documents to verify my identity and process my request : o A copy of my drivers license or government-issued ID.\n\no A copy of a recent utility bill or bank statement confirming my current address.\n\no A copy of my Social Security Number.\n\n4. Affirmation : I declare under penalty of perjury that the information provided in this affidavit is true and correct to the best of my knowledge. This request is made in good faith to protect my credit information. \n5. Confirmation Request : I hereby request written confirmation of the receipt and implementation of this security freeze request. I appreciate your prompt attention to this matter. \nSincerely, XXXX XXXX"
7588	"New : Mohela Failed to Re-Process my Income Driven Repayment Plan using the SAVE Criteria 225 % of Poverty Guideline Exclusions. Had to submit 4 applications and they keep marking them as duplicates not honoring their contractual obligations. Issue still not resolved resulting in higher payments. \n\nFollow Up to CFPB Complaint XXXX \" UnResolved '' : Mohela has XXXX to count Qualifying Payments for XXXX XXXX Military Service Issue : Not getting full credit for Prior XXXX XXXX Military Service for XXXX in XXXX with Waiver. I had XXXX XXXX Consolidations before XXXX for account history to credit time before then in accordance with waiver. My XXXX XXXX XXXX XXXX started in XX/XX/XXXX ( uploaded to fedloans XX/XX/XXXX ) Requesting XXXX XXXX XXXX Military Qualifying Payments be Credited to Qualifying to my account from the Dates XX/XX/XXXX thru XX/XX/XXXX ( XXXX Qualifying Months ) & XX/XX/XXXX thru XX/XX/XXXX ( XXXX Qualifying Months ) Supporting Documentation is A. Retroactive ECF Form from my XXXX XXXX XXXX XXXX ( Review A & XXXX together ) XXXX XXXX Honorable Discharge Paperwork ( Review A & XXXX together ) XXXX Snapshot from Student Aid website that shows my loans prior to XXXX that Fedloans could not see to give those 27 months of credit. XXXX Department of Education XXXX Fact Sheet ( Yellow Highlight shows XXXX XXXX will be Honored as Qualifying ) Desired Solution : Please review Supporting Documentation A, B, C to credit XXXX additional qualifying payments for my XXXX XXXX XXXX time. Only XXXX of XXXX can see my Account History on Step C to show I had loans that pre-date XXXX to credit my XXXX XXXX Military Service. Tracking Forgiveness should be no later then XX/XX/XXXX 2022"
7589	"I deposited a on-us payroll XXXX into my bank account and a XXXX business day hold was place. I believe this is a violation of XXXX XXXX. This was a Bank of America check deposited at a Bank of America ATM at a Bank of America XXXX. The electronic funds acts makes it possible for a on-us check to be negotiated overnight. Bank of America would know if the check had funds immediately. Holding my payroll check for 7 days is unjustified"
7590	"First I noticed that my cell phone does not work anymore so I called XXXX to find out that my cell phone number got transferred to XXXX without my approval. when I tried to open my e-mail account someone has changed my password which I tried to reset so many times.I called Fifth Third Bank to let them know about this suspicious activities to find out that my account got hacked. Someone transferred {$2000.00} from my 5/3 bank credit card to my 5/3 checking account and then the money was sent to someone's XXXX account without my authorization."
7591	"Recently I looked at a copy of my credit report and noticed several inaccuracies on my account. This account is hurting my ability to obtain credit. It is my understanding that you will investigate these items for me to ensure accuracy. \nHere is the item I am asking you to verify as accurate : XXXX XXXX XXXX XXXX XXXX XXXX XXXX XXXX XXXX"
7592	"In accordance with the Fair Credit Reporting XXXX XXXX  Account # XXXX, XXXX, XXXX, XXXX, XXXX, XXXX, has violated my rights. \n15 USC 1681 Section 602 States I have the right to privacy.\n\n15 USC 1681 Section 604 A Section 2 : Ot also states a consumer reporting agency can not furnish an account without my written instructions.\n\n15 USC 1668B : A creditor may not treat a payment on a credit xard account under an open end consumer credit plan as late for purpose."
7593	"They charged an interest fee claiming that my payment was received on XX/XX/XXXX and not on XX/XX/XXXX. In an initial call they would not reverse the charge. I verified with my bank that they had in fact receieved my payment on XX/XX/XXXX. In a subsequent call they did reverse the charges but suggested that I pay earlier than the due date. They have done the same thing in the past. They good news for me is that I had already made the \" minimum Payment '' so was not subject to a late fee. I believe that this is a patern of behavior intended to collect fees and charges"
7594	"I started getting messages from coinbase to verify my address or my account will be closed. I did it countless times but each time it gave me the message that my address could not be verified. I even went to their help page to lodge a complaint but that did not yield any results. Now I can not go into my account even though I have more than 10 crypto currencies with varying amounts in my account. I would be very grateful for your help to recover my cryptos in my account. Thank you"
7595	"My IRA was due in XXXX so I wanted to rollover the account to a different bank. I had another IRA due in XXXX so I suggested I put the IRA into a term to coincide with the XX/XX/XXXX IRA. I can have only one rollover for IRA a year. When they were due, ( XX/XX/XXXX IRA ) and XX/XX/XXXX ( grace period 10 days ), I suggested a transfer of one into the other to meet the one rollover a year Internal Revenue rule. They let me do that, but would not let me have the money since they said it was XXXX AND THE SYSTEM WOULD NOT LET IT GO THROUGH. I waited 2 hours to get that answer. I WAITED till XXXX XX/XX/XXXX, since the previous XXXX ( bank closed ) and XXXX the system would not go through ( they said ). When I went to the bank on XXXX, they said because it was a transfer of one IRA into another IRA I had to wait a period of 7 more day ( XX/XX/2017 ) or incur a penalty. I said because of the delay I would incur another penalty since the IRA ( due XX/XX/XXXX ) had transferred into the ( 13 month due XX/XX/XXXX ) instead of closing in the 10 day grace period because of their delay. They assure me they would waive the penalty, but I am not so sure. I am not so sure I will be getting my check for the total the coming XXXX ( XX/XX/2017 ) at all."
7596	"Citibank received and approved my credit card with a {$28000.00} LOC. They kept shipping my card to the wrong address in XXXX, NC to my sons house. They shipped him at least XXXX cards over a 3 month period from XX/XX/XXXX to XX/XX/XXXX. In my calls I pleaded with them to resend to my correct address which was on the application in XXXX, NC. Something in the postal system kept changing my address to my sons at Citibank. One call they mentioned to issue to be in their \" XXXX system ''. So the stipulation to receive the XXXX miles on my XXXX XXXX account was to spend {$1000.00} over XXXX months XX/XX/XXXX. I was assured by their representatives that my timeline to spend the {$1000.00} would be extended due to their error. I did not receive my card until after the XXXX date and spent the required money immediately on the card. I am attaching the escalation certified letter i sent last XX/XX/XXXX with no answer. They owe me the XXXX miles on my XXXX XXXX account. Appreciate your considerration to this matter. XXXX XXXX"
7597	"I was a victim of fraud while being interviewed for a job where I was given a check that had insufficient funds or something of the sort. The bank proceeded to freeze my accounts on that same day ( XX/XX/XXXX ) and called me the following day ( XX/XX/XXXX ) informing me that my accounts had been closed and that I was no longer welcome to do business with them. \n\nWhen I asked regarding the money I had in my account, they said a check would be sent to me and this was confirmed in 3 different calls where they read back and confirmed the correct address. However, today ( XX/XX/XXXX ) I called regarding an email I had received yesterday ( XX/XX/XXXX ) saying there was a change of address on my account. This was impossible since they were closed. Upon calling I was told that the check ( s ) had been sent on XX/XX/XXXX, but to the wrong address. \n\nDespite the mail being refused and returned to sender, the bank claims that I have to issue a subpoena to get any information such as the recording of the calls and that I would have sign and notarize an affidavit that I had not received the checks, even though they received it back and they have not been cashed. \n\nThe amount totals around ~ {$460.00}..."
7598	"On XX/XX/XXXX my vehicle was illegally repossessed by Westlake Portfolio Management. Allegedly they say I owe them money for a XXXX XXXX XXXX XXXX  which I have no standing contract with them nor has one ever existed. The company I originally got the car from was XXXX XXXX XXXX which was permanently shut down in XXXX of XXXX. Im not sure what happened to the company I believe they went bankrupt but I am not 100 % sure the case that caused their abrupt closing indefinitely. Now Westlake Portfolio Management has taken it upon themselves to repossess the vehicle because they claim that I am behind on paying them. I do not know who these people are nor have I ever entered into a verbal or written contract agreement with them. According to title 15 USC 1692f they are in violation of my rights as well as 15 USC 16802 and 15 USC 1692. Also the vehicle was taken without a court order from a judge. So this was a non judicial repossession committed by this company which is an illegal act. It is against the LAW. Since the repossession I have lost my job, I have been behind in my bills, I can not see my son as I use too for he lives two hours away and I do not have transportation to see him or let alone pick him up. This companies disregard for the law has turned my life upside down making the livelihoods of me and my family almost incorrigible. I have tried calling to speak with a supervisor but they always leave me on hold or say some one is going to call back. Its been almost two weeks since I last spoken to one of their scamming representatives and yet have I gotten a phone call in order to try and reach a peaceful and lawful resolution."
7599	"I lost my job in XX/XX/XXXX during my maternity leave. By XX/XX/XXXX, we were falling behind on our mortgage payments with Pacific Union Financial , LLC. \n\nWe started the application process for a loan modification through their Loss Mitigation department in XX/XX/XXXX. We continued to check in on our application and submitted and re-submitted paperwork as needed. During this time, we continued to receive certified letters from the lawyers about our house going through foreclosure. However, we thought our loan modification would stop the foreclosure. As of XX/XX/XXXX, our application was under review by the underwriter, and I was informed we would hear back soon. \n\nOn the morning of Friday, XX/XX/XXXX, at XXXX, cars lined up outside my home, and the house was auctioned off as my young children and I sat inside. I called Pacific Union as soon as I realized what was occurring, and I was informed that our application was denied on XX/XX/XXXX, and a letter was mailed to us to let us know. We had not received the letter, as letters from Pacific Union typically arrive XXXX days after they are dated. The reason for the denial was listed as insufficient debt-to-income ratio. They denied our application, and we were not given sufficient time to stop the foreclosure from happening. I asked to speak to a supervisor, and hours later, one contacted me to just say that they sent me a letter, and thats all they could do. \n\nFurthermore, when the denial letter did arrive from Pacific Union, one of the reasons were denied Type I Special Forbearance was that I was listed as no longer unemployed. This is not true. I specified that I am looking for a job, but I never indicated that I had found employment."
7600	"I paid off XXXX XXXX XXXX  XXXX XXXX Ca. in XX/XX/XXXX. Of the remaining payoff funds- XXXX. XXXX was paid to escrow, which had a balance of XXXX and tax and insurance paid in full, a corporate advance from escrow of XXXX and an escrow refund of XXXX to me. Yes in XXXX after a major injury we went into pre forclosure but dumped IRAs to pay all the fees and costs and back payments in one lump XXXX sum so the home never foreclosed. We have been in good standing since XXXX. I felt helpless and railroaded in XXXX and I feel helpless and cheated now."
7601	"A company called SOURCE RECEIVABLES MANAGEMENT placed a tradeline on my consumer reports in connection with an alleged debt they have not sent me any information on, and I was not given the right or opportunity to dispute this alleged debt. This agency is in violation of 15 USC 1692c, 15 USC 1692d ( 1 ), 15 USC 1692e ( 10 ), and 15 USC 1681s-2. I was not provided the chain of assignment, Papertrail as proof that I have used this account, a contract bearing my wet ink signature, whether this account has been reviewed by an attorney, or whether there is insurance on this alleged debt."
7602	"On XX/XX/2023, I made an online purchase for an item from a company entitled XXXX XXXX. The XXXX carrier expected to deliver my package however, the item was either misdelivered or lost in transit because it was never received. I had to struggle with the consumer and XXXX to reimburse me for the lost package. The consumer displayed a lack of support during this claim process and XXXX constantly referred me to the seller per their policy. After this difficult ordeal for 2 months, I finally filed a XXXX complaint against XXXX and XXXX customer relations provide a goodwill payment in the amount of $ and advised me that the consumer should have filed the claim and handled the resolution with them directly. I have open a dispute in which Affirm denied and told me to resolve the matter with XXXX. I then submitted an appeal or re-evaluation indicating that since the consumer did not follow the correct procedures in terms of the refund, I should not be responsible for the loan. I also filed two XXXX complaints against Affirm for this loan that should have been closed."
7603	"I moved last year after i sent out an email stating i wanted to withdrawal from classes at XXXX XXXX. the school sent out my bill to the wrong address and i didnt receive the letter before the dispute date. i had to call or email before XX/XX/22, but i did not receive the letter before that. i talked to iowa central about my email i sent out saying i wanted to withdrawal, but they cant seem to find my email. i need a payment plan that will let me start paying in XXXX next year."
7604	"I have had an HSA account with Optum for several years. I haven't been able to access the account for weeks, and get an error message that my account is \" temporarily '' unavailable. I tried to get help accessing my account several times, and was unsuccessful. I called twice on XX/XX/year> seeking to liquidating my account, and was unable to get any help. I was on hold for more than an hour. I was told that I could liquidate my account which of course I can't access. I was told only a supervisor could liquidate my account if I couldn't access it. Despite holding for more than an hour over two calls, no supervisor was available. I want my funds liquidated and want to be done with them. This is ridiculous."
7605	"This banking institution has continuously locked my card without notice leaving without access to my money. Its an ongoing problem and it has happened no less than 30 times. I am on the phone with the fraud department because they have locked my debit FIVE times in less than 24 hours. I will pursue legal again after this complaint"
7606	"In XX/XX/2018 I entered into a mortgage contract with XXXX, they are located in XXXX, PA. On XX/XX/2018, XXXX sold my mortgage to XXXX XXXX XXXX XXXX XXXX  . I was not informed of the sale until the end of XX/XX/2018. My XX/XX/XXXX mortgage payment of {$260.00} was already on it's way to XXXX by the time I received notification that Shellpoint was the new mortgage servicing company. XXXX received and kept the {$260.00} instead of giving it to Shellpoint. Shellpoint has called me constantly about the XX/XX/XXXX payment. I have provided Shellpoint with solid proof that I made the payment to XXXX  who received and kept the payment. I called XXXX and asked them why they didn't send the payment to Shellpoint and I was told it was being processed and would be sent to the appropriate people soon. At this time Shellpoint is now harassing me for the payment that XXXX stole from them. My name and phone number has be placed in their robotic debt collection system. \n\nI have explained to every person at Shellpoint who calls me that I am not delinquent in my payments and that proof has been provided that the XX/XX/XXXX payment of {$260.00} was sent to and kept by XXXX. \n\n\nI should not be harassed for a theft committed by someone else. Shellpoint should call XXXX not me."
7607	"CFPB know as you were aware of case so you seen that I was a victim of the data breach with Equifax. I let XXXX  know that I was a victim of this situation and they did nothing. Please follow up and make XXXX  delete these from my credit report"
7608	"In XX/XX/XXXX my XXXX  XXXX and I established a mortgage account with Fulton Bank, XXXX XXXX XXXX XXXXXXXX XXXX, PA XXXX. It took the Bank over a year to change our address from our prior home in Vermont to the home on which they held the mortgage in Maryland despite multiple change-of-address forms sent and multiple visits to our local branch. This was the beginning of a pattern of problems with Fulton Bank. This was an omen it seems. \nIn XX/XX/XXXX we established an escrow account for our homeowners insurance and our property taxes with Fulton Bank. Prior to XX/XX/XXXX we paid our insurance and taxes ourselves. Our mortgage ( principal and interest is {$1800.00}. Our escrow payment for taxes and insurance was {$1100.00} and our shortage payment was {$1100.00}. Our total monthly payment went from {$1800.00} to {$4100.00}. We paid this amount until we cancelled the escrow on XX/XX/XXXX. The total paid into the escrow account was {$20000.00}. Fulton Bank tells us that this account balance is XXXX ( {$0.00} )! \nWhen we moved to Maryland we elected to pay our annual property taxes in XXXX payments. For XXXX we made the first payment of {$6100.00} and Fulton Bank paid {$5400.00} which satisfied our years taxes. \nSo far in XXXX no taxes have been paid despite Fulton Bank having our escrowed balance. {$12000.00} is now due for our annual property taxes. \nI have tried without success to speak with someone to resolve this. \nPlease help! \n\nXXXX XXXX XXXX XXXX XXXX XXXX"
7609	"In XX/XX/XXXX I was solicited the opportunity to request disaster forbearance on my 2 mortgages with Chase, Loan # 's XXXX, XXXX, due to hurricane XXXX in XXXX. At that time I clearly asked what the program consisted of, and how it worked. I was told that due to the disaster, and this program that if I could NOT pay the monthly payment amount would NOT have to be paid for 6 months, and that any payment amount NOT paid would be deferred to the back end of the total loan payment amount to be paid in the form of a balloon payment. It was also stated that NO interest would be charged to that amount at time of payment, nor would ANY late payments be reported to ANY credit reporting agencies.XX/XX/XXXX, I am sent a very confusing misleading letter ( attached ) soliciting me stating : The disaster relief we provided ends on XX/XX/XXXX They are checking in to see if I'm ready to resume making my regular payments, again.They 'll move the past due payments of principal, if any, and interest to the end of the loan term, and change my payment date. the deferred amount will be due in one payment at the end of my loan term via a balloon payment.To take advantage of the offer by XX/XX/XXXX I would need to my regular monthly payment by XX/XX/XXXX, ( which I did NOT do ), and accept this offer by calling them ( which I did NOT do ). Now they are telling me that my payment is due for XX/XX/XXXX, and XX/XX/XXXX which it is NOT, in accordance which what the disaster forbearance program consists of, and what has been misleading, and misrepresented by Chase."
7610	"I hold a credit card with Capital One, Visa Card since around XX/XX/XXXX, credit card number XXXX XXXX XXXX XXXX XXXX XX/XX/XXXX, I had paid my credit card ontime, all this years ontime. So, regarding this incident, I paid the balance on this credit card, on the day the payment was due, and they stated that it was late, but was never late, there must has being a computer error on their system. I always have problems with their online system, wether try later, or system is not available, or where I had made payments on the past, and they payment never posted. So I was under the impression that the payment was processed on time, until I got a notification from XXXX XXXX  ( I have a service with them, they notify me when there is a change on my credit report ), that XXXX had put a late payment on my credit report. I disputed this mistake with XXXX and they removed it, however ; a few weeks later it did appear again, then I disputed the error again and in 2 days after my second dispute they sent me an email that the late payment remained on my XXXX  credit report. I have had perfect credit for so many years, I need my good credit because I'm always looking for real estate deals, but this mark on my report is really hurting me financially. I had maintain an excellent credit record for yeas and I don't think is fair that Capital One refuses to update my credit report, I called and I was transfer to some one in XXXX or some XXXX country, and all they said is for me to dispute the item with the credit bureau, but no other info. was available. I really hope this can be taking care of ASAP. Thank you"
7611	"I have contacted and disputed the alleged obligations that Chase bank has stated I owed, which was delivered to them on XX/XX/XXXX of 2022. While my overnight delivery to them has yet to arrive to their billing dispute center due to USPS delivery disfunction and only arrived to their payment center, this does not disregard the dispute that was placed to Chase bank regarding my accounts. With my disputes, I sent a notarized affidavit of truth dated XX/XX/XXXX of 2022 along with a cover letter, exhibits, and a cease and desist with demands for remedy. \n\nI am submitting this complaint 8 days after my sent letters since Chase still indicates that I am late on a payment regarding an obligation that I do not owe, which is violating federal law of seeking payment during a billing dispute and using obscene language to have me make a payment with federal promissory notes. I am also submitting this complaint indicating that Chase bank is still communicating with me without regard to the demands that I have made for remedy or settlement or documentation evidence for their claims after placing in a cease and desist with conditions."
7612	"Consumer ADJ CO - {$1300.00} Reported - XXXX, XXXX, XXXX I do not acknowledge this debt as my own and contest your claim of ownership. I request detailed documentation that proves the debt is legitimately mine. Specifically, please provide : The original signed contract or agreement associated with this debt. \nA complete account history showing how the debt amount was calculated. \nDocumentation demonstrating that the debt was legally transferred to your agency or firm. \n2. Litigation Concerns : If there are any ongoing or planned legal actions concerning this debt, please provide the following : Details of any litigation, including case number, court jurisdiction, and status. \nDocumentation of any judgments or court orders related to this debt.\n\n3. Verification and Documentation Request : Under the Fair Debt Collection Practices Act ( FDCPA ) and applicable state laws, I request verification of this debt. Please provide : The name and contact details of the original creditor.\n\nDocumentation showing that your firm has the authority to collect this debt and any relevant court filings.\n\n4. Cease and Desist : Until you provide satisfactory evidence that this debt is valid and properly assigned, I request that all collection actions be suspended. This includes ceasing any litigation efforts and reporting the debt to credit bureaus.\n\n5. Response Request : Please conduct a thorough investigation and provide a written response with the requested documentation within 30 days from the date of this letter. \n\nThank you for your prompt attention to this matter. Please consider this letter a formal dispute and request for validation of the debt."
7613	"I opened a chase total checking account that said a coupon would be applied to my account to receive a {$400.00} credit when {$1000.00} was deposited. I deposited the money, called a few weeks after not receiving the funds to which they said a coupon was never accepted. One rep told me to print a new one, another said this was outside of the 21 days ( this requirement was not published/obvious on the website ) to receive the funds. I was told I would receive a call back about my case after it was sent to the research team and higher supervisors but never did. Instead, I received a secure message stating that I never asked for a code ( this is false of course, as I believe I remember checking the box and waiting graciously for their email but it never came ), and that there is nothing they can do. I called customer service again and was told there is nothing that they can do to which I responded that they have a predatory policy that allows from them to not take ownership when their website malfunctions and does not send its customers a code for a promotion which already suggests to the consumer would be applied just through opening the account online. I was told there is nothing they could do"
7614	"Hi, XXXX replaced the roof of my house and put cost on a credit card. The work is not done ( incomplete ) and I contacted the number on the statement for a dispute, and I was told that they are unable to help me with the dispute."
7615	"XXXX XXXX is reporting on my credit although I sold the vehicle signed all documents at the XXXX removing me from the title of a XXXX  XXXX XXXX and they will not take it off of my credit and still report late payments"
7616	"Chase bank is holding my account balance, and I would like my money back. They cancel my transactions even deposits. They closed my account and I could not use it for a week, without telling me. It took 2 hours on the phone for the representative to tell me that The Corporate commission put my account as inactive. The CSR said they do not have to tell me their reasons. I resolved the issue and started looking for another bank. \nThey said there is no transaction fee for veterans. I am a veteran. The bank charges me a fee for transactions. They said they closed my account 1 month ago. As you can see from the attachment the account is locked. I can not access the online account it is locked. I get emails from them to check my balance and get my statement. As you can see from the attachment the email was a few days ago and the account is locked for over a month. If the account is locked how am I supposed to check my balance? That does not make any sense. \nA customer service representative told me the fraud department closed my account and will send me the balance of my account within XXXX business days. It has been over 20 business days and I have not received the check. I call every day and they put me back in the phone loop, argue with me, or leave me on hold for XXXX minutes. They have awful customer service."
7617	"An international wire transfer was not credited to my Wells Fargo account, despite confirmation from the senders bank that the funds were successfully delivered. After noticing the delay, I contacted my bank ( XXXX Wells Fargo ). Following a review with their payments team, they confirmed that the funds were not received on their end and that there are no issues with my account. They advised me to contact the sender or the transfer platform for further clarification. Based on this recommendation, the sender, who is in XXXX, XXXX, visited her bank to request a recall of the funds. However, her bank reconfirmed that the payment was successfully credited to my Wells Fargo account on XX/XX/year>. Additionally, the intermediary bank involved in the transaction is XXXX XXXX XXXX. At this point, I have already fully delivered the agreed-upon service to my client, and it would be unreasonable to continue requesting follow-ups from her regarding payment that her bank has repeatedly confirmed as successful."
7618	"My case with PayPal was denied : XXXX I requested assistance with an XXXX refund problem due to an illegally listed rental that I attempted to cancel but did not receive a full refund for. All NUCs were ordered shutdown in Hawaii in XXXX as non-essential businesses, and on the island of XXXX where this rental resides mayor XXXX has never given the OK for short term vacation rentals to resume operating. It is illegal to operate an XXXX rental on the island of XXXX, this includes advertising your business. I would like assistance with getting my full refund for a fraudulent listing of illegal services. \n\nXXXX XXXX XXXX XXXX XXXX XXXXXXXX The website may update over time, but as of XX/XX/2020 it states : On XXXX, short-term or vacation rentals are considered non-essential business and illegal to operate. \nThis is because mayor XXXX has still not allowed them to reopen, for which they have sued him. While I feel bad for their plight, they have broken the law and illegally sold me services when the government has forbidden them from doing so. \n\nHere are some of the relevant government orders I found : XXXX XXXX XXXX XXXX XXXX XXXX XXXX XXXX XXXX XXXX XXXX XXXX  The shelter order has never ended. Per the NUC clarification guidelines they aren't supposed to operate or advertise during this period. They broke the law, they ran their their business illegally, I just want my money back so I can deal with a business in compliance with the law."
7619	"I am filing a complaint against Cash App ( Block , Inc. ) due to inadequate customer service and unfair practices, which violate the Consumer Financial Protection Act ( CFPA ). Specifically, Cash App failed to take timely and effective measures to prevent and address fraud on their platform, leaving my account vulnerable and unprotected.\n\nFurthermore, their dispute resolution process was unfair and deceptive, as they did not comply with error resolution requirements under the Electronic Fund Transfer Act ( EFTA ) and Regulation E. These actions have caused significant inconvenience and financial loss, and I seek appropriate redress for these violations.i need my money"
7620	"XXXX XXXX XXXX XXXX owns the XXXX XXXX XXXX that was leased to XXXX XXXX. XXXX XXXX had a claim filed with XXXX XXXX. She received a XXXX party repair check made out to her and XXXX XXXX XXXX XXXX XXXX XXXX XXXX the check at Wells Fargo bank without the endorsement from XXXX XXXX XXXX XXXX XXXX XXXX XXXX XXXX did not endorse that check or authorize it to be cashed. We filed a forgery claim with Wells Fargo bank through XXXX XXXX on XX/XX/XXXX when the XXXX XXXX. adjuster was reassigned. Wells Fargo has not responded to either of us. They also have not sent a packet to XXXX XXXX. accounting dept. like they advised they would. Wells Fargo 's claims line stated that they can not help give an update on the claim without their claim file # on this packet. XXXX XXXX. has advised they have not received the file. Neither us nor the insurance company can get an update on the forgery claim. Wells Fargo is unresponsive."
7621	"I HAVE BEEN AFFECTED BY THE EQUIFAX DATA BREACH. PER 15 USC 1681 C-2 STATES EXCEPT AS OTHERWISE PROVIDED IN THIS SECTION A CONSUMER REPORTING AGENCY SHALL BLOCK THE REPORTING OF ANY INFORMATION IN THE FILE OF A CONSUMER THAT THE CONSUMER IDENTIFIES AS INFORMATION THAT RESULTED FROM AN ALLEGED IDENTITY THEFT. \n\nAccount Name : XXXX XXXX XXXX XXXX XXXX XXXX - Date Opened XX/XX/XXXX UNAUTHORIZED INQUIRIES : XXXX XXXX XXXX XXXX XXXX XXXX XXXXXX/XX/XXXX"
7622	"I am filing a formal complaint regarding inaccurate information listed on my credit report that I believe is in violation of the Fair Credit Reporting Act ( FCRA ). Specifically, I am disputing several accounts that are incorrectly reported or showing inaccurate data. Below are the details of the accounts in question : XXXX XXXX XXXXXXXX * * * * Balance : {$22000.00} XXXX XXXXXXXX * * * * * * * * * Balance : {$18000.00} XXXX XXXX * * * * * * * * * Balance : $ {$7400.00} I am filing a formal complaint regarding inaccurate information listed on my credit report that I believe is in violation of the Fair Credit Reporting Act ( FCRA ). Specifically, I am disputing several inquiries that are incorrectly reported or showing inaccurate data. Below are the details of the inquiries in question : XXXX XX/XX/year> XXXX XX/XX/year> XXXX XX/XX/year> XXXX XXXX XXXX CO XX/XX/year> XXXX OF XXXX XX/XX/year>"
7623	"I deposited a friends pay check for {$860.00} the bank accepted the check, cashed and made funds available then froze the funds had them frozen for 2months with me calling and leaving messages and then want to reverse the check and close the account almost 3 months later"
7624	"I have an automatic payment set up with XXXX XXXX XXXX TD Bank to autopay my balance every month. On XX/XX/XXXX, my payment that was supposed to go out did not go out, despite the autopayment still being active and my checking amount having enough money. That is, XXXX XXXX TD Bank did not charge my account. Instead, they tacked on a late fee. I called to resolve this issue ; they have not. \n\nIt was not my fault that the payment did not go through ; all indicators on their financing platform indicated that the automatic recurring payment was set up correctly. They did not charge me, and instead charged a late fee. \n\nCalled again today ( XX/XX/year> ). No one picks up phone. Been on hold for almost XXXX hours."
7625	"I tried to use my CashApp account on XX/XX/year>. I was told my account was closed for violating the terms of service. I asked their support chat for clarification and an appeal and I was just re-connected to a different agent who told me the same pre-written vague script about violating the terms of service. I asked for an appeal and was never emailed a confirmation of one being submitted. Nor a transaction ID or case number."
7626	"My mortgage, serviced by NewRez ( and previously XXXX XXXX XXXX XXXX refuses to acknowledge receipt of and properly apply my BPO to my PMI removal request. \n\nI had an ongoing PMI removal process APPROVED by XXXX XXXX XXXX, under final review when NewRez purchased the servicing of my loan. This process too 20+ phone calls in total, due to the following. \n\nThey repeatedly refused to acknowledge the existence of the XXXX, and kept sending me new BPO request letters, as if the original valid BPO was lost during the move. \n\nEven after paying the exact amount XXXX provided to me to pay for PMI removal ( lump sum oXXXX XXXX  ) and getting a valid BPO, they refused to acknowledge it and remove the PMI from my mortgage. \n\nAdditionally, NewRez has no message portal where users can view their sent and received messages, and their mortgage servicing department can't even see the messages you sent! This leads to messages being sent into the void, with NewRez servicing constantly gaslighting users about what messages they did or didn't send and what was uploaded."
7627	"We were defrauded by Wells Fargo. When I called in to get a loan modification I was lied to. The home mortgage preservation representative directly lied to me in an attempt to disqualify us from being able to apply or qualify for a loan modification. He told me that we could only get a modification if we were delinquent on our mortgage. We had never been late at the time of the call. He also said we could intentionally miss a payment. About one year later when we could no longer pay we missed a payment. When we tried to get a modification with a lower interest we were told we didnt qualify because we had missed a payment in the past 12 months. We did however qualify for a 40 year loan at the same rate 6.25 APR. Even though we had been paying what they told us to during the modification they put our home in foreclosure just before giving us the bad news on lowering our rate. We were jerked around and transferred to 5 different loan preservation representatives. One year later we tried again to lower the rate and were told we had been late again even though we had not, and the credit bureau showed no late payment. Then they put our home into foreclosure while we appealed. When they denied our appeal we could not afford to catch up the payments so they sold our home at action. I tried to get an extension on the foreclosure because we could not get a fair price due to covid but once again we received no help from Wells Fargo. We had to fire sale our home in XX/XX/2020 to pay off the mortgage. I want to know if there is anything you can do to help. By the way my wife is a XXXX and even though I told the Wells Fargo representative all of this but they could care less and offered no help even though we were in shut down due to covid."
7628	"My account with gemini cryptocurrency exchange has been on a security hold since XX/XX/XXXX, preventing all withdrawals of funds or crypto assets. \nI first contacted support on XX/XX/XXXX, opening Ticket ID XXXX. The company replied a few times, requested identity verification documents, and I promptly provided the requested verification. After I completed verification, the company stopped responding to my multiple follow-up emails and attempts to contact support. \nAs of XX/XX/XXXX, more than three months have passed with no further communication, no explanation for the continued hold, no timeline for resolution, and no restoration of account access. This has left me unable to withdraw or manage my assets, exposing them to ongoing market risk.\n\nI have attempted resolution directly through the company 's support channels multiple times without success. I am seeking the CFPB 's assistance to forward this complaint to the company for prompt investigation and resolution."
7629	"When we moved to Kentucky, we lost all of our investment in our home. The title office we used to buy our house created a fraudulent title report to get the bank to give us the loan. Now, the bank will not give us the information we need to fight our case in court. Our homeowner 's title insurance is asking for the information our bank will not provide. Our bank did not audit any of the info the title office gave them and approved the original loan. We recently were denied a HELOC loan by our bank, because we don't have \" clear title '' on our house. We need the bank to help us defend ourselves in court."
7630	"AMENDED COMPLAINT : Just received vital information from my bank 's archives division proving this purported non-payment in XX/XX/XXXX. Please see attached. \n\nI've been receiving late fees from Infiniti Financial Services for well over a year without my knowledge. Since I financed this car on XX/XX/XXXX, my loan account has been set up with an automatic payment of {$590.00}. In recent months in XXXX, an XXXX agent recently informed me that I'm almost {$1500.00} in arrears since XX/XX/XXXX. When I pressed him for further information, he said that although they had been collecting monthly payments, they had been applying them to the prior month and charging late fees because my first payment had been rejected. I questioned why they didn't simply notify me of these difficulties back then via phone, email, or mail so I could confirm the payment as opposed to allowing fees to accumulate over a year. What dates did you, XXXX, send any late correspondence, I then asked? Who gave you, XXXX, permission to simply use my monthly payments for the prior month without notifying me? XXXX 's representative accused me of neglecting to check my online account more frequently. Why would I research something when I already know I'm making monthly payments through my bank? As it turns out, my bank account balance was more than sufficient to make the first payment and wasn't in default back then and still in current. Attached is all my XXXX statements that shows I paid the initial XXXX payment with ample enough money in account to cover the full amount, in opposition to what IFS is stating. With so many unfair, fraudulent late fees, my credit score has plummeted, and XXXX isn't doing anything to help me resolve the problem that they deliberately caused. Due to their lack of accountability and communication, my credit is severely damaged with the three ( 3 ) bureaus and now, I no longer want this vehicle. Please assist me!"
7631	"I was shopping rates for refinancing auto loans and completed an application. After I received my offers, I checked rates with my original lender which was lower. \n\nI did not proceed with the application process with capital one, did not respond to emails requesting information, did not return phone calls and did not sign any loan documents. \n\nThey opened the auto loan without my permissions and sent my lender a pay off check. \nMy lender has not cashed it and capital one still has the loan open. After talking with capital one they said they cant say for sure if they will close it or not."
7632	"On XX/XX/2019 I noticed funds had transferred from my checking account to my savings account which caused my account to go into the negative. Once I noticed the transaction which caused my account to go into the negative, I immediately transferred money from my savings account to my checking account to bring it back positive. Everything was fine until the next day, I confirmed I was still charged an overdraft fee. When I attempted to resolve the issue w/ a customer service representative with the bank, I was treated in an unfair and deceptive manner. What should have been a 5 minute call turned into 30 minutes as the representative was trying to have me pay half of the fee even though I brought my account into the positive and kept placing me on unnecessary holds. He refused to put a supervisor on the phone multiple times and continued to try and lecture me on why BBVA banks billing/fee practice were better than other banks. In the end he refused to end the call and wanted confirmation that what he did was ok. I felt the need to present this complaint as I hope no one else has to deal with what I had to today."
7633	"Cardinal Finance is the worst Mortgage company and doesn't have any respect with the customer I live in Florida and I have a problem with the Roof I claimed with my insurance, and the insurance sent the check for me, to send to Cardinal Finance after I sent the check to pay the roofing company, the roofing company called me every day and asked about the check, cardinal transfer to another company and every day I have problem with cardinal Finance and the roofing company contacts me, and I don't have the check claim I sent to Cardinal. If Cardinal doesn't fix this problem I need to sue the company, also I tried to refinance my mortgage and the mortgage processor said I don't have any fees I used my social and searched many times but didn't say the true to the beginning and waste my time send documents and information, please remove my name from the credit report."
7634	"On XX/XX/XXXX, I received an email from \" XXXX '' offering a 0 % introductory APR for 6 months for the PayPal Cashback MasterCard. \nI applied the same day and was approved. \nFor my surprise, the first statement came charging APR. \nI called the number that is on the card : XXXX. Apparently this number is from Synchrony Bank. They told me to contact PayPal, since not was showing in the system.\n\nI messaged PayPal through the Help Center and they informed that I needed to contact the same phone number that is on the card, that is from Synchrony Bank."
7635	"In the quiet humdrum of everyday life, a sudden jolt shattered the tranquility : I had become a victim of identity theft. Like a thief in the night, unseen hands had stolen my personal information, plunging me into a bewildering maze of uncertainty. With each fraudulent transaction and unauthorized account, the breach of trust cut deep, leaving me grappling with the unsettling reality of a violated identity. Yet, in the midst of chaos, a glimmer of resilience emerged, a resolve to reclaim what was rightfully mine and restore the harmony stolen by unseen adversaries. These are the following accounts need to be removed : 1. DEPT OF EDXXXX 2 . DEPT OF ED/XXXX"
7636	"I purchased an XXXX laptop at the XXXX store using my XXXX credit card. I was informed at the time of purchase that the promotion was 18 months with no interest. They only gave me 12 months with no interest and them charged me the interested owed."
7637	"Today XX/XX/XXXX, I have received an email from CapitalOne QuickSilver saying I missed XXXX payments with a total of {$32.00}. Since I had not used the card for a long time, I did not know there was a charge. So I logged into the app, then found out there was a charge on XX/XX/XXXX of {$16.00}. Because there is no alert from the app ( usually have ) and no email alert, I was not aware there was a charge. Then it kept accumulating late fees for XXXX and XXXX. That accumulated up to {$62.00}. I called CapitalOne and complained. \n\nFirst. I never made the charge, so that was a fraud case Second. I have not received ANY ALERT whatsoever in any form ( they used to do that ) and it accumulated all the late charges and the most important it will report to my credit bureau and hurt my credit score."
7638	"I have sent certified mail about XXXX XXXX XXXX # XXXX payment is history is inaccurate, please method of verification of late payments. All the parties involved in the investigation : Full Names, Phones, Addresses, Documents, and Dates. I have to right per the Fair Credit Act to request this information."
7639	"This company sold my account after stating it was a charge account. Having a third party also reporting to the credit bureau. Making my credit report have a double of the same account and with different amounts. I did not give permission to any third parties to get a copy of my credit report. This was done illegally according to the law."
7640	"I had a credit card with XXXX XXXX  and was not using the card. The bank was still charging me yearly fee 's although they told me they would waive those fee 's. Upon seeing that I was late, in XX/XX/XXXX I called the bank and kindly explained that i was under the impression that I did not have any charges on that card. I paid the overdue balance and asked them to remove the late reporting. I requsted to cancel the card at that time and they sent me to an account speclist that asked me not to cancel, and further promised that they would remove the late reporting and will continue to waive my yearly fee 's. \nIn XXXX XXXX XXXX XXXXXXXX i saw that i was late again and went through the same issues, however they told me they would remove the late reporting. I saw that the may reporting was not removed either and had requested it be removed again due to the circumstances and promise that was made before. \n\nIn XXXX of XXXX, i applied for a mortgage and i saw that it was still reporting late on my credit. I called again and the lady on the phone said that in 7-8 business days they will report correctly to the bureaus that I have no lates on those dates. \nI called back again in XX/XX/XXXX to confirm if they removed the lates and if they can send me a credit letter confirming i no longer have lates in XXXX or XXXX XXXX. They told me that they did not receive the request and that they are unable to remove those lates without investigation. \n\nI have reference numbers for the recorded calls. As a consumer, i have been promised by this company several times that they would remove the late reportings, and they have prevented my from closing my account until i really pushed. This late reporting is negatively affecting my credit and my cost to borrower money"
7641	"My problem is with flagstar bank. I have conventional loan and i had PMI. I have paid off 23 % of my original mortgage and they haven't dropped my PMI. When i called them they told me that i have to pay XXXX $ for an appraisal, i feel like they are stealing money from the people."
7642	"NOITICE XXXX XXXX XXXX XXXX/ LAW OFFICES MBA IS IN VIOLATION OF ; Privacy Act of 1974 ( 5 U.S. Code 552a ) Important Definitions ( 4 ) the term record means any item, collection, or grouping of information about an individual that is maintained by an agency, including, but not limited to, his education, financial transactions, medical history, and criminal or employment history and that contains his name, or the identifying number, symbol, or other identifying particular assigned to the individual, such as a finger or voice print or a photograph ; This includes consumer reports ( b ) Conditions of Disclosure.No agency shall disclose any record which is contained in a system of records by any means of communication to any person, or to another agency, except pursuant to a written request by, or with the prior written consent of, the individual to whom the record pertains, unless disclosure of the record would be ( 12 ) to a consumer reporting agency in accordance with section 3711 ( e ) of title 31. Again they need prior written instruction of the individual to whom it relates. Section 3711 ( e ) of title 31 States ( 1 ) When trying to collect a claim of the Government under a law except the Internal Revenue Code of 1986 ( 26 U.S.C. 1 et seq. ), the head of an executive, judicial, or legislative agency shall disclose to a consumer reporting agency information from a system of records that a person is responsible for a claim if ( E ) the head of the agency has established procedures to ( iii ) get satisfactory assurances from each consumer reporting agency that the agency is complying with all laws of the United States related to providing consumer credit information ; and Either way they have violated not only the Fair Credit Reporting Act but also the Privacy Act of 1974"
7643	"I have been trying to set up my automatic monthly payment from my checking account to pay more than the minimum payment due with my Discover card. \nI have been trying on their website, and by telephone. It will only pay the minimum. If I try to modify the payment amount I get a \" this page is unavailable '' webpage. I have not tried paying by mail yet. My most recent attempts by phone and on the website were on XX/XX/2020. The lady at the website could not alter the payment amount either. I will file this complaint, and perhaps also try a different web browser. I usually only use XXXX."
7644	"Discover Student Loans went through a system migration and it effectively removed auto-pay information for their customers ( me included ). I noticed, via my bank account, that the monthly ( scheduled for XXXX/XXXX ) deduction did not occur so I followed up via my Discover account. It showed me as 9-days delinquent ( as of XXXX/XXXX ). When I called to obtain additional information I was eventually told that they were having issues with some kind of \" system migration '' that ended up removing auto-pay information for their customers. I asked if these circumstances were widely known to which I was told \" the company is aware ''. Given these events, I was told I need to manually make the payment, then once my account is current, I could sign up for auto-pay at the time. I was told there was no way to retroactively post my payment and the 9-days delinquency ( or late payment ) will stay with my account, although there will be no reporting to credit bureaus. This seems to be a potentially large scale issue, with no communication to customers, that they are technically delinquent on payments ( the only way I came to find out about this issue was proactively checking my own bank account to see if the payment went through )."
7645	"I have a mortgage that is serviced by Mr. Cooper. Taxes and insurance are escrowed, so Mr. Cooper collects funds from me on a monthly basis to pay those items when they are due. Mr. Cooper failed to timely pay my XXXX XXXX, Montana tax bill of {$1600.00}, due XXXX. As a result, XXXX XXXX imposed a penalty of {$32.00} and interest accrued on the amount due until Mr. Cooper paid the full tax, with penalty. Mr. Cooper paid the full amount on or about XXXX, resulting in accrued interest of {$6.00}. Accordingly, the total amount in late charges from XXXX XXXX to my account -- due to Mr. Cooper 's late payment -- is {$38.00}. And the total \" new '' payment amount for my taxes was {$1600.00}. Rather than pay this late penalty themselves, Mr. Cooper extracted it from my escrow account without notifying me. \n\nI contacted Mr. Cooper on XXXX, and requested that they reimburse me for the penalty/interest from their late payment of my taxes. Mr. Cooper said that they would remedy the error and repay me the {$39.00} in funds into my escrow account. On XXXX, Mr. Cooper called to inform me that they did not believe that the {$38.00} increase was due to penalty/interest -- despite the fact that this information is available on the XXXX XXXX website ."
7646	"An account that was designated for my retirement located at the company named XXXX changed addresses and I was never notified, and then on XX/XX/XXXX, XX/XX/XXXX, XX/XX/XXXX, XX/XX/XXXX JP Morgan Chase bank cashed forged checks in amount of {$5000.00}, {$5000.00}, {$10000.00} and {$10000.00} respectively. Each of these checks were never authorized by myself and were deposited to an account not opened by myself. I was never aware or designated the funds to be disbursed from this account. I was not notified of these disbursements until federal and state penalties were incurred through the IRS when my tax preparation occurred. \n\nMy identity was stolen and these transactions were based on fraudulent terms."
7647	"I qualified for a full discharge of my Nelnet student loans in XXXX. In XXXX of XXXX, Nelnet discharged my loans in full and also notified the IRS. In XXXX I received the IRS 1099c from the IRS showing my loans were discharged in full and was charged as in income on my taxes ... fast forward to XXXX, Nelnet decided to reverse the discharge and put the loans on my credit report. I contacted an attorney for a free consultation and he laughed saying Nelnet is committing fraud, and an IRS DISCHARGE is proof the loans were discharged. The attorney gave me instructions to contact you first before a lawsuit is filed to see if you can settle this issue."
7648	"I requested a refund for my federal student loans XX/XX/2021. I paid {$10000.00} to myfedloan servicing in XX/XX/2021. The balance has been reinstated on myfedloan and they say my refund request is processing, however studentaid.gov has not updated my balances and I still have no received the {$10000.00} back!!"
7649	"I am submitting this formal complaint because Experian, Equifax, and TransUnion continue to report an alleged charge-off from XXXX XXXX ( Account ending XXXX XXXX XXXX XXXX XXXXXXXX ) that does not belong to me, is not recognized by me, and contains material contradictions across the credit bureaus, proving that the information is inaccurate, unverifiable, and the result of a mixed file / identity error. \n\nThis tradeline contains multiple objective inconsistencies that make it impossible to be accurate under the FCRA. These include conflicting account type reporting, different account opening dates, inconsistent high credit amounts, incompatible last activity dates, conflicting last payment dates, and an illogical payment history where a charged-off account is simultaneously reported as OK and delinquent. Additionally, each bureau uses different remarks regarding an alleged transfer or sale of the account, confirming that there is no single, reliable, or verified source for this data."
7650	"XXXX XXXX  OWNER OF XXXX XXXX SENT A LETTER TO MY HOME, SHOWING ME I DO NO HAVE NOTHING TO DO WITH THEM. \n\nA CREDIT CARD WAS OPEN UNDER MY SOCIAL SECURITY NUMBER AND NAME MY ADDRESS DOES NOT MATCH, MY PHONE NUMBER DOES NOT MATCH, MY CHECKING ACCOUNT WAS USED WITHOUT MY ACKNOWLEDGEMENT FOR CHARGES GIVEN TO THIS COMPANY AND MY CHECKING ACCOUNT BANK HAS RECIEVED THE FRAUD DISPUTES FOR CHARGES OF XXXX DOLLARS, XXXX, AND ALL OTHER DEBITS TAKEN OUT OF MY BANK ACCOUNT. \n\nI DO NOT OWN A PHONE NUMBER XXXX XXXX XXXX I DO NOT LIFE AT SOME ADDRESS XXXX XXXX XXXX XXXX XXXX XXXX SC XXXX XXXX  OWES ME FOR DAMAGES, REPORT THEM XXXX THE FTC FOR RACISM AND FOR CHARGING ME FRAUDULANT ITEMS."
7651	"In XX/XX/XXXX, I opened up a PayPal Business Account to sell secondhand clothing online through an app called XXXX. Within 2-3 weeks of me opening my business account PayPal put a permanent ban on my account. According to PayPal I opened a personal account in XXXX which I never used and have completely forgot about. The reason for the ban is because some of the information in the personal account from 8 years ago matches the information with the new business account I made in XXXX called PayPal to try and resolve the issue but they said they couldnt help me and I was banned for life. Even after giving them all the information to prove that I was the owner of both accounts and was not committing identity theft/fraud. I find it unfair that PayPal never warned me about how my account was at risk of being banned and how I was allowed to put in the information from my last account that I completed forgot about. Being banned from PayPal has disrupted my life because most e-commerce services require PayPal. I would like a second chance and for PayPal to lift my ban."
7652	"In accordance with the Fair Credit Reporting Act. The List of accounts below has violated my federally protected consumer rights to privacy and confidentiality under 15 USC 1681. \n\nAccount Name : XXXX Account Number:XXXX  Account Name XXXX XXXX XXXX XXXX Account Number:XXXX  Account Name : XXXX XXXX Account NumberXXXX Account Name : FCO Account NumberXXXX has violated my rights. Or a list of inquiries : 15 U.S.C 1681 section 602 A. States I have the right to privacy.\n\n15 U.S.C 1681 Section 604 A Section 2 : It also states a consumer reporting agency can not furnish a account without my written instructions 15 U.S.C 1681c. ( a ) ( 5 ) Section States : no consumer reporting agency may make any consumer report containing any of the following items of information Any other adverse item of information, other than records of convictions of crimes which antedates the report by more than seven years.\n\n15 U.S.C. 1681s-2 ( A ) ( 1 ) A person shall not furnish any information relating to a consumer to any consumer reporting agency if the person knows or has reasonable cause to believe that the information is inaccurate."
7653	"I have been contacting Mohela since XX/XX/2024 about my loans being discharged. I have contacted the company by phone and email on several occasions requesting the deletion of my student loans or updating the loans to XXXX  balance on my credit report since XX/XX/2024 and nothing still has not been done. I think six months is ample time to resolve this type of issue. I am applying for a home and the mortgage lenders keep adding these loans to my debt-to-income ratio because they still exist with a balance on my credit reports which significantly hurts my approval amount."
7654	"On XX/XX/year> I consolidated my direct loans because my loan providers loan simulation option showed I would pay off my {$31000.00} loan off much faster under the government SAVE plan. Prior to my consolidation I had made 204 of 300 payments on an IDR plan. The loan simulation tool on the Mohela website showed I would lower my payments from {$240.00} a month to {$35.00} a month for approximately 6 months and then my loans would be forgiven. I decided to take the bait. \n\nThe SAVE plan was blocked by government. \nI lost all my payment history and ability to have loan forgiveness because my loans are no longer under the IDR Plan they were on. \n\nNow Im waiting to get approved to be put back on the IDR plan and reset my payment clock from 0 to 300 which is the forgiveness number. \n\nIm very angry that I lost all my payment history in an effort to reduce my debt. Now I am stuck with these loans for another 20-25 years. Its very upsetting and I feel I was mislead in being forced to consolidate my loans for a plan that was cancelled ( SAVE )."
7655	"I am filing a complaint against the Wells Fargo branch at XXXX XXXX XXXX XXXX, XXXX, GA XXXX, for discriminatory and unfair treatment. \nOn XX/XX/year>, the teller manager refused to deposit a XXXX XXXX homeowners insurance check that was properly signed by both me and my mortgage company, XXXX XXXX. She said it needed a stamp, which XXXX XXXX confirmed was not standard banking procedure. The Wells Fargo branch manager eventually approved the deposit. \nOn XX/XX/year>, the same teller manager refused to cash two IRS refund checks, insisting she could only deposit them. Again, the branch manager had to intervene and approve the transaction. \nI am a XXXX customer in a predominantly white community. I believe the teller managers repeated refusal to provide service was racially motivated and discriminatory. \nI am requesting a full investigation into the teller managers conduct and Wells Fargos branch practices."
7656	"Central Portfolio Control is reporting a collection account on my credit report that I never authorized them to have. I never signed, consented, or agreed for my personal information or account to be transferred to this company. Having my personal information without my consent is illegal, regardless of whether another company sent it to them. \n\nPreviously I mailed Central Portfolio Control a debt validation request under the Fair Debt Collection Practices Act ( FDCPA, 15 USC 1692g ). I demanded that they provide proof of my wet signature, legal authorization to collect, and a detailed breakdown of this alleged {$2200.00} debt. They have failed to comply with this request.\n\nTo this day, Central Portfolio Control has not provided : A signed contract or application with my original signature showing I agreed to this account. \n\nProof that I gave permission for my personal information to be forwarded to their agency. \n\nA full, itemized accounting of how they calculated the alleged balance. \n\nDocumentation establishing that they have the legal right to collect on this account.\n\nBy continuing to report this debt without proof, Central Portfolio Control is violating the FDCPA ( 15 USC 1692g ) and the Fair Credit Reporting Act ( FCRA, 15 USC 1681 ), which require validation and accurate reporting of consumer information. \n\nTheir possession and use of my personal information without proof of consent is unlawful. A company can not simply take or receive a consumers personal information and begin reporting and collecting on it without proper authorization. This is a direct violation of my rights and an abuse of the law."
7657	"My name is XXXX XXXX and my bofa prepaid edd debit card has been locked again for bank referal for the second time in two months they want me to go into a bank and show two forms of id which the two bofa within XXXX miles of me are temporarily closed which i told them im not gon na go through this again and travel XXXX miles round trip when i verified every transaction with manager after the last time they locked my account and had to go to bank so how did it get locked again with no new transactions and i told them about temporarily closed banks and they said i have to travel the XXXX miles to have access to my benefits or i could contact XXXX update my info and have them send it to them so i did cuz i dont own a car live in country and cant drive XXXX miles but after i got email from bofa saying they recieved the update my account was still locked when i called they said i still had to go XXXX miles to show id and they have a federal injuction that prohibits them from freezing edd accounts on fraud filters and when i told them they are voilating federal injuction they did not care or try to help me one bit there is no possible reason for me to not have access to my benefits i passed all id verifications and they did this just two months ago thank god a manager understood the wrong and helped me after countless hours on phone but they are causing me so much suffering for no reason"
7658	"My home caught fire on XXXX/XXXX/2016. The insurance settled in the amount of {$86000.00} which was less than cost of estimated restoration.When informed, XXXX from M & T Mortgage Loss Draft Dept., suggested that I payoff remaining principal on mortgage first and remainder will sent back to me to repair house. I signed check and mailed to M & T bank as directed by Loss Draft Dept., According to USPS, the check was received and on Wednesday XXXX XXXX, 2016. Till date M & T has refused to inform me when the balance of settlement check will be returned to me. In the meantime, I am suffering further losses in my house due to theft and vandalism. \nNote prior to sending the settlement check to M & T bank, I called its payoff department requesting a payoff amount for a future date of XXXX XXXX, 2016. I received a fax stating payoff as {$20000.00} if paid on or before XXXX XXXX, 2016. This date is exactly seven business days after M & T bank received check from me. I am afraid M & T bank is trying to take advantage and not close my account on time and in the process may ruin my good name. I have inquired of M & T bank 's Loss Draft depart., and also Customer Service Dept. , and received the same answer \" We are working on it ''. \nI would like M & T Bank to credit payoff amount within 7 business days of receiving check and send balance back to my mailing address of record."
7659	"I am filing a complain against cash app ( block , inc ). Due to inadequate customer service and unfair practices, which violates the consumer financial protection act ( CFPA ). Specifically cash app failed to make timely and effective measures to prevent and address fraud on their platform, leaving my account vulnerable and unprotected.\n\nFurthermore, their dispute resolution process was unfair and deceptive as they did not comply with error resolution requirements under electronic fund transfer act ( EFTA ). Amd regulation E these actions have caused significant inconvenience and financial loss, and I seek appropriate redress for the violations."
7660	"My mortgage company sent me a letter saying that I am late on my payments I am on automatic payments they are suppose to take out XXXX on the XXXX of the month and the XXXX XXXX of the month they have been taking out XXXX and XXXX sense XX/XX/XXXXXXXX  to XX/XX/XXXXXXXX XXXX XXXX XXXX XXXX XXXX  to XX/XX/XXXX I feel this is an error on there part and I should not have to paid late fees and extra charges"
7661	"My phone was stolen at a night club on XX/XX/XXXX and used to initiate XXXX Transfers to an unauthorized person in the amount of {$5000.00}. When the fraud was reported to Bank of the West, they asked that I submit a fraud claim with them. Following that claim being submitted, the bank denied the fraud claim as they said that I was being careless with my personal property and that the fraud was actually my fault. I have been treated as a co-conspirator by Bank of the West since this process began and I am the victim here. I have had an account in good standing with Bank of the West since XXXX. The Bank first denied my claim because the banker ( XXXX ) I was working with at the XXXX XXXX XXXX did not understand what had happened when he took the claim. I was then contacted by someone named XXXX who was with Bank of the West. She interrogated me again as if I was a co-conspirator with the person who stole my money. After I told her what had happened, she attempted to lay the blame on me saying that I was irresponsible with my property. After she berated me, she told me that she was waiting to hear back from the receiving bank to try to get the funds back before she credited my account back the funds that were taken. I told her that I would wait until the funds were credited back into my account from either the fraud person 's bank or Bank of the West credited my account back. She assured me that I would receive the funds either by retrieving the funds from the receiving bank or by Bank of the West crediting me back. She even said that she wanted to delay crediting my account back the {$5000.00} because she didn't want my account credited back {$10000.00} if the receiving bank sent back the funds that were taken. Following that phone call, I received a letter from Bank of the West again denying my claim and now saying that I needed to contact the receiving bank to get my funds back."
7662	"I have an account with Paypal credit. In XX/XX/XXXX I had an issue with them not honoring the promotional payment terms I selected for an XXXX purchase. I filed a complaint with consumerfinance.gov, and the issue was resolved. However, since that time my Paypal credit statements have not been providing accurate information. Many promotional purchase items do not show monthly balances that make any sense. Even when reconciled to the information provided on the statements, some items show paid off before they were supposed to. Some items show as not being paid off, even though they should be. Some items that are supposed to have a fixed monthly payment amount vary wildly in the monthly payment amount allocated to the item. Also, the standard purchase amount ( the amount subject to interest charges ) is off by a large amount. Therefore, I can not determine that I am not being overcharged monthly interests fees because Paypal will not provide the information needed to determine this. \n\nI spoke with a supervisor, XXXX, on XX/XX/XXXX. He told me he would audit the account, and follow up with me. I followed up every week for two months, and I have never heard back from him. Other supervisors later told me that I would be sent a letter breaking down how monthly payments were applied. I have never received any letter. I followed up with this twice."
7663	"his lender furnished information to the credit bureaus that has resulted in a XXXXpoint decrease to my credit score. The information being reported does not accurately reflect the true status of my account and is misleading and incomplete. \n\nSpecifically, the lender reported the account in a manner that fails to reflect my actual payment activity and added fees that do not represent the true balance history. This reporting creates a false and damaging representation of my credit profile. \n\nUnder federal consumer protection requirements, furnishers are obligated to provide information that is accurate, complete, and not misleading. The information being reported by this lender fails to meet these standards. \n\nBecause of this inaccurate reporting, I have suffered material harm to my credit standing."
7664	"The XXXX XXXX apartment complex at XXXX XXXX XXXX XXXX XXXX TX XXXX attempted to put a XXXX charge on my credit report and my co applicants credit report by selling the {$260.00} debt 2 times to the debt collection company. After I paid them an application fee for an apartment XX/XX/24 and was denied the next day. They sent notices that they were attempting to collect a debt that I did not owe and already paid. I called them ( XX/XX/24 ) to resolve the situation and request an investigation and they hung up on me multiple times and told me to have a good day. They kept trying to explain that there was a chargeback but that does NOT explain why the debt was sold TWO times to a collection company for {$260.00} EACH to me and my coapplicant. Im not great at math but that totals {$530.00}!!! Im appalled that they thought that that would slip our attention."
7665	"o I am a member of SECU my name is XXXX XXXX. I have a concern with a change that has been made within the bank that is affect me personally. Something like the salary advance loan that you have, I use about 3 apps that use XXXX to connect banks in order for me to advance some funds until my next paycheck. With covid & with my children this helps me to a MAJOR extent so that my children and I are not without. I called to speak to someone about it & she was very nonchalant about the situation as if we are not in the middle of pandemic and peoples hours arent cut short, like we cant use all the help that we can get. Im sure I can not be the only member affected by this change. So now my next paycheck Im going to be losing about {$300.00} dollars that i wont be able to get back because of this XXXX policy. With this change are you all planning to help customer who experience a loss in situations or you all just dont care??? Im confused Ive always trusted a credit union no notice of this change or nothing so I couldve known not to advance. It is very much an inconvenience!"
7666	"I currently have fico scores of XXXX XXXX, XXXX XXXX, and XXXX XXXX. My reports show perfect payment history and XXXX old collections, both of which have been paid in full. Repeated attempts to obtain a basic Capital One card have been failures, except the approval for a secured card which I recently closed due to this issue and I do n't need another secured product. General internet searches show that my credit file and scores exceed Capital One underwriting requirements for a basic card. I work with a person, I have seen his credit file multiple times as he has asked me to help him resolves some issues, who has lower scores plus multiple negative accounts, plus XXXX medical collections and a federal tax lien. This is factual information. Based on this and XXXX extending me XXXX in retail credit ( they use the same reports CAP ONE does ) and my credit file profile, I believe Capital One is participating in discriminatory lending. I come to this conclusion because no other rational reason exists for the denial in credit. While I understand I am not specifically entitled to anything, by extending credit to individuals with lower scores and credit profiles, capital has violated my rights as a consumer and FCRA guidelines. Credit Pulls Database shows scores of individuals with credit scores in the high XXXX being approved for a basic Capital One unsecured cards. I can provide documentation to support my claims about my score, credit profile, payment status, credit utilization, etc. I talked with CAP ONE executive resolutions and they said one reason for denial was high balance? number of unpaid balances. Less then XXXX of my available credit has a balance and my utilization is below 15 % consistently. Once again, based on their claims and my knowledge of my credit, I believe I am being discriminated against. Thanks for your time with this matter."
7667	"I ordered from XXXX XXXX XXXX and selected to pay in installments through Affirm in XXXX of this year. By XXXX, I still hadn't received the order. The order consisted of an impression kit that would need to be sent back to allow for a final product to be rendered. I called and the representative kept insisting that I download the company 's app. I declined, stating that I have sensitive information on my phone. The call ended in opening a case and being instructed to wait atleast 60 days for a decision. Within an hour of this call my debit card was charged numerous fraudulent charges, resulting in a replacement debit card and a mound of headache. I've had to open two additional cases because the original company refuses to communicate. Currently, Affirm is sending harassing texts/emails and threatening to report a severely delinquent loan, despite never receiving the original order. They've never refunded the {$110.00} for the first installment."
7668	"Back in XXXX I reach out to your office and I complained about the falsified information on my credit report that was being reported that has caused me countless amounts of pain and suffering due to the XXXX increase in the denials of credit based upon the information being reported concerning my student loans being late I contacted the student loans Representatives have confirmed constantly continuously times that my student loans has never been late however since my complaint I received a response back from XXXX saying that they have fixed the dispute in information was verified as accurate which is totally falsified information once again"
7669	"I am submitting this complaint regarding inaccurate information being reported by Capital One Auto Finance on my credit report. I submitted a direct dispute to Capital One Auto Finance under FCRA XXXX ( a ) ( XXXX ), disputing the accuracy and validity of an auto loan account that I do not recognize and did not authorize. In my dispute, I requested that the company conduct a reasonable investigation and provide documentation demonstrating that I am responsible for this loan. Despite this request, Capital One Auto Finance has continued to report the account without providing any documentation showing that I authorized or agreed to this loan. I have not received a copy of a signed retail installment contract, loan agreement, or any documentation establishing my liability for this obligation. This matter involves identity theft. I did not apply for, authorize, or benefit from this loan. The continued reporting of this account without proper investigation raises serious concerns about the accuracy of the information being furnished. Under FCRA XXXX ( b ), Capital One Auto Finance is required to conduct a reasonable investigation and review all relevant information provided. Verifying the account through internal systems or loan records without providing documentation demonstrating that I executed the loan agreement does not meet this requirement. The continued reporting of this account without proper validation is inaccurate and is negatively impacting my credit profile."
7670	"On XX/XX/XXXX XXXX XXXX XXXX, XX/XX/XXXX XXXX XXXX XXXX XXXX added a derogatory mark on my credit report per XXXX. Upon further research, this account was transferred/sold and I am no longer responsible for the account. debtor creditor did not verify this collection also there was no written forms of communication, contract or signature for this accused debt at all. a bill without a signature does not validate the debt and anybody can send a bill and say its mine. according to the FCRA XXXX XXXX XXXX, XXXX XXXX XXXX XXXX has violated my rights as a consumer and Im requesting legal action to remove this account immediately."
7671	"For years I had a Navy Federal credit union and they would always charge me or allow transactions to go through and then when the funds were deposited, they were still take the money including the overdraft fee. I had to pay back {$500.00} in order to re-open my account."
7672	"I send XXXX XXXX XXXX in 2nd weeks XX/XX/2018 and I didn't get any respond I send my 2nd letter certified mail on the XX/XX/2018 to same address then they respond. I asked for a list of information and to validate the debt with my signature, electronic recording etc. that they claim is mine ( reference ID XXXX amount {$1200.00} ) and they refuse to provide those information and ignoring my request but yet still they still reporting to the credit agency which also as long as there's an investigation all reporting and collection should stop which they didn't comply which any FCRA laws and violate my rights as a consumer. I can't get no funding or any kind of approvals to help better my life due to fact they have ruin my credit and still is at this present time. if they can't abide by FCRA laws I demand they remove it and all negative remarks to be removed from my credit profile which have been destroying my life. I will include copy of the 1st and 2nd letter that was sent without my personal info on it. looking forward hearing from you, thanks in advance."
7673	"LOAN # XXXX OCWEN LOAN SERVICES4 Months ago we request Hamp Loan Modification : XXXX this is XXXX XXXX XXXX XXXX on XX/XX/XXXX our business suffered a financial loss therefore I had requested to Ocwen Loan Services loan modification on our Home. Bankruptcy or Fore Closure is not an option we are willing to take. We have enough equity and after XX/XX/XXXX New Job. We had contacted Ocwen for the loan modification, they had advised to us to stop paying for the loan, since they said this had to be done in order to qualify for the modification program. I ended up checking my credit report, and they had reported it and my credit score took a huge hit. This has also created more damage in our business since now I can not apply for anything. We have still yet to hear back from Ocwen in regards to my loan modification Status after 4 Months. I want to file a complaint & maybe if somehow someone from your department could look into this, I would greatly appreciate it. Also, are there any options I have available in order to avoid foreclosure of my real estate. We only need loan modification ut it seems nearly impossible, Ocwen do not assist in any way and they never respond to us with any offer after 4 months we send all documents via e mail pdf, XXXX certifided mail, etc.. \nXXXX XXXX XXXX XXXX XXXX"
7674	"Experian, I am submitting this formal complaint to Experian concerning unauthorized accounts appearing on my credit report due to identity theft. As part of this complaint, I am including relevant documents to support my claim. \n\nAttached Documents : XXXX. License ( for identification verification ) : This is being shared solely for verification purposes. You **do not have permission** to share my license with any other agencies or third parties except for the Consumer Financial Protection Bureau XXXX CFPB ) in conjunction with this complaint. \n\nXXXX. FTC Identity Theft Reports : These documents detail the identity theft accounts that are being disputed. \n\nConfidentiality Instructions : - The attached identification is to be used exclusively for my identity verification related to this complaint. \n\n- I have filed this complaint with both the CFPB and directly through your company. Please ensure that my documentation is handled in compliance with all relevant consumer protection laws. \n- I expect Experian to comply with its obligations under the Fair Credit Reporting Act ( FCRA ) and other applicable laws when handling my personal information and the disputed items. \n\nPlease confirm receipt of this complaint and the attached documents, and I request a prompt investigation and resolution of the disputed accounts. \n\nThank you for your attention to this matter. \n\nBest regards, XXXX XXXX"
7675	"In XX/XX/XXXX this account was closed, items returned, and had a XXXX balance. Consumer is now trying to collect money that I do not owe them. It has been 4 years since I have had any contact from them. I feel this is fraudulent in the amount and should be dismissed. I never went back to this consumer, and since it has been 4 years, and they are trying to collect an amount that is not true, I feel it is fraudulent and the collection company is committing fraud. I have never had any contact from them until XX/XX/XXXX. I pay my bills and am responsible for proven bills. There has been no proof of my owing this, other than what they put on my credit report, and it is erroneous. Thank you."
7676	"On the XXXX of XX/XX/year> I received XXXX dollars from a class action settlement and from that point on I was unable to transfer funds from my XXXX  in any way shape or form. In the next following days I tried to contact them and I did exactly as they said and they continued to ignore my requests and act as if they could not help me. I tried over and over they froze my account 2 times I verified my identity and still they would not allow me to remove my funds. I have called, emailed, chatted and done all I can do there is no more I can do and it is heartbreaking that the money is there but I can't do anything with it."
7677	"I needed to pay a vendor in XXXX and entered into a contract with Continental Exchange Solutions , Inc. dba Xe to handle the transaction witch required exchanging USD for euros to be deposited in vendors bank.\n\nXE initially approved my account and provided my with the contract ( attached ) and details for transferring the required funds to their bank. After I wired the money XE revoked my contract bc the bank account I was wiring money from did not have my business name on it. \n\nI remedied the situation by having my bank update my account to include the business name. On the XXXX I provided XE with my bank statement showing my business name on the account.\n\nXE has not acknowledged the receipt of my wire transfer to their bank. Xe also has not processed the documents I sent on the XXXX despite a message I receive when I log in to their site saying documents are usually processed in 1 to 2 days.\n\nI have contacted XE multiple times to resolve the issue. Each time I am told the will look into it and get back to me. I have yet to hear back from XE"
7678	"I have not been notified and I found out by accident that my mortgage has been sold to Shell Point, I told them I already had a modification agreement with my previous company but they have refused to recognize it. They sent a very strange person to my door last night and she walked onto my property and took close-up photos of my door and my house,"
7679	"I opened citigold account XX/XX/2016 with a promotion code which said will provide XXXX TYP points once I make two consecutive monthly bill payment. After I applied the account online, I called to their service center and the agent confirm the offer. After I reach the requirement, I online chat with citi agent, and they confirm I met the requirement, and will receive the points after 3 month from the day I opened the account. When the time came, I did n't receive anything, and I did the online chat again, the agent once again confirm that I will receive the points, and asked me to wait. After another month, I called to the service center, the agent helped me to submit a points request, after 10 days I recieved a mail claimed I 'm not target to the promotion, so I wo n't be able to receive the points. I called another two times, they all end up with a mail with the same not target answer.The third time they ask me to fax the online chat history as the proof that their agent promise me for the points ( they should be able to achieve all those information, since they recorde all the phone call and chat record ), I did saved the chat history, and I fax them the whole chat, but at the end I still on receive the same mail with the same answer. I 'm so fraustrated and end up close the account. But recently, I saw many people got the same situation and be awarded the promised promotion bonus. It 's so unfair."
7680	"Dear Madam/Sir, I am writing this letter to file a complaint about Valley National Bank XXXX Valley National Bank is my mortgage servicer and I have had numerous problems with this servicer. In this particular instance the bank claims that I do not have hazard insurance on my property and although I proved the bank that I have a valid policy from XXXX XXXX XXXX the bank has charged my account numerous times for a third party hazard insurance policy without my approval nor any need for it. \n\nThis is not the first time I had problems with this servicer. I have reason to believe that they have a deficient IT infrastructure and insufficiently trained personnel which leads to substandard processing of the mortgages they service. \n\nI am attaching all supporting documentation along with the details of my mortgage : Mortgage Property Address : XXXX XXXX XXXX XXXX, NJ XXXX Mortgage Number : XXXX Regards, XXXX XXXX Property Owner"
7681	"Vehicle was at shop for repair. T D Auto transported the vehicle to a repo location, no late payment. I did not volunteer to turn in the vehicle. There were no notice from the repair shop or T D Auto Finance.\n\nT D offered to return the vehicle but refused to send a letter of release. I paid 6 payments without possession of my vehicle. The vehicle was sold when I insisted that I should not be responsible for transporting it back XXXX miles due yo the finance company 's mistake. \nThe payment was current when picked up Current, when sold without notice. \nI was not given the opportunity to payoff."
7682	"I have had XXXX personal loans with OneMain Financial the last loan was paid in full total loan was XXXX paid over XXXX in interest. \n\nAfter the passing of my Mom waiting on probate court and sale of her property I decided to return to OneMain for a another loan after receiving several invites via email and U.S. Mail. \n\nThe OneMain store Manager was excellent I have been doing business with her branch for over 15 years. \n\nUnfortunately on XX/XX/2023 I was denied the loan unless I provide a car for collateral never required this in the last loan with same credit score? Additionally, my concern is they ran a hard credit check which I understand but gave my credit score another point deduction with no loan? Why?"
7683	"I am writing to file a complaint against Navy Federal Credit Union regarding multiple overdraft fees I have incurred. Despite having sufficient funds when transactions were authorized, I was charged fees due to lagged posting of charges and credits. This issue aligns with the recent CFPB findings against XXXX XXXX for similar practices, where transactions settled with insufficient balances despite initially available funds. I believe these practices are unfair and request an investigation into my account transactions."
7684	"I transferred {$2000.00} in payment of professional service fees to someone in XXXX on XX/XX/XXXX, after multiple visits to his bank and as he could not receive the funds, the individual called me on Sunday XX/XX/XXXX to notify me of the issue. I then called Western Union on Tuesday and have been getting the run around, I was told that the money had been sent to a different bank, I truly dont understand how that could have happened when the receipt clearly states the name of the bank to which the funds were to have been sent. And to make matters worse, no one has asked me for a call back number, they keep telling me it takes a while to hear back from the bank. At this point I dont care about their internal processes, I just want the funds delivered to the beneficiary as soon as possible."
7685	"Citi Bank Costco Card - Customer Since XX/XX/XXXX Citi Bank Notified of Account Closed - XX/XX/XXXX After making a large payment towards the card, the bank closed my account. I was told that due to autopay not working my card was closed. I explained the money was in my savings and that it was charged to my checking account instead. \n\nAppealed Citi Bank for Account to be reopened - XX/XX/XXXX I appealed to the bank explaining the issue and that I could provide a bank statement showing the amount of money in my bank account which was XXXX greater than the amount owed to the card. \n\n\nCiti Bank Re-Affirmed Account Closure - XX/XX/XXXX The bank reaffirmed its decision without any clear explanation and gave no reason. I have to believe that due to my race and name in the account, they did not believe my account funds were real. I always made timely payments and used the card for points at my local wholesaler XXXX."
7686	"I submitted a complaint ( XX/XX/2019 ) against Citi for opening an account when they disallowed my acceptance. Feedback from Citi ( XX/XX/2019 ) accepted my terms to close the account. I received a letter from Citi, explaining the account has been closed ( XX/XX/2019 ). I received a statement a month later ( due date XX/XX/2019 ). Allowed this statement, giving the company time to get their records in order. However, I just recently received another statement, due date ( XX/XX/2019 ). Citi did not abide by the agreement. The account is still open."
7687	"I am having a problem with my XXXX loan provider XXXX XXXX. I am in XXXX and I am a XXXX XXXX. I have told them I am in XXXX. I have mailed them deferment letter. I have uploaded the deferment letter. I have called them. They insist I am past due when I am XXXX XXXX XXXX XXXX. They have reported me to the credit bureau and destroying my credit,"
7688	"Received a letter from Comerica Bank about an open checking account on XX/XX/XXXX. Called Comerica Bank, spoke with representative indicated I did not open the account. Informed the account was caught by the fraud department. Account was opened on XX/XX/XXXX and closed on XX/XX/XXXX."
7689	"Im writing to formally express my concerns regarding Chime handling of disputes, particularly in light of recent CFPB lawsuit highlighting significant issues with platform. Despite using Chime numerous times and reporting discrepancies my financial Institute in chime Field to investigate my claims adequately, they informed me that recovering loss funds was impossible in that tracking these transaction was unfeasible."
7690	"I bought XXXX money orders to pay my rent XX/XX/year> and on XX/XX/year> I was notified by my apartment manager that XXXX  of the money orders came back not paid and said, refer to maker I have been getting the run around from Western Union ever since and no resolution. I need my money back."
7691	"In accordance with the Fair Credit Reporting Act these creditors have violated my rights under 15 USC 1681 section 602 states I have the right to privacy ( 15 USC 1681 section 604a section 2 ). It also states a consumer reporting agency can not furnish an account without my written instructions under 15 USCS 1666b a creditor may not treat a payment on a credit card account under an open end consumer credit plan as late for any purpose. I would like my late payments to be removed from my credit report. I was going through a tough time in which I couldnt make on time payments due to being in school and having too much going on personally. It would be greatly appreciated."
7692	"There was a dispute over a plumbing issue at the unit both my brother & I were living in XXXX. We went to court & the Judge Ordered {$900.00} in attorney fees to the XXXX & {$0.00} Dollars in rent owed. Per the Court Document attached to this email. \n\nThis Debt was Mis Reported. There is no rent owed nor was there ever an eviction that took place. This Debt is also Reported on my brothers Credit Report. Her Name is XXXX XXXX, his name is also attached to the court document as he was also a Leasee of the unit. \n\nThis debt was removed from our credit report last year and now as of XX/XX/XXXX, it has re-appeared on our credit report. This matter violates the FCRA. I now reside in Washington and I will be filing a civil suit first thing Monday morning XX/XX/XXXX for not only my rights being violated but the emotional distress this has caused me. \n\n\nAccount # XXXX XXXX XXXX XXXX XXXX XXXX XXXX XXXX"
7693	"Date : XX/XX/year> TransUnion XXXX XXXX XXXX XXXX XXXX XXXX Dear Transunion, I am writing to dispute inaccurate information on my credit report. My student loans are incorrectly listed as delinquent or past due, even though they are currently in deferment and no payments are required during this time. \n\nDetails of the student loans : XXXX Name : XXXX XXXX XXXX Account XXXX : XXXX XX Deferment Start Date : XX/XX/year> Deferment End Date : XXXX I have enclosed the following documents to support my claim : XXXX letter from my student loan servicer confirming the deferment status -Other relevant documentation Under the Fair Credit Reporting Act ( FCRA ), I request that you investigate and correct the incorrect information on my credit report. Please notify me in writing once this issue has been resolved. \nThank you for your attention to this matter. Should you require any further information, please contact me at XXXX. \n\nSincerely, XXXX XXXX"
7694	"I recently opened up a checking account with Discover Bank. I deposited money in there for use during my XXXX XXXX  for work ( XXXX XXXX ). Two days ago, Discover froze my account without warning and without any information given. When I call Customer Service to get information- I am told that only the Security Team can provide me information. When I call the Security Team - I sit on hold for hours. The system cuts the call off at exactly 3 hours and 2 minutes every time. I have spent a total of 18 hours on hold trying to get ahold of the Security Team so that I can get my account unfrozen, withdraw my funds, and close the account and take my business elsewhere. Eighteen hours on hold! Two days without ability to access my money. No information given for the why the account is frozen. They are literally holding my money hostage. According to their social media accounts, this is happening to numerous customers - everyone with the same description : frozen account without warning, no information given, told to call Security Team, on hold for hours no matter time of day, call ends at exactly 3 hours and 2 minutes, and multiple days of trying to reach someone without success."
7695	"Recently I applied for one of \" Navient, '' the largest student loan provider, with one of their \" Income Driven Repayment Plans '' on their website. Yet my Student Loan \" Amount '' and the \" Interest Rate '' that I was quoted and guaranteed on their \" Navient '' website was NOT what they mailed to me to  accept."
7696	"To Whom It May Concern, I am writing to formally dispute information reported on my XXXXn credit file relating to an account listed by Preferred Lease FKA MP ( Account Number ending in XXXX ). This account reflects a charge-off with a reported high balance of {$1700.00}, a past due amount of {$1000.00}, and a closed date of XX/XX/XXXX, with a removal date estimated as XX/XX/XXXX. \n\nUnder my rights granted by the Fair Credit Reporting Act ( FCRA ), 15 U.S.C. 1681i, I am requesting that you conduct a reasonable investigation into this account. If the information can not be verified as accurate, complete, and legally reportable, it must be deleted from my credit file within XXXX  days of receipt of this dispute.\n\nAdditionally, per 15 U.S.C. 1681s-2, data furnishers are required to report only accurate and verifiable information. If XXXX is unable to obtain documentation from the original furnisher proving the legitimacy and accuracy of this account, it must be removed.\n\nThis dispute is being submitted with no admission of liability or acknowledgment of the accuracy of the account as reported. I am requesting that XXXX : 1. Verify all information reported by Preferred Lease FKA MP ; 2. Delete the account entirely if it can not be verified with supporting documentation ; 3. Provide me with written confirmation of the results of your investigation"
7697	"Dear CFPB I wrote by mail to you in XX/XX/XXXX; explained below in detail. Please see summary ; On XX/XX/XXXX ; I was notified by other investors, customers and employees that my ( now ex ) business partner investor frauded the company, customers and all the funds sent by me, all the credit cards, loans since XX/XX/XXXX ; in amount exceeding $ XXXX. I also immediately contacted credit cards, credit score companies by phone ( hours spent ), loan companies, banks, and I was told this was \" a civil matter '' to be brushed off and they didnt ask or go after the perpetrator who used XXXX XXXX XXXX to fraud me and others. All 11 banks and loan companies refused to help me. So I went on a search, this is not as they claim a civil matter. THIS IS A FEDERAL crime, and all the records will show that I begged pleaded with these companies, yet they continued and still continue to come after me. I then by email, mail contacted my senators, law enforcementand and law offices of XXXX XXXX in XXXX who handled XXXX XXXX case, to prosecute him. I am writing to inform you to inform all credit card companies, loan companies, credit score companies and reply to me that you received my letters. All the cards and loans in my name XXXX XXXX are used and my funds by this perpetrator, samet siper and his accomplice XXXX XXXX. I ask you to notify these banks as well. As the perpetrator committed a crime of fraud, false documentation, fraud invoices, investment scam, identity theft, tax fraud among many others, I thank you for your support in advance. You can also contact my attorney XXXX XXXX and direct these banks : XXXX XXXX He | Him | His Partner XXXX XXXX XXXX XXXX XXXX NY XXXX T XXXX M XXXX XXXX XXXX Kind Regards"
7698	"PayPal did not grant me the promotion to which I followed the terms and conditions to the T. I successfully argued that I did in fact follow all of the terms and conditions and instead of giving me the original credit they offered me a \" courtesy '' offer. \n\nThis courtesy offer was extremely dubious. The instructions specifically indicated me to click \" get offer '' when there is no such button. When I asked customer service how to use the offer, I was quite seriously told \" trial and error '' on a recorded line by a XXXX named XXXX XXXX ID XXXX. I asked her and her previous agent several times quite directly if XXXX was a qualifying Merchant for this offer and neither of them could tell me. I asked for any Merchant that they knew the offer would work on and I was told that PayPal can not confirm or deny any company the offer is valid with. So they have given me an offer with no way of knowing where it will be accepted. It is if as a customer I don't know where I can use it. The company issuing me the credit, paypal, The ledges they have no way to know where this credit will be used and will not substantiate the value of the credit offered. They refused to investigate, raise a complaint, or in any way do more than present me with roadblocks."
7699	"To Whom It May Concern : I am writing to file a complaint regarding a potentially misleading credit card promotion I received from Capital One.\n\nCapital One advertised a 0 % APR on balance transfers until XX/XX/year>, which was a key factor in my decision to apply for the card. However, after being approved, I was issued a credit limit of only {$1000.00}, making it nearly impossible to take meaningful advantage of the promotion especially when considering balance transfer fees and impacts to credit score based on high percent usage. \n\nAt no point in the promotional material was it made clear that I might receive such a low credit limit that would render the balance transfer promotion ineffective or unusable. Had I known this was a likely outcome, I would not have applied. \n\nWhile I understand that credit limits are based on individual creditworthiness, my concern is that the promotional material gave a misleading impression of the potential benefit without adequately disclosing that the promotion could be significantly limited by the credit line issued. \n\nI have contacted Capital One multiple times in-order to resolve this issue and applied twice for credit limit increases with no avail. After, talking with multiple representatives I have been unable to solve this issue. I was also not wanting to activate the card in-order to avoid have another potential credit score impact from deactivating it however, the automated system when attempting to verify my information activated the card without my knowledge or permission.\n\nThank you for your time and consideration. \n\nSincerely, XXXX XXXX XXXX XXXX"
7700	"The person gave three different XXXX accounts under XXXX XXXX, XXXX and XXXX. I also have the email addresses being used for XXXX : XXXX and XXXX ( {$25.00} sent but {$25.00} was bounced back. So he gave me another email to send it to.. XXXX that went through. They reached out to me on XXXX stating I won a pair of sneakers ( XXXX  ) all I had to pay was shipping and handling, I sent XXXX {$25.00} through XXXX. Then he sent me another email let me know I had to pay {$30.00} in order to get a confirmation number. I sent that to XXXX. Then XXXX asked for {$25.00} for protection I sent it. once again he asked for additional money because he claimed the first {$25.00} he didnt receive and wanted me to send it to him via XXXX XXXX XXXX and I said no I sent enough for sneakers I suppose to have won. He became irritated and is not responding to my messages on XXXX and never sent me a confirmation."
7701	"I am filing a complaint against Cash App ( Block , Inc. ) due to inadequate customer service and unfair practices, which violate the Consumer Financial Protection Act ( CFPA ). Specifically, Cash App failed to take timely and effective measures to prevent and address fraud on their platform, leaving my account vulnerable and unprotected.\n\nFurthermore, their dispute resolution proce was unfair and deceptive, as they did not comply with error resolution requirements under the Electronic Fund Transfer Act ( EFTA ) and Regulation E. These actions have caused significant inconvenience and XXXX ) financial loss, and I seek appropriate redress for these violations. Cashapp also closed my account for no reason and failed to give me information on why. I havent violated any of there terms at all."
7702	"I am filing a complaint regarding unauthorized XXXX withdrawals from my account at Wells Fargo. Beginning in XX/XX/XXXX, a series of unauthorized XXXX transactions were made from my account by unknown parties and continued into early XXXX. I did not authorize any of these debits, nor did I provide permission to any third party. This account is used only for limited, routine payments ( such as credit cards and mortgage ), and the transactions appeared consistent with normal activity. Because of this, they were not reasonably identifiable as unauthorized at the time. I discovered the issue and reported it promptly on XX/XX/XXXX. Wells Fargo reimbursed a portion of the transactions ( approximately {$6000.00} ), explaining that they were able to recover or cover those within certain timeframes. However, they denied reimbursement for the remaining transactions ( approximately {$2000.00} ), citing dispute right limitations. While I understand the banks explanation regarding timing, all of these transactions were part of the same pattern of unauthorized ACH activity, and I did not authorize any of them. I am requesting a full review of the remaining transactions and any documentation of authorization for those debits. Given the ongoing nature of the fraud and the fact that I reported the issue as soon as it was discovered, I am requesting that Wells Fargo reconsider and provide a fair resolution, including reimbursement of the remaining unauthorized transactions. I believe I acted reasonably under the circumstances and am seeking assistance in resolving the remaining losses."
7703	"On XX/XX/year>, I opened a Citi Business Checking account and XXXX in the XXXX XXXXXXXX XXXX branch. I had a promotion to bring over $ XXXX and receive {$1500.00}. The terms stated Within XXXX days of account opening, make a qualifying deposit of {$5000.00} or more in XXXX funds to eligible accounts. Maintain the required minimum balance for an additional XXXX days from the XXXX day of account opening. Your bonus will be deposited to your Citibank business checking account as a credit within XXXX days from the end of the month in which you complete all requirements. Based on my opening date, the bonus should have been paid in XX/XX/year>. I have tried reaching out to the XXXX at the XXXX XXXX branch but each time I have been told they are looking into it. I would appreciate the bonus being paid since I met the terms of the offer."
7704	"Credit Report Agency has old information ( Old Addresses etc ). it is not showing a debt from XXXX as paid. \n15 USC 1692 ( A ), ( B ).\n\nI am disputing the presentment because of violations against Federal and State Laws.\n\nHJR 192 UCC 3-311 UCC 3-104 UCC 3-306 UCC 1-308 ( Without Recourse )"
7705	"I spent over 11 hours on hold to Mohela ( call was dropped suddenly after waiting the first 6 hours to only be put on hold again for another 5 hours when I immediately called back ) to be lied to repeatedly despite having multiple pieces of evidence contrary to what I was being told my XXXX, an advanced agent also conversing with her supervisor. I have been trying to get off the SAVE plan since XXXX. I submitted another IDR plan change request to move back to the IBR plan on XX/XX/XXXX. I was calling to be placed on a processing forbearance immediately as I have again been trying to change since XXXX with multiple IDR plan change request forms faxed, submitted to StudentAid.Gov, and then finally directly to Mohela 's website upload multiple times without success. U.S. Department of Education sent an email to all of us confirming that 60 day processing forbearances count towards PSLF, which I also have a letter from Mohela dated XX/XX/XXXX that states that very same thing. Although note, I was not put in a processing forbearance as of XX/XX/XXXX as the letter states. That application was denied. XXXX continued to refuse to move me to a processing forbearance stating there is no difference from the SAVE forbearance and that they have continued to be advised that it does not count towards PSLF. When I presented my multiple pieces of evidence she continued to refuse to listen stating that they have been advised otherwise and that the letter from her own company Mohela was 'poorly worded. ' I spent over 11 hours on hold for nothing but to be lied to and my clear evidence of facts denied. \nI am seeking immediate resolution to be either be put on the XXXX processing forbearance OR to finally process my application to move to the IBR plan that I have been trying to do for over 5 months now. I need this completed immediately and by at least XX/XX/XXXX. Thank you."
7706	"On XX/XX/year>, I received a promotional offer from Goldman Sachs stating that I would receive a {$1500.00} bonus if I deposited {$100000.00} into a savings account and maintained that balance for three months. Relying on this representation, I deposited {$100000.00} and maintained the required balance in full compliance with the stated terms. On XX/XX/year>, I contacted Goldman Sachs to confirm the bonus timeline and was informed for the first time that I was ineligible because I did not complete an additional enrollment step at the time of deposit. This requirement was not clearly, conspicuously, or transparently disclosed at any point when I received or acted on the offer. This is materially misleading and constitutes a bait-and-switch practice. The promotion induced me to transfer a substantial amount of funds under terms that were not fully or clearly presented. Had this condition been properly disclosed, I would have either complied or declined the offer entirely. I requested escalation, but the issue was dismissed without meaningful review. As a result of this deceptive experience, I withdrew my funds from the account. I am requesting that Goldman Sachs honor the {$1500.00} promotional bonus. At a minimum, this matter warrants corrective action due to the failure to clearly disclose material terms required for eligibility."
7707	"There is an account reporting on my credit file with XXXX XXXX and I requested the credit bureaus to investigate this. The results from the bureaus indicated it was mine. However I had a representative contact XXXX using a power of attorney and they told her that they could not locate any information with my social, date birth, address etc., I then submit a letter directly to XXXX asking for validation of the debt since they could not locate me by the above. The letter I received was nothing more than statement from their company stating I owe it. The even more frustrating part is how are they able to locate my information now when they could n't before? All that information was given to them initially to locate the information and the did n't. How do I even know if they did n't input the information when I had the representative call? There was nothing sent to me with my signature, payment history from previous company etc."
7708	"I opened an account online with wells Fargoon XXXX XXXX and 1 day after opening my account I got an email saying they're closing my account because they can't verify my information which has to be a mistake because I provided them with all accurate information"
7709	"My paypal card was absorbed by XXXX XXXX. The card number was stolen somehow. My account is secure but the number was stolen from within paypal. I called within a couple of hours but the number printed on the card does not work. I was unable to report the card as hacked. I called paypal and their phones do not work either. Just a recording that says no one is available to help. I tried to send a secure message but replies for the fraud complaint are being answered by offshore group in XXXX that do not understand any complicated issues explain in english writing. They have no USA staff to support us at either XXXX XXXX or at paypal. I finally managed to get logged online and was able to report the card lost or stolen to get it frozen as the only option. Then I sent paypal the secure message that there are pending fraud charges and they refused to assist the merchants that reached out for help and they refused to help me. They forced through the fraud charges after they were notified about them. They allowed items to be purchased using an address that was NEVER on my account and they won't help me. They pushed through all the fraud charges days after they were notified about the fraud, and they wiped out my paypal account, my cashback rewards, and paypal took the money out of my personal bank account to cover the fraud charges on my credit/debit card."
7710	"On XXXX XXXX I had a {$260.00} in Fraudulent Charge posted to my Bank Of America Visa credit card XXXX Charges took place at a local XXXX XXXX. On XXXX XXXX I disputed the charge with Bank Of America XXXX 5 Days later on XXXX XXXX My dispute was denied on the bases that I had shopped at that Particular XXXX in the past. I went in person to the XXXX XXXX and spoke with the manager. He printed out the Fraud Charges and signed, also admitting that fraud had taken place. I along with 3 other people had been charged the same amount exactly at the same time. I have provided this information to Bank Of America. They claim to give their customers the service of XXXX liability for fraud."
7711	"I recieved a XXXX form from Block , Inc . It stated that we had recieved {$7100.00} in the month of XXXX through cash.app. I never opened a cash.app account, and did not complete these transactions or have any of this money. When I asked cash.app customer support to close the account they said they could not, even though I have the account number and it is linked to my name, address, and social security account. I have since filed a police report."
7712	"I submitted a partial payment via wire at XXXX and I have the receipts of the proof. I had to pay the remainder of my mortgage home payment to Caliber Home Loans, and none of the representatives told me I couldnt go through XXXX at the time. Caliber gave me their wire information with the account number and routing number with the financial institution they go through. I wired the payment through XXXX and somehow caliber has not received it. When their bank verified the payment was received. I went back to XXXX to get my funds refunded to me, and they wasnt able to do so. Caliber Home Loans reported to the credit bureaus I never made the payment even though I have the proof the payment was made by the XXXX to avoid negative credit reporting. I had to file a dispute with XXXX because it is on my credit. Keep in mind, the year of 2022, some representatives will take partial payments over the phone, and others wont. Ive had to argue with them about taking my payment over the phone. Some are rude about it & wont even check my status of past partial payments Ive submitted to them via phone. I have several times requested I speak to a supervisor, more times than I can count on this issue. They refuse to transfer me or they will not have them return my call. I have the print out of receipts that I have submitted the funds before the XXXX. To this day Caliber is saying they have not received my payment."
7713	"Several years ago in XXXX of XXXX, I bought furniture from XXXX XXXX   a furniture company in XXXX XXXX CA for a promotional offer of 0 % interest for 36 months. They stated they would take a minimum balance every month for 36 months until debt was paid of. On XX/XX/XXXX I was given a {$970.00} interest charge and on XX/XX/XXXX I was given a {$1400.00} interest charge ballooning my balance to {$6700.00}. No one will answer my questions and they say it was in the contract however as we they explained to me in person or over the phone my balance would never be charged interest."
7714	"Man called me from XXXX and asked for me by name, I confirmed myself by name, the man said I owed Chase Bank {$24000.00} for a credit card. I asked why he didn't verify another piece of PII because I don't have any delinquent accounts. He said because I confirmed my name, he didn't have to. I asked what company he is with, he said XXXX XXXX XXXX. He then stated the account is linked to a business, XXXX XXXX XXXX XXXX XXXX. I told him I am not connected to this business, he refused to listen. I requested a VOD letter to be sent to me via email. He said he can't do that, he can only send to the address they have in XXXX XXXX, FL. I have never lived there. I repeatedly asked for VOD, the man said he thinks he has the wrong number. I advised him I would reach out to his company directly as a compliance manager for a debt buyer. He claimed the debt is owned by Chase and that the debt is on my credit report. I called Chase to confirm that my account is current without any balance at all, nor do I have any charged off Chase accounts."
7715	"There is a company that I have never heard of or heard from ( Not by phone, mail or email ) that put a collections on my credit report stating they are collecting for XXXX as of XXXX. I do not have XXXX and have not had XXXX for over 8 years. I have never received any collections from XXXX. This company did not follow the fair credit reporting act. When I disputed it with XXXX they stated they investigated it which was false as there is no documentation of this debt or any communication provided to me. The company is called Transworld Systems INC the amount is {$910.00}"
7716	"I opened an account and they continue to charge me outrageous amounts of interest and return check fees even though my checks were never returned!! I spoke to a customer service representative who told me that my account was clos ed and that it was a mistake and so that it was on there and but there was no way they could fix it!"
7717	"I attempted to purchase a new XXXX from XXXX XXXX XXXX, XXXX XXXX, CA. The loan was closed and the vehicle was delivered. Subsequently, I received paper work from Ally Bank saying the loan was denied, however, they sent an invoice for the first payment. I met with XXXX XXXX, finance manager, to ask why I have a loan that was denied. He said he made a call and got it approved. Told him had I been notified that the loan was denied I would have not completed the transaction. His comment was you wanted a car and I got it for you. Told him I would have walked. He did not want to discuss it any further and said the conversation is over. Told him I filed a complaint with XXXX and he will talk to them. He asked me to leave. The problem is I am XXXX years of age. Had he told me that I was not qualified I would have walked. In an effort to refinance the auto loan I contacted 12 lenders. I have been turned down by all. I submit he took advantage of a senior citizen to generate a commission for him and a sale for the company. Please note I have 2 separate letters from XXXX XXXX   denying the loan and one invoice. It is my opinion the loan is fraudulent and should not have been made."
7718	"I have repeatedly told this company they are contacting the wrong person but they continue to call me. I am not associated with the person they are asking for other than we have the same last name. The calls have been coming from this company for years, I have notified them numerous times throughout the years they are calling the wrong number and the calls will stop for a few months and continue right up from numerous different numbers associated to the same company. I sent a cease and desist to the company in XXXX and the calls are back repeatedly calling me everyday day for the last couple of months. Again I am not associated with this company or the person they are attempting to reach. I can produce my phone records and proof of identity and who the phone is registered to if needed. \n\nThe company calling repeatedly everyday is Midland Credit Some of the numbers they are calling from include : XXXX XXXX XXXX"
7719	"XXXX XXXX has been harassing me about an auto loan that has absolutely isn't mines I have taken several different steps of communication with the company, but they insist on trying to retrieve monetary profits. ( {$19000.00} ) to be exact now I am taking XXXX! on this manner filing a complaint. It has been an ongoing issue for the few years and they will not budge."
7720	"To Whom It May Concern It has been brought to my attention that your company continues to ignore my requests for the removal of these late payments and inaccurate information still reporting on my credit report.\n\nThe following late payments are reporting inaccurate and therefore need to be reinvestigated.\n\nInaccurate late payments and incorrect and incomplete information 15 U.S. CODE 1681B - PERMISSIBLE PURPOSES OF CONSUMER REPORTS XXXX XXXX Account Number # XXXX Delete from my credit report. \n\n15 U.S. CODE 1681I - PROCEDURE IN CASE OF DISPUTED ACCURACY XXXX Account Number : XXXX Please remove it from my credit report. \n\n15 U.S. CODE 1681I - PROCEDURE IN CASE OF DISPUTED ACCURACY XXXXXXXX Account Number : XXXX Delete this account. \n\n15 U.S. CODE 1681B - PERMISSIBLE PURPOSES OF CONSUMER REPORTS XXXX XXXX Account Number # XXXX Delete from my credit report."
7721	"Im writing to formally express my concerns regarding Zelles handling of disputes particularly in the light of CFPB lawsuit highlighting significant issues with the platform. Despite using Zelle numerous times and reporting discrepancies my financial institution and Zelle failed to investigate my claim adequately. They informed me recovering lost funds were impossible and tracking these transactions were unfeasible. The CFPB findings indicate that Zelle not only neglected to protect consumers but also allowed repeat offenders to exploit the system leaving users vulnerable to scams. The lack of accountability and transparency is unacceptable and raise serious concerns about consumers safety."
7722	"I tried to get gas service to my new home on XX/XX/2020. I called XXXX, my gas company and they told me they have to do a credit check through Experion. I was informed my credit check account is locked and they can not turn on my gas. It is winter time! I tried to contact Experion via the phone but you can not reach anyone and their website will not let me file an email request to unblock my account. FTC requires I be allowed to fix a problem over the phone with credit bureaus in one hour.\n\nI am freezing with my wife and children in my home do to a bogus account lock and there is no way to correct this issue via phone or email. Experion is in total control of financial future and heat in my home. Yet they provide no means to remedy their errors!"
7723	"I sent my contractor a {$200.00} payment on XX/XX/year> through CashApp. He refunded the {$200.00} back to me through CashApp. However, I never received the refund back to my bank account. I called CashApp and they stated that the {$200.00} was refunded to my XXXX bank account on XX/XX/year>. However, XXXX advised that the funds were never received. CashApp informed me that I would have to dispute the charge with XXXX. However, XXXX informed me that the problem is on CashApp 's end because they did not refund the money. I called CashApp a second time and informed them that XXXX never received the refund. CashApp just kept saying that I needed to contact XXXX and telling me there was nothing CashApp could do. I looked online to see if other people experienced CashApp not sending refunds and found that CashApp has been stealing refunds from customers and CFPB had to force them to pay back refunds to some customers."
7724	"I recently applied for a HELOC ( home equity line of credit ) with Bank of America ( \" BOFA '' ) and they quoted me a {$100000.00} HELOC at variable rate. Before asking me to run my credit, they told me their desktop appraisal provided a value for my property sufficient to cover a {$100000.00} HELOC. I agreed to have them run my credit based upon the interest rate they quoted me and based upon the property value they quoted me. Had the interest rate they promised and the property value they quoted me been less than as represented by BOFA, I wuld never have allowed them to run my credit. BOFA informed me that my application had been approved and also opened up a web portal for me to submit paystubs and w-2s. After I spent significant time and energy, they informed me that they had re-reviewed my application and that suddenly I did not qualify for the HELOC as represented and that they suddenly needed more information to review the property value on my home. After a couple of days, they contacted me and told me that I did not qualify for my HELOC suddenly and a few days later, I received a letter informing me that I had been denied credit. BOFA is engaging in a bait and switch process that has now hurt my credit because the credit inquiry remains on my credit reports. This is fraudulent conduct and I am demanding that BOFA remove the credit inquiry they conducted based upon false pretenses. Had they not told me that my property qualified for a HELOC ( based upon value ), I would never have allowed BOFA to run my credit. BOFA 's credit inquiry should be removed from my credit report."
7725	"I am writing this complaint because i am a victim of identity theft. I lost my wallet and in order for one of my accounts to get unrestricted I had to express my concern/issues to XXXX XXXX XXXX. There was different accounts open and amounts placed on the cards that was happening with fraud."
7726	"Sychrony Bank notified me via XXXX mail of XXXX things which are not aligned with actions I have taken, and which were confirmed on Synchrony 's internet site. I also received email confirmation of my actions, but was later informed that the actions were not valid. The first action I took was to enroll in Auto Pay. I received notice that I had un-enrolled in Auto Pay. I never un-enrolled. Second, I was notified that \" my bank '' refused my initial Auto Pay installment. I was charged {$27.00} late fee. Unable to contact them via phone because their IVR would not let me reach a Customer Service Rep."
7727	"On or about XX/XX/year>, i requested a payoff amount from my mortgage lender online. My lender is XXXX XXXX d/b/a XXXX XXXX. They have transferred the servicing to Lakeviewloan servicing. After receiving the payoff amount, i directed ( ACH transfer ) monies to be paid in full and to satisfy the complete mortgage balance. After 2 weeks of not receiving a statement balance of {$0.00} owed, I called them on XXXX XXXX and they first acknowledged receiving those funds but couldn't understand why those monies were not applied towards my payoff. After 30 minutes, they inform me that they required a \" certified check '' and could not accept my bank transfer of funds despite them accepting these transfers all along with my monthly mortgage payments and also despite my ACH transfer already cleared and in their hands as cash. But to make matters worse, no one from the mortgage company bothered to call me and to inform me about this certified check requirement. Additionally, they are claiming that it would take 15 days to return my already transfer funds to them which places me at a deficit as they are making me pay interest all the while they play these shenanigans. Their online statement acknowledge receiving my complete payoff amount but refuse to apply these funds. This is complete unethical and immoral behavior in order to maximize their scheme of charging more interest despite having cash at hand. I hope you can investigate this matter and compel them to XXXX  out my balance, return my unused escrow monies and close out my account."
7728	"I am filing a complaint regarding Square , Inc. placing an extended hold on my funds without clear justification or meaningful escalation options. Square is currently holding {$7400.00} of my business funds and has informed me that the money will be withheld for up to 90 days due to an internal \" account review '' Despite contacting Square support multiple times, I have not been provided with a specific reason for the hold, clear criteria for releasing the funds, or access to a supervisor or review team that can resolve the issue. I have been told repeatedly that customer service can not escalate the matter and that no action can be taken until the 90 day period ends. This lack of transparency and inability to resolve the issue is causing significant financial hardship for my business, as these funds represent legitimate payments for completed transaction. I am willing and able to provide any documentation necessary to verify my business activity, transcations, and fulfillment, but Square has not clearly communicated what is required to release the funds sooner. I am requesting that Square : 1 Provide a clear and specific explanation for why my funds are being held after the fact that I provided them with all of my business proof as requested. 2. Identify exactly what documentation is required to complete the review, 3.Release the held funds promptly if no fraud or dispute exists. \nI believe this hold is excessive, lacks transparency, and unfairly restricts access to my own business funds."
7729	"I can not access my XXXX XXXX XXXX XXXX account due to a legacy login error. Ive contacted support XXXX times over a year apart. Each time, I was promised a callback and resolution. No action was taken. I can not view or manage my funds online."
7730	"I requested debt of validation numerous times.they responded with medical records, a DIRECT violation of HIPPA regulations. Not only did these documents have procedures and/or medication received, it also contain my SOCIAL SECURITY NUMBER with NO security measures taken. I NEVER signed a HIPPA form authorizing access to any of my medical records."
7731	"I am submitting this formal complaint against Experian for multiple violations of the Fair Credit Reporting Act ( FCRA ) in connection with fraudulent accounts that remain on my credit report despite my repeated disputes and submission of legally sufficient documentation. The accounts in questionXXXXXXXX XXXX XXXX XXXX  ( Account No. XXXX ) and XXXX XXXX  ( Account No. XXXX ) were opened fraudulently and are the result of identity theft. I provided Experian with a government-issued ID, proof of address, an FTC Identity Theft Report, and a signed statement under penalty of perjury, all of which satisfy the requirements under FCRA 605B . Despite this, Experian failed to block the fraudulent information within four business days, as required by law. \nFurthermore, Experian has violated FCRA 611 ( a ) by failing to conduct a proper reinvestigation of my dispute within the 30-day statutory window. I also requested full disclosure of all information used to verify the disputed accounts, as permitted under FCRA 609 ( a ) ( 1 ) ( A ), but Experian has not provided this information. These failures constitute both negligent and willful noncompliance with the FCRA, entitling me to damages under 616 and 617."
7732	"I sent a written debt validation request to the collection agency on XX/XX/year>. The agency has failed to provide proper validation as required under the Fair Debt Collection Practices Act ( FDCPA ), 15 U.S.C. 1692g. Instead of providing competent evidence of legal standing, the collector has either failed to respond fully or has provided insufficient documentation such as billing statements or account summaries. Billing statements and internally generated account printouts do not constitute proper validation and do not establish legal standing to collect. The collector has not provided : A complete chain of assignment showing lawful ownership of the alleged debt Proof that they have the legal right to collect this specific account A copy of the original signed contract bearing my signature Documentation authorizing them to collect prior to reporting to credit bureaus Proof of proper mailing of the initial validation notice Proof they are licensed to collect in my state Despite this failure, the company continues to report the account to consumer reporting agencies and/or continue collection activity."
7733	"I have an account in TD bank. A fraudulent used my name to withdraw money from my account. The person stole my money of {$4700.00} in the summer of 2021. But the bank refused to compensate. \nMy account # XXXX Case reference # is XXXX or XXXX All the best"
7734	"I recently received a notification from XXXX XXXX  that my personal information was exposed during a data breach taking place earler this year. \nI also received a notification that a creditor on my credit report ( XXXX  XXXX XXXX XXXX had a data breach where my personal information was exposed. \n\nI have an inquiry on my credit report that I did not authorize or solict their products. \nXXXX. XX/XX/2023. XXXX I contacted XXXX on XXXX different occassions : XX/XX/2023, XX/XX/2023, XX/XX/2023, XX/XX/2023 and XX/XX/2023. On all these occassions I was told that the item would be removed and was giving a conformation number. But whenever I called sharing the conformation number I was told it would take up to 30 days to be removed. During the last call I was told \" it was not removed because we could not read your driver 's license '' I asked to speak to a supervisor and was put on hold for XXXX minutes and once someone answered the call was disconnected."
7735	"I called in to discover bank to dispute a ACH transaction with XXXX XXXX knowing that I dont business with them and discover was so quick with the investigation and denied my claim and closed within few days and didnt give me the chance to appeal or send any documents for these ACH transactions and wouldnt help me with getting started with the appeal and I lost over 800 dollars with this bank and Im so sad and there no customer service agent would help me and they had to change my account number over to XXXX from XXXX for nothing .... I would like to closed this checking account if they cant grant a appeal with XXXX XXXX ACH"
7736	"Someone has been coming to my fianc house almost everyday in the past week. Says he is serving me papers, leaves a ripped sheet XXXX  code on the door while my fianc is at work. Claims that I am being sued. He shows up all hours of the day, morning and night to deliver crumbled papers. My fianc is home when the man stops by again, he asks for my name, and then just leaves the crumbled papers with my fianc. The papers state I am being sued my Midland Credit."
7737	"I would assume if I am already overdrawn from my checking account my bank wouldn't approve but nope they do and they will charge me for at least 3-5 NSF fees even though I have spoken to them a different occasion at this point in time there is no reason for me to call and just get the run around in all honesty I prefer for the payment not to go through and I just pay the late fee or payment arrangement rather then the bank allowing the payment to go through and charging me several different NSF fees"
7738	"I am writing to formally dispute the way my recent payment was applied and the resulting interest charges.\n\nAt the time, my account had three balances with different interest rates : A promotional XXXX that expired on XX/XX/XXXX, which then increased to 25.99 % A balance at 9.99 % A balance at 0.99 % On XX/XX/XXXX, I made a payment that was more than sufficient to cover the entire balance at the highest rate ( 25.99 % ). However, instead of being applied to that balance, the payment was allocated to the lower-interest balances. Because of this, interest began accruing at 25.99 % as of XX/XX/XXXX, and in XXXX I was charged interest on the full high-rate balance."
7739	"Approximately in XX/XX/XXXX, I knew that my student loan repayments were going to begin in XX/XX/XXXX. I decided to make an early payment and set up auto-payment through NelNet. I visited the website and attempted to make my first payment in XX/XX/XXXX and set up my auto-debit payment account. In XX/XX/XXXX, I received an email from NelNet stating that a certain amount was going to be taken from my bank account. After they took a certain amount from my bank, I received another email stating that they were going to remove another amount from my bank account. I was confused on why they were going to be taking from my bank account twice. They said that their system default does not necessarily make all payments deductions on one day. I was confused on what my monthly minimum payments was. Even though I was speaking to the representative, she could not give me a straight answer. I asked her to please make all my monthly payments due on one day and she confirmed that she would. On XX/XX/XXXX, I contacted NelNet requesting that my payments be due on the XXXX of every month. The representative stated that the amount due on XX/XX/XXXX was already processed and that could not be changed. I said that was okay, but please starting in XX/XX/XXXX, to please change the due date to the XX/XX/XXXX. I was told that the next auto-payment would be processed on XX/XX/XXXX. So a total amount of $ XXXX was taken from my bank on XX/XX/XXXX. But then I received another email on XX/XX/XXXX stating that the same amount of $ XXXX was going to be processed on XX/XX/XXXX. I immediately called NetNet informing them that this was a mistake. The representative confirmed that the system noted the next payment was supposed to take place on XX/XX/XXXX, but for some reason they could not do anything about the amount being processed on XX/XX/XXXX. They said they could not do anything about it."
7740	"This is a follow up on a previous complaint ( see below ). They only responded through this complaint and stated that they consider the issue resolved. I never would have agreed to 50 % in finance charges. I believe we were mislead by both the Home Fix company and then the lender. The signature on the contract they provided IS NOT MINE. It is in the same writing as other areas of the form and I NEVER sign documents like that because I do not go by my first name. I believe that we were mislead and taken advantage of. We can not afford these payments. If I have {$10000.00} extra dollars, I would have just bought the windows. This contract makes no sense to me and refers to finance charges in Florida authorized by Chapter 516. Does not mention finance changes in Virginia. \n\nI can not afford these payments and I did not sign this contract that lays out the terms. It is not my signature."
7741	"This is my next stop to get the corrections needed on my credit report. About 4 letters and 2 phone calls each have resulted in no corrections so far from XXXX, Transunion, and XXXX. LATE payments listed on XXXX to whom just took over the account is not correct. Personal informations listed that I have never resided. The incorrect reporting to my credit file has cost me a promotion and stopped me from growing with the company I work for. This is wrong and I demand it be corrected."
7742	"XX/XX/XXXX : Transferred {$500.00} from CashApp to a checking account at XXXX XXXX. The account had been closed for about a year. \nDeposit Amount : {$500.00} Date of Deposit : XX/XX/XXXX at XXXX am XXXX XXXX  Name : XXXX Bank XXXX XXXX digits of account # : XXXX Trace XXXX XX/XX/XXXX : XXXX  returned the funds to CashApp because there was no account to make the deposit Trace # XXXX Cash App says they did not receive the funds. I have not received a {$500.00} deposit into Cash App. \n\nI received this email from Cash App on XX/XX/XXXX : This is XXXX with Cash App Disputes. Thank you for your patience while waiting to hear back from us regarding your missing deposit ( XXXX ). \n\nAs a courtesy, we attempted to recover your missing deposit with a letter of indemnity. This was our final attempt to try and pull the funds back into your Cash App. Unfortunately, our attempts were unsuccessful. If the bank sends the funds back to Cash App, they will automatically be credited to your Cash App balance. We will reach out if there are any further updates. \n\nSomeone has my {$500.00}."
7743	"I have been a victim of identity theft. XXXX XXXX had reported an open account on XX/XX/2023 in the amount of {$850.00} and {$1000.00}. XXXX XXXX XXXX  reported an unauthorized account on XX/XX/XXXX. 2023 in the amount of {$540.00}. XXXX XXXX XXXX  reported an unauthorized account on XX/XX/2023, in the amount of {$880.00}. I have contacted the frauds customer service lines to these accounts, and nothing has been. I need these accounts removed from by report IMMEDIATELY."
7744	"I had financial issues and had to stop paying on bills other than necessary bills. I made a few payments toward the loan but seems the principal only decreased by less than XXXX or so. My loan amount was XXXX and now i receive a collection notice for almost XXXX. I made a XXXX payment on XXXX only XXXX went toward the principal leaving my balance XXXX, on XX/XX/XXXX XXXX payment only XXXX went toward the principal balance XXXX and on XX/XX/XXXX made a XXXX payment XXXX toward my principal and balance was XXXX. How is this possible if i have made payments toward my loan? They call both my and my XXXX year old cell phones all during the day. And i have not given them permission to call any cell numbers. I want them to stop calling me and my daughter cell or any other number they have on me."
7745	"I applied for a small business loan when I was short on cash earlier this year. Giggle Finance was recommended through a rideshare app - so I decided to try applying. The application process was several questions- including a link to your bank account for \" verification. '' The company told me I was approved for {$600.00} and sent me a text message that they would be in touch shortly to finalize details. As I was awaiting the finalization call, I noticed that they started taking money out of my account. I texted back the number that sent me the initial message and asked what was going on - only to realize that the number I had was someone's personal line as they responded late in the evening. She said they were beginning remittance on the {$1100.00} that I owed them. I told her I had not agreed to that, finalized, or signed a contract. She sent me an email with a contract with a fraudulent signature. I call my bank immediately and told them what was happening. They told me to reverse all transactions between the company- as it sounded like a scam. \nSeveral months letter I received a letter in the mail from the Secretary of State that there was a XXXX  XXXX placed on my name. I was trying to use my card for breakfast and my card was declined. I contacted the card distributor and they said my assets were frozen and to contact XXXX, XXXX, & XXXX for details. Upon contact they sent me the same fraudulent contract and said I owed Giggle {$2200.00} I explained to them the situation with no reply- only to receive an increasingly threatening letter that they were going to pursue further action against me. I have asked them for a breakdown of charges and validation of debt with no response. \n\nAs a small business owner this continues to hurt my mental health and business I have been building for the last decade."
7746	"I am filling a Complaint against Cash App ( Block , Inc ) due to inadequate customer service and unfair practices, which violate the consumer Financial Protection Act ( CFPA ). Specifically, Cash App failed to take timely and effective measures to prevent and address vulnerable and unprotected, Furthermore, their dispute resolution process was unfair and deceptive, as they did not comply with error resolution requirements under the Electronic Fund Transfer Act ( EFTA ) and Regulation E. These actions have caused significant inconvenience and financial loss, and I seek appropriate redress for these violations."
7747	"Comeric bank gave my father XXXX a hom equity loan against my house that i own with my husband. they admitted in court tht they did not look into the title which has been in our names since XX/XX/XXXX and in XX/XX/XXXX they gave my father a loan and since he has passed away they have this lein on my hoouse and have been threating my family to foreclose i do not find this fair i need help please they already tols my then XXXX year old daughter we are going to be on the streets because he low life parents dont pay the bills. this is wrong to make her worry. it is not her bussiness .please help me"
7748	"After approving our loan and having us remove contingencies on our purchase Bank of America XXXX XXXX branch reversed their decision based on a condition that they had not mentioned at any time during the 2 months that the preapproval process took. During that time we incurred financial expenses that we are requesting the bank to compensate us for. These expenses include the non refundable escrow deposit, the property appraisal and travel costs. Note that we are respected clients of BOA since 25 years."
7749	"I became ill last year and was unable to pay my mortgage because I was off from work. I have become delinquent and my home is set for a property foreclosure sale. I have requested mortgage assistance several times, the mortgage company has been difficult to work with me and refused to help me save my home"
7750	"I am writing to formally express my concerns regarding Cell and particularly in line of the CFP wants to highlight significant issues with the platform, despite using Zelle numerous times and reporting discrepancies my financial institution and fail to investigate my claims adequately.\n\nThey informed me that recovering was impossible, and that tracking transaction was unfeasible the CFPP neglected to protect consumers, also offender exploit system, leaving users this lack of accountability and transparency unacceptable and raise a serious concerns about consumer safety."
7751	"I am filing a complaint against Cashapp ( block , inc ) due to fraudulent and unfair practices which violates the consumer financial protection act. Specifically cashapp failed to take timely and effective measures to prevent and address fraud on their platform leaving my account vulnerable and unprotected. Furthermore their dispute resolution process was unfair and deceptive as they did not comply with error resolution requirements under the Electronic Fund Transfer Act and regulation E. These actions has caused significant inconvenience and financial loss even got my account closed and I seek appropriate redress for these violations"
7752	"XXXX XXXX, 2017 I sent {$650.00} to friend in XXXX XXXX XXXX. The Western Union office in in XXXX XXXX XXXX. When he went to bank to receive the money, he was told there was NO transaction! A few days after, friend AND a customer service official from XXXX XXXX XXXX emailed me about this incident. Was told that the bank was HACKED, by XXXX terrorists AND the XXXX have hacked 10 banks in XXXX, including XXXX. They only HACKED Western Union accounts. I called Western Union about this incident # XXXX got the run around. THEN found a web site for Western Union problems XXXX one of the clerks gave me a NEW email address that I DID NOT receive from phone operator. I sent numerous emails about this issue, referring to incident # XXXX given me by Western Union. NO REPLY 'S from Western Union. Then I made a claim with state Attorney General 's office, believing the weight of the office would make a difference. Little did I know the Attorney Generals ' office informal Dispute Resolution process is voluntary and involves compromise. Western Union would NOT resolve this issue, according to email from Attorney Generals office"
7753	"Portfolio recovery account XXXX is trying to collect a debt from me I sent them a letter XXXX for the original purchase agreement to show that they can legally collect this alleged debt proof that the debt was assigned or a receipt between them and XXXX XXXX. Portfolio recovery is the creditor report inaccurate information on my credit report they should have signed documentation between me and them.so if they cant provide me with these documentation l ask them to delete this account immediately as am a victim of identity theft as this account is hurting my credit rating.l have no account with portfolio recovery or ever had one with XXXX XXXX. But if I did have an account with XXXX XXXX  not saying I do I never gave them permission to sale the debt to portfolio recovery. Portfolio recovery have 15 days to provide me the documentation I ask for if not I will file a lawsuit against them for damages and defamation of character l never got a notice or anything in the mail.please delete account immediately."
7754	"Overdrafted my checking account by about XXXX $ on XX/XX/22. Accidental payment. Was charged XXXX $ overdraft fee on XX/XX/22. Did not know account was overdrawn. XX/XX/22 receive automated email from bank that account is below set funds limit ( personally set funds limit to XXXX $ ). I was charged an overdraft fee before I had time to correct it and automated message was delayed."
7755	"I have a loan with Sallie Mae. Ive made my payments through my bill pay in my bank account. My first payment I made on the first. By thr XXXX I was getting all kinds of emails, calls, etc about it being late. By the XXXX, I figured the check was lost, so I had my bank reissue another one. It didnt get cashed until the XXXX. They also found the first check. The next month, I paid it on the XXXX. I figured it gave plenty of time for the payment to get there by the first. By the XXXX they still didnt log it as received. I called to see what was going on and to say that my payments arent late. They said I need to mail them earlier and that its my responsibility. Theres no way that those payments arent getting there in XXXX let alone the XXXX days it took them to get around to cashing it. They are mishandling them and then charging me late fees. This isnt right. Something needs to be done. They were awful to me on the phone. Basically said that I cant do anything about it. I mean am I really expected to make a payment for the XXXX of XXXX by the XXXX of XXXX to ensure it gets there? For real?"
7756	"On my credit report, they keep on reporting it as a new debt It was filed again in XX/XX/XXXX as a new debt was already reported in XXXX and they keep on refunding it like its a new debt thats got to be illegal. Affecting my credit in a negative way."
7757	"XXXX XX/XX/2021 a {$1.00} Authorization posted against my PayPal account balance, supposedly by XXXX. Today is XXXX XXXX and I still can't get this removed. Almost every day since this appeared I have sent hours and hours on hold waiting to talk to agents and managers or waiting online for their Message Center agents to respond. They all seem to be centered outside of the US and English is clearly NOT their primary language. I repeat the same story over and over to each and they just don't get it. There Message Center response time averages 9 hours each time I post a response yo their response ( no of this is real time ) and their phone queue wait time is averaging 2 hours! So this is consuming my life.They tell me I must get the merchant to remove the charge, but XXXX has assured me the charge is not from them and have given me screenshots that confirm that. However, PayPal won't take my word for it, won't accept the screenshots as proof, or contact XXXX to confirm. They are not willing to admit its a platform error on their part or allow me to submit an online dispute to treat the charge as fraudulent. HELP! I need this charge cleared so I can close my PayPal account. \nThey had previously advised I must delete my current account and create a new one due to Technical irregularities on their platform that prevent me from making transfers out of my PayPal account to my linked external account with XXXX XXXX XXXX XXXX ( another case of fraudulent activity as they hold my money as long as possible to gain interest ) .Their Escalations department stated that they had no intention of attempting a 'fix ' of my issue as they are calling the bug a security \" feature '' for my protection sonehow?"
7758	"I just refinanced my mortgage with Everbank. My loan went through and the old mortgage was paid off. But in the time between the payoff and the automatic payment of my XX/XX/XXXX mortgage ( which was not supposed to be paid ), the bank took out the monthly payment, a mistake on their end, and instead of refunding that payment to me, they applied it to the new mortgage. I told them that I wanted the entire amount that they owed to me to be refunded. I am still waiting. They are telling me that they can only refund a partial amount. It was their mistake, and I want all of the money owed to me."
7759	"On XXXX XXXX XXXX XXXX XXXX XXXX I was sent an email from Paypal that my account was logged into a device named Desktop XXXX XXXX I do not recognize this device and was not the person that logged into the device. XXXX minutes later at XXXX XXXX I was sent another email that a transaction of XXXX XXXX XXXX XXXX XXXX ) was sent from my Paypal Account XXXX It was sent to an account with a name that I did not recognize. This was not a transaction that I performed. XXXX minute later at XXXX XXXX  Paypal XXXX another email about unusual activity to my account. I have not used my Paypal account in years and did not see these emails in my inbox till Tuesday, XX/XX/XXXX. I made a dispute for the transaction with Paypal that day at XXXX XXXX. On Tuesday XX/XX/XXXX at XXXX, I was notified that the case had been closed and they had determined \" there was no unauthorized use. '' I find this difficult to accept because Paypal itself notified me of the unusual activity."
7760	"Starting about a year ago, a credit card named XXXX XXXX, now under Midland Credit Management, started taking me to court about a card that was opened under my name back in 2019. XXXX has already had me in court sessions 5 times. I am trying to resolve this matter, as none of the things brought to my attention involves me. This was not a card I opened, nor do I even know the actual company."
7761	"Called Lowes around XXXX week of XXXX, as I couldn't use my credit card. I was told my card was closed. Rep I spoke to on this day indicated I had missed my payments and asked I contact XXXX for more info. I called XXXX and they had no idea what was going on. They then filed a dispute on my behalf. I checked on status a week later with XXXX. They stated Lowes had closed my account due to my creditworthiness and told me I could call the financial bureau to file a complaint. I spoke to rep at Lowes today XX/XX/XXXX. I let rep know they must give me 30 days notice, rep then stated per their contract they do not have to give me 30 days. Rep states they sent letter out in XX/XX/XXXX through email. Today I looked for a email from Lowes as I did not recall receiving an email by Lowes in this regards. I was able to locate email from XX/XX/XXXX with date XX/XX/XXXX on letter. I made a payment for XXXX on XX/XX/XXXX. I am frustrated this account was closed after making a big payment. I am hoping to somehow resolve this situation."
7762	"I am in the process of selling my home and purchasing a new home. My current home is financed through OCWEN and the sale is scheduled to close on XXXX XXXX. I missed the XXXX 2016 payment and paid it, along with the XX/XX/XXXX payment and the late fee, on XXXX XXXX. OCWEN reported this as a late payment in XX/XX/XXXX, with the account being 30 days delinquent. The lender for my new loan denied my mortgage because of the late payment reporting by OCWEN. Because this was the only time in my near nine-year history of this mortgage that the account was in delinquency status, I requested that XXXX waive the late reporting and was informed that this is impossible because it was not legal to do so. My attorney then contacted OCWEN and requested that they provide a goodwill adjustment, which is a legal withdrawal of a late reporting. They again refused to do so. Their refusal to help a customer who has only had one late payment in almost 9 years caused me to be denied by the lender for my new home purchase. Due to the terms of the sale of my first home, I must vacate that property by XXXX XXXX. I attempted to see if OCWEN would approve me for a new home loan since I can not get approved for a loan elsewhere, and I was referred to their new loan division, Homeward. Homeward informed me that they are currently not writing loans for new home purchases. This leaves me with no home, as I can not purchase a new one, so my boyfriend, XXXX children, and I have nowhere to go. I recognize that I am the one who failed to pay the XX/XX/XXXX mortgage payment, but as I have now paid it and paid the late fee, I feel that I have done my part to make it right. Additionally, the entire mortgage will be paid off in full in six days. I feel that one late payment is not cause for a punishment of a poor credit reporting that results in my denial of a home loan and not being able to buy a new home."
7763	"I had a mortgage loan with XXXX and it was sold to Nationstar. I have been making my payments late due to a cut in income monthly but I have also tried to pay my payments in the month that they are due. I have already contacted Nationstar once last year about the {$73.00} late fee every month that was added to my accounts and after months of sending emails they finally got it corrected and stated that they would have to abide by my contract with XXXX that they had purchased with the late fees stated which I believe are around XXXX to XXXX dollars. I have since emailed Nationstar again several times ( 4 ) and requested that they fix the amount that is showing past due in late fees of {$580.00} and they wrote me back and stated that the late fees would not be waived and I was due for this amount. Maybe whoever looked at the case does not realize that my contract was purchased and can not be changed but they should cause it was told in the numerous emails. I am wondering how many other customer 's are they charging this outrageous late fee to their accounts when in fact they can not be charging it. \nCan you please help me get this situation corrected where I do not have to deal with the numerous emails every month and to make sure this amount is not reflecting as a past due status on my credit report. Thanks in advance"
7764	"I've spoken to XXXX on numerous occasions and even filed a previous complaint. However in trying to get to the bottom of the issues I've have discovered new problems. One being a constant contradiction in information, I was told unverified student loans were given out for more than needed regarding educational expenses to help cover student financial situation while in school ... .. However is said on the promissory note you will not use funds for anything other than educational expenses ... .. which on the contract is signed with a computer generated x, ( not my signature ) nor was ever discussed. Secondly I was told when the loan was originated the interest rate was 15 % total amount paid would be XXXX XXXX. ( just recently discovered as disclosure was never given ) When I began paying the loan it was 5 %, and had changed as it is variable ( still waiting on the details of all interest rates ) yet I will still pay XXXX XXXX??? How is That? It should have changed with the changing interest. I was also never given the disclosure, when I called and asked for all documentation that would have been given on the day of origination I was given the promissory note but no disclosure, when I filed a complaint the disclosure was sent ... ..interesting. thirdly, I was told after 24 payments my cosigner would be dropped, wrong again must pass credit worthiness, which means a hard pull on my credit. Which I've already tried and was denied. I was denied to refinance with two separate cosigner, one of which was the original  cosigner. I can no longer afford payments and there is no help offered by XXXX. Ive already paid XXXX XXXX the loan was for XXXX XXXX and I still owe XXXX XXXX ... ... this loan has broke me and I'm left without options"
7765	"I am submitting this complaint because I am being extremely affected by Credit Managements actions. They are being completely unfair and I dont know how to get ahold on them but through this portal.\n\nI want to express that I have suffered a big impact in my credit score and I have lived one of the worst periods of my life with all this situation.\n\nThis company has been reporting wrong information, re-aging the account, they have failed to mark account as disputed, they have also reported multiple billing errors by charter Internet ( original creditor ) and unfair business practices. \n\nThe account information is the following : Account Name : CREDIT MANAGEMENT, INC Account Number : XXXX Original Creditor : XXXX XXXX. \nOpened Date : XX/XX/2019. \nHigh Balance : {$72.00} My demand is based on many damages and all the violations that they have committed : I WANT THIS ITEM REMOVED FROM MY CREDIT REPORT ASAP. \n\nPlease sed the attached documentation to this company. \n\nThank you."
7766	"I was working for XXXX online company for months and I was issued a check for {$3500.00} for the work I had performed for the company. I deposited the check into my account with Bank of America. I found out the check was not legit, and spoke with XXXX, which was the guy I was working for, told him about the issue and he issued me another bad check. I again submitted to BOA, at this point I had balance on my account for {$340.00}. Bank of America closed my account, and I had XXXX deposits over {$200.00}, which BOA kept, and would not release back to the employer. This all took place XXXX of XXXX, and its now XX/XX/XXXX I can not access my account, and Bank of America has made all this XXXX  charges to take the funds in my account before I deposited any check. I have spoken with several representatives, and every time I have been told a different story. I feel if the checks were not legit, and was not deposit into my account, then I understand not receiving the funds. I am demanding my full refund of my funds that was deposit into my account before and after the deposit of the checks which to my knowledge totaled over {$700.00}."
7767	"Square Financial Services deposited funds into an old, closed bank account that I have not used since XXXX. I never authorized this transaction to go to that account, and my current bank account is properly linked in my Square account. \nI contacted Square immediately after noticing the error. I requested a trace number or confirmation of the return of funds. They initially acknowledged the issue and requested a letter from the bank confirming the account was closed. I provided this documentation, and after that, Square stopped responding. \nIt has now been over XXXX business days since the deposit was made into the closed account. The receiving bank has confirmed that the account was closed in XXXX and that no funds were received. Square has failed to initiate a reversal, retrieve the funds, or respond with any resolution or trace number. \nI believe they are withholding my money without cause, and Im left with no clear path to recover my funds. \n\nThe transfer was for {$390.00}, made on XX/XX/XXXX."
7768	"Conns XXXX XXXX continues to inaccurately report an account that was paid offf-settled in full as a charged off account owing a balance of {$2900.00} to XXXXThis has prevented me from finding a suitable home."
7769	"I am still awaiting documents that shows that a no cashout second mortgage was explained and approved by myself and spouse at the end of paying off a {$60000.00} and after XXXX  years of residents at this address. For these kinds of mortgage that Wells Fargo reported as legal. There should be a XXXX XXXX to the originator that include goodbye and welcome statement from each companies involved with transfer And all agents involved. I have paid an additional {$64000.00} cost of another condo. Paid to Wells Fargo who expect another {$120000.00} to be paid due to sign documents that are questionable. The first company located in Tennessee."
7770	"In XXXX of XXXX Bank of America reported a 30 day late to the credit bureaus which is incorrect. I make my payment on time every month. There was a balance that I was not responsible for due to Fraud but I still made my payment. Bank of America confirmed this was an error and said nothing was reporting 30 days late during this period however it still shows on my credit. I requested Bank of America to correct this on multiple occasions with the credit bureaus and when I followed up with the credit bureaus and disputed this inaccurate information they advise that Bank of America confirmed the 30 day late in XX/XX/2017 but when speaking with Bank of America they advise nothing was confirmed and to open a new dispute with the credit bureaus but I was informed a new dispute could not be opened. I am requesting the inaccurate 30 day late reporting in XX/XX/2017 be removed from my credit history"
7771	"On XX/XX/XXXX, I received alerts from credit monitoring companies saying that a hard inquiring hit my credit from XXXX. I also noticed in my email there was a temporary credit card for XXXX XXXX XXXX XXXX. I called XXXX XXXX XXXX XXXX and told them this wasn't something I did so they canceled the temporary credit card and account and transfered me to Synchrony Bank ( SYNCB ) to do the same. Synchrony bank did the same and said this would take a little time to get taken off my credit and that I should contact the Federal Trade Commission to file my complaint."
7772	", I am filing a formal complaint against American Express ( AMEX ) regarding their debt collection practices, which I believe violate Regulation F of the Fair Debt Collection Practices Act ( FDCPA ), issued by the CFPB. \n\nDetails of the Complaint : XXXX. Failure to Provide Validation Notice : AMEX failed to provide a proper validation notice, which should include a breakdown of the debt, the creditors name, and my right to dispute it. \nXXXX. Excessive and Unwarranted Contact : AMEX has engaged in excessive phone calls, digital messages, and other forms of communication, violating the communication limits set forth in Regulation F. \nXXXX. Harassment and Misrepresentation : The company has used misleading or aggressive tactics to pressure me into making payments without verifying the accuracy of the debt. \nXXXX. Unverifiable Debt Collection : AMEX has attempted to collect a debt that they have not properly verified, violating my consumer rights under the law."
7773	"After being a value customer with American Express for over XXXX years. I've never miss a payment nor been late with a payment for over XXXX years. Amex frozen all my credit cards for no reason at all. I called in to speak with a supervisor name XXXX with my Attorney XXXX XXXX XXXX XXXX. XXXX, the supervisor said that the reason for my credits cards being frozen was because a change in my spending habits. Meanwhile, I pay off all my credit cards balances prior to the due date. This way I'm saving myself interest. Then she express, that if I don't send in my financials my credit cards will be permanently closed for good. Which will destroy my credit score moving forward. All the years of being a great and value customer with American Express it appears they are now doing shady business practices. Due to American Express not making interest on me. They're being unreasonably unfair."
7774	"Issue : Credit card promotion not honored What happened : I have a Chase Freedom Unlimited credit card. Chase advertised a promotion for {$100.00} cash back on a $ XXXX Chase XXXX XXXX made between XX/XX/year> and XX/XX/year>. I made a qualifying purchase of {$1300.00} on XX/XX/year>. A few days later, I added the offer to my card in the Chase app. Chase has refused to provide the promotional {$100.00} cash back, saying that I did not activate the offer until after the purchase. \n\nWhy I am filing : The offer terms shown in the Chase app ( screenshots attached ) do not clearly state that activation was required before the purchase. The conditions only specify that the purchase must be made during the offer period and meet the spending threshold. I acted in good faith, used Chase XXXX within the valid dates, and fully met the spending requirement. Despite multiple escalations with Chase customer service, they continue to deny the reward. \n\nI have been a loyal Chase customer, regularly using this card and other Chase products. The refusal to honor the promotion over an unclear technicality undermines trust in Chases advertised offers."
7775	"I am writing to formally express my concerns and frustration regarding the XXXX data breach that occurred in 2017. As a victim of this incident, my personal and financial information has been compromised, leading to significant distress and ongoing issues with identity theft. \n\nSince the breach, I have experienced unauthorized access to my accounts and have incurred financial losses as a result. Despite taking preventive measures, including placing fraud alerts and credit freezes, I continue to face challenges in securing my identity. \n\nI urge XXXX to take responsibility for this breach and provide adequate support to affected individuals like myself. This includes enhanced identity theft protection services, timely notifications of any suspicious activity, and assistance in resolving any related issues. \n\nI hope to receive a prompt response addressing my complaint and outlining the steps XXXX will take to rectify this situation for its victims."
7776	"THE BUREAUS XXXX XXXX XXXX XXXX XXXX XXXX, IL XXXX {$4400.00} Open balance I have never had an account with this company. \n\nI called them and they said I owed half of that for a store credit card, but refused to delete from my report."
7777	"Attempts to collect debt are still Continued- per Sallie Mae credit is paid on their end as reported here on previously filed. I have asked for a verification of debt and have asked for their XXXX license number to verify they are legally allowed to collect in NJ. I sent to letters and repeated have been asking for managers and either get that someone will return my call or they hand up on me when I ask for their license information. Under the follow laws I am Entitled to validation for 15 U.S. Code 1692g - Validation of debts"
7778	"TD Bank provides varying information between the contact center and branch regarding closing an account. \n1. Contact center states account closed within 3 business days, after request is sent to the back office for processing but the branch can close account sooner.\n\n2. Branch states account can not be closed sooner due to varies/conflicting information ( i.e. pending account activity ) Branch Manager XXXX XXXX ( TD Bank, XXXX XXXX XXXX, XXXX, MA ) was abrupt and defensive when questioned about inconsistencies in procedures for closing the account. See attached letter for details."
7779	"Hello, since XXXX XXXX Ihave not been able to access to my account From Coinbase has been frozen for ID Verification Issues, and then requests my personal information in a safe link, all documentation has been provided but is almost one month and they have not resolved my problem, they have been continuing not resolving my problem, they dont provide to me a timeline for resolution or any plan to return my funds My number case # XXXX"
7780	"In XXXX XXXX, I was checking my credit through XXXX XXXX and saw the derogatory from XXXX XXXX now MIDWEST RECOVERY, This is for {$1100.00}. This is in the : XXXX XXXX XXXX XXXX XXXX XXXX XXXX XXXX, XXXX, WV XXXX ( XXXX ) XXXX I called them in XX/XX/XXXX and again last week. They said they sent something to correct this back in XX/XX/XXXX but the derog is still there. From called them again last week they said they would send me a letter ( which has n't arrived yet ). \n\nOn XX/XX/XXXX, I sent a a complaint to XXXX ( confirmation # XXXX ) and they responded back saying it was mine because of the social security number. The social security number is mine but its not me. Someone else is using my social security number."
7781	"This is XXXX XXXX, who is submitting this CFPB complaint myself, and to inform you that there is no third party involved in the process. I sent letters to Experian Credit Bureau the date of the last letter was on XX/XX/2021. And now we are in the month of XXXX XXXX still nothing from them. That means Experian has NOT complied with the FairCreditReporting Act law and continued to report inaccurate information on my credit report. UPDATE OR REMOVE THESE FOLLOWING ACCOUNTS COMPLETELY FROM MY CREDIT REPORT : XXXX XXXX XXXX XXXX XXXX XXXX"
7782	"On XXXX 2025. I placed it order for XXXX  using Zip pay later, website to XXXX, XXXXXXXX XXXX XXXX XXXX \nDue to the fact that it was on XXXX day, XXXX XXXX was closed and the order was canceled by XXXX  because all this grocery stores in my surrounding area was also closed. \n\nBut Zip it's still charging me for the items i never received in installment payments."
7783	"On XX/XX/XXXX, JPMorgan Chase dishonored a check we wrote even though the account had sufficient funds to pay the check. When we called the bank, we were told that the account was blocked because of a fraud issue with a check we had not written. At no time before we called did the bank notify us of the problem or that it intended to dishonor our checks. After we communicated with the bank, the bank informed us via email that before dishonoring additional checks, \" Fraud Services will notify you by email and/or phone when outstanding items are presented for payment to confirm if these items should be paid. '' In fact, the bank continued to dishonor our checks and did not inquire of us whether any checks should have been dishonored or paid. In all, the bank dishonored 17 of  our checks even though the account included sufficient funds to pay all the checks. We have suffered significant embarrassment, our credit may have been damaged, and our counterparties may no longer be willing to do business with us. We supplied the bank with a list of the dishonored checks and asked the bank to honor them and to contact the payees of the dishonored checks. The bank did not do either of those things despite agreeing to do so. We want the bank to make us whole by honoring the checks that were dishonored, notifying the payees that the bank made an error to minimize our embarrassment, and notifying the credit bureaus if that should prove necessary to prevent damage to our credit records.. Given that the bank failed to follow its own procedures as stated in its email, we also wonder how common this occurrence is and how many other Chase depositors have been similarly afflicted. We urge the Bureau to investigate whether the bank is conducting appropriate verifications before wrongfully dishonoring checks and damaging consumer relationships with payees."
7784	"Hi there. This is my story with Bank of America. I. since I get to in the United States in. XXXX XX/XX/XXXX I opened the account with Bank of America and they are keep charging me fees monthly fees and I might very lower income and I start from 0 from scratch from other country I came here as a refugee and they keep peeing me overdraft me give me fees and last time I get fees from OK Starts from XXXX and. I close my account with Bank of America, I believe. and I remember in XXXX. XXXX or XXXX. XXXX I believe XXXX I closed the account with Bank of America and the reason why I close with them there is too much fees monthly fees over the draft fees and also they charge me one time for for missing understanding check deposit and they charge me XXXX {$5.00} for this and they keep until I. close the account with them and I go with the chess bank with the XXXX XXXX XXXX Bank and. I deserve to compensation for this fees on this time hard time with them from XXXX until XXXX this Bank of America at so much make. headache to me and make me struggling every month which is a my income is solo. Thank you for help me and I wish. you understand what's come from. Thank you"
7785	"XX/XX/XXXX I applied for a XXXX XXXX credit card through Credit Karma 's Karma Guarantee. The guarantee says if I am declined, I receive {$50.00}. On XX/XX/XXXX XXXX contact Credit Karma asking about when I'll receive the email to claim the payment. I keep receiving the same script over and over, even after providing proof that what they are saying about the application being unfinished is false. \nThe case number for my help through Credit Karma is XXXX XXXX"
7786	"My credit issue is with the World Finance. Contact information is as follows : Local office : XXXX XXXX XXXX XXXX XXXX XXXX XXXX XXXX XXXX LA XXXX XXXX : XXXX XXXX XXXX  The creditor is engaging in intrusive harassment tactics. \nMy bill is 7 days overdue. I have no history of missing payments. They never made an attempt to reach out to me directly ( supported by my phone and email records ). On this day, XX/XX/2023, they contacted a relative and my employer about my bill being 7 days overdue. \nI called the branch immediately and the manager of the branch confirmed that she contacted my employer and another third person to discuss this matter in violation of federal laws. \n\nUnder the Fair Debt Collection Practices Act ( FDCPA ), debt collectors are generally prohibited from communicating with third parties, including your employer, about your debt. \n\nUpon request, my unedited phone logs can be provided."
7787	"I am filing a complaint against Cash App ( Block , Inc. ) due to inadequate customer service and unfair practices, which violate the Consumer Financial Protection Act ( CFPA ). Specifically, C ash App failed to take timely and effective measures to prevent and address fraud on their platform, leaving my account vulnerable and unprotected.\n\nFurthermore, their dispute resolution process was unfair and deceptive, as they did not comply with error resolution requirements under the Electronic Fund Transfer Act ( EFTA ) and Regulation E. These actions have caused significant inconvenience and financial loss, and I seek appropriate redress for these violations."
7788	"Columbia Debt Recovery LLC/DBA Genesis is reporting to ALL 3 credit bureaus that I owe XXXX XXXX XXXX XXXX in XXXX, TX. This is not my debt and the person who the debt is for called and told them that she was the one responsible for the debt. I have No knowledge of this debt. They are reporting a balance of {$5000.00}."
7789	"I am writing to express my concerns regarding Zelles handling of disputes, particularly in light of the recent cfpb lawsuit highlighting significant issues with the platform. Despite using Zelle numerous times and reporting discrepancies, my financial institution and Zelle failed to investigate my claims adequately. They informed me recovering lost funds was impossible and that tracking these transactions was unfeasible."
7790	"This is a complaint filed again from previous complaint XXXX filed and closed on XX/XX/2018. Southwest Recovery responded that they do not have information locate credit file. Of course they do not because they don't have the correct spelling of my name, my accurate address or my correct full social. I am asking that they send me the valid copies of documents they used to verify this account before reporting this account to XXXX. I am enclosing the Notice to Furnishers I received from the FTC, the correct and true proof of my address and two copies from my XXXX  credit report showing this collection account. The account number that I provided in the previous complaint is as it is on my XXXX  credit file. They want me to give them my information, which they need to be giving me what they have on file to support this collection account."
7791	"On XX/XX/2024 at XXXX I received an email that XXXX was sent without my permission from my account XXXX. My wallet was hacked and {$10000.00} aprox was stolen. \n\n\nI got a message that stated. \nYou sent XXXX XXXX via XXXX network To : XXXX If this wasnt you, lock your account immediately. Then, change your password. \n\nI called XXXX and they told me they froze my account and started an investigation but I have not heard back from the supervisor."
7792	"I have XXXX accounts on my report by XXXX XXXX  showing closed XXXX since XXXX an the other XXXX however the Bureaus are still reporting them as delinquent and past due. Please have these accounts deleted and updated asap."
7793	"XXXX XXXX XXXX is reporting a {$990.00} collection tradeline on my clients TransUnion credit report under her name, XXXX XXXX, dated as opened XX/XX/year>. She was never notified of this debt. No letter was ever sent. She was never given the chance to dispute or request validation. Despite this, Torres began collection efforts and reported the account to a credit bureau. \n\nThis violates 15 U.S.C. 1692g ( a ) of the Fair Debt Collection Practices Act ( FDCPA ), which requires debt collectors to send written notice within 5 days of initial contact, including the right to dispute. They never did. Reporting the debt without verifying its accuracy also violates 15 U.S.C. 1681s-2 ( a ) ( 1 ) ( A ) of the Fair Credit Reporting Act ( FCRA ). \n\nThe alleged account is also time-barred under Pennsylvania law XXXX XXXX XXXX has had no utility account that could possibly relate to this debt in over four years. That makes it legally uncollectible under 42 Pa. C.S . 5525 ( a ) ( 8 ). Torres failed to disclose that the debt is time-barred, which violates 73 P.S. 2270.4 ( b ) ( 5 ) ( ii ) of XXXX XXXX XXXX XXXX XXXX XXXX ( XXXX ). \n\nWe sent Torres a formal legal demand letter instructing them to delete the tradeline, stop all collection activity, and produce sworn declarations and documentation supporting their authority to collect. We also warned that failure to comply would result in a complaint to the CFPB and the Pennsylvania Attorney XXXX XXXX XXXX XXXX XXXX. \n\nWe are demanding that Torres : 1. Permanently delete the tradeline from all credit reporting agencies.\n\n2. Immediately cease collection activity.\n\n3. Provide full validation, assignment documentation, and mailing records under oath.\n\nThey should not be permitted to continue reporting this unverifiable and time-barred account. This is a serious violation of federal and state consumer protection laws, and we request the CFPB take enforcement action."
7794	"b'Chase bank makes it hard to file a claim/dispute when I click and option to go to the claims department to file a claim it doesnt even take me to claims department and I always have to ask and the overseas calls centers do not make it easy since they cant understand English to well either and chase used to have a American 24/7 call center for claims and they do not know which causes me to have to wait to make a dispute till the next day and plus I get hung up on too'"
7795	"On XX/XX/2020 I was charged {$470.00} for student loan payment. Per the COVID-19 emergency relief period I'm eligible for a refund for payments made after XX/XX/2020. I've contacted FedLoan Servicing and they said they made a request for a refund, but it could take up to two months. I followed up after two months when I haven't received the refund, but I can't get FedLoan Servicing to respond."
7796	"VALIDATION AND CEASE AND DESIST Dear Sr : Re : Name : Address : Account # : I received a debt collection letter from you. Do you have the right person? Can you supply me with a contract or agreement signed with your company or the Creditor. \nPURSUANT TO THE FDCPA, I WOULD LIKE THE FOLLOWING PROVIDED : THE NAME AND ADDRESS OF THE ORIGINAL AND CURRENT CREDITOR VERIFICATION OF THE DEBT AMOUNT THAT YOU ARE SEEKING TO COLLECT SHOWING THAT A CONTRACT EXISTS CREATE THE AMOUNT THAT YOU CLAIM IS OWED. \nALL THE ASSIGNMENTS SHOWING THE DEBT TRANSFER FROM THE ORIGINAL CREDITOR TO THE CURRENT CREDITOR PLEASE PROVIDE ME WITH PROOF THE DEBT WAS SECURITIZED BY THE ORIGINAL CREDITOR PLEASE SHOW THE ASSIGNMENTS OF THE DEBT FROM THE ORIGINAL CREDITOR TO THE SECURED TRUST AND THEN BACK TO THE ORIGINAL CREDITOR PLEASE CEASE AND DESIST FROM COLLECTING ON THIS DEBT UNTIL YOU HAVE VALIDATED THE DEBT. \nPlease do not look at my credit report or report anything to my credit I dispute I owe this debt amount to you and that dispute should be stated on my credit report if you have reported this debt. \nPERMISSABLE PURPOSE Please State why you have a permissible purpose to contact my credit. I dispute this. IF YOU PASS THIS ON TO ANOTHER COLLECTOR I dispute I owe this debt to you. If you pass this on to another debt collector, please provide them notice of my dispute to owing this debt. Thank you for your immediate cooperation."
7797	"I went to purchase a product for {$6700.00}. I went through bank of America after putting a {$1000.00} down with another credit card. I took the title to XXXX in XXXX, MD. XXXX said they are very aware of this company but this is not the company that sent me the title. I called the company so I can go and pick up the trailer. I can not haul the trailer until I have it registered and start my business. However, the person who gave me the title have no right to give me the title for this. I have the title but no product. Bank of america told me the company have 10 business days before giving me a temporary credit. I called Thursday XX/XX/XXXX. BOA said they are giving the company until Saturday XX/XX/XXXX. I called and was told the pet in BOA is closed that day. The rep said he is not sure why they told me that but he also saw it in the notes that they told me that. He told me to call BOA Monday because they are going to give the company until over the weekend to respond. I call Monday morning. Was told by a supervisor that all XXXX reps lied and did not tell me the correct information. I have to wait 45 days for them to investigate it. They said they would grant me a temp credit at first now they will not. They have not done anything with this investigation because I believe BOA know this company is a fraud. XXXX is also doing a investigation on this company. I purchased this through BOA thinking that my money was safe. I will be sure to remove all my money from BOA after this because I now see that they can not be trusted. I am a single mother who saved up for this business through what I thought was a trusted bank and this bank is not to be trusted"
7798	"SoFI BANK knew I was in the hospital when I contacted them to do a transfer and instead locked me out of my account using immigrants for no reason. They discriminated and suggested my money was from fraud instead of the government and made it a point to deny me due process in my transactions which left me homeless and hungry and in the hospital. The bank intentionally caused me emotional distress and XXXX. They also put me in danger of being XXXX by predators who stalk women on the streets."
7799	"Our house burned down, in XX/XX/2017 fires. Mortgage company is not releasing funds, and we may lose our builder, even though house is more then 50 % done. They won't let us talk to a supervisor, and they won't fix the problem. Why do they act this way?"
7800	"This debt has previously been attempted to be collected. I have filed two complaints with CFPB regarding their credit reporting tactics. This has popped up on my credit as a collection when it has been communicated to me that it would not be. This needs to be removed due to the misleading and dishonest collection tactics. Attached are copies of the previous complaints for the same exact reason, which was remedied in my favor. Please remove the collections from all credit bureaus and cease further reporting in the future! \n\nThis should not have been reported to the bureaus and needs to be removed IMMEDIATELY just as the previous collector determined was the appropriate thing to do. XXXX  is in violation of XXXX. XXXX. Code 1788.14 andSection 605 ( a ) ( a ) of the federal Fair Credit Reporting Act ( 15U.S.C. Sec. 1681c )."
7801	"I made an account with Chase Bank, and Have an agreement with chase that there would be a XXXX bonus credit put into the account upon a direct deposit being entered In to the account! On XXXX XXXX my check which qualified and triggered the XXXX bonus offer was added to the account via direct deposit totaling XXXX direct deposit, flaked to personal bank XXXX, and manager as well as the marketing team which was unable to add the bonus in the account within a XXXX day time frame as the app discussed XXXX manager and marketing team admitted via live recorded phone call that I qualify for the credit and that it will be there on Tuesday instead of today or tomorrow? Phone call was on Friday XXXX XXXX at XXXX with manager!"
7802	"On XX/XX/year>, I woke up on my payday XXXX  find only {$1.00} in my XXXX account, despite having received my paycheck. After reviewing my account activity, I saw that XXXX had taken nearly my entire paycheck through overdraft fees, which had accumulated XXXX  approximately {$500.00}. I immediately called customer service, and they told me there was nothing they could do unless I brought the account XXXX  a positive balancebut I could not do that because they had already taken all of my money. I was left with only {$1.00} XXXX  survive on for XXXX weeks. \n\nThen, on XX/XX/year>, I woke up again on payday to see my account at negative {$14.00}. Despite another deposit, I am once again left without access XXXX  my funds. I called XXXX again and was told the same thing : there is nothing they can do. \n\nThis has become a recurring cycle, XXXX  XXXX has shown no willingness XXXX  help or stop the overdraft charges. I did not spend $ XXXX is a result of Chases own fees stacking on top of each other. Today, I checked my account XXXX  now see a negative balance of {$480.00} due XXXX  overdraft charges alone. \n\nI feel like XXXX being punished XXXX  drained of my livelihood. I am asking for an investigation XXXX  for my money XXXX  be returned. This is an abusive banking practice that is causing real harm XXXX  my financial XXXX  personal wellbeing."
7803	"This CFPB complaint has been filed to request pursuant to FCRA 605B ( 15 U.S.C.\n\n1681c-2 ) that you, the Equifax Information Services , block information appearing on my consumer credit report that is the result of identity theft and fraud within 4 business days of you receiving this complaint. The following items do not belong to me and is a result of fraud that I did not authorize : Also, would like to have all addresses and names REMOVED from my credit report, except for my only name and address listed below : Name : XXXX XXXX Address : XXXX XXXX XXXX XXXX XXXX XXXX XXXX  XXXX ACCOUNTS : XXXX XXXX XXXX - Account Number : XXXXXXXX XXXX XXXX XXXX XXXX XXXX XXXX XXXX XXXXXXXX, Date Opened : XX/XX/year>, Balance : {$11000.00}"
7804	"On XX/XX/2020 an attempt was made to open a credit card account under my name. I immediately reported it as fraud, and the account was closed. I then proceeded to place a freeze on my credit report with the 3 agencies. On XX/XX/2020, I received another notification that the same credit card company pulled my credit report from Experian. Experian allowed my credit report to be pulled on a frozen account. I want all inquiries from XXXX XXXX/XXXX  removed from my credit report, and for Experian to actually freeze a frozen account. Experian does not provide a way to actually talk to a representative, so this is my only option. \nCredit Freeze reference number : XXXX"
7805	"I checked my credit and saw an account from enhanced recovery for {$920.00} for XXXX. My granddaughter used my information to obtain a cell phone. I'd like to negotiate payment of {$400.00} for the balance to be deleted from collections. That's all I can pay as I have been furloughed due to COVID19."
7806	"The school that I attended and was paying my loans on the XXXX XXXX XXXX XXXX actually went bankrupt and they continue to have me pay back the loan. I was told that I didnt have to pay back the loan. I've filed out the discharge paperwork to XXXX XXXX and still find this on my credit report. The school closed XXXX of XXXX  and payments were good until I was told otherwise."
7807	"To Whom It May Concern : I believed BofA had committed a fraud on my EDD Benefit Payments. \n\nOn ( XX/XX/2021 ), EDD had paid me 4 ( {$1500.00} ) and 1 ( {$750.00} ) benefits payments to my BofA Card. On the same day, BofA emailed me that 1 ( {$1500.00} ) and 1 ( {$750.00} ) was denied????\n\nI called BovA, they told me that the rest of the payments will be deposited later because BofA wont allow too high of a payments transferred in one day. \n\nAs of today, ( XX/XX/2021 ), Bank of America, still hasn't direct deposited the missing payments of 1 ( {$1500.00} ) and 1 ( {$750.00} ) from my last EDD payment. \n\nI checked my XXXX XXXX XXXX  deposit, still ONLY, 3 ( {$1500.00} ) was deposited from the ( XX/XX/2021 ) payments. \n\n* Missing 1 payments of ( {$1500.00} ) and 1 payment of ( {$750.00} ) have NOT been direct deposited to my XXXX XXXX  account. \n\nI had received 1 ( {$1500.00} ) deposited ( XX/XX/2021 ) BUT is for this week EDD certification, NOT ( XX/XX/2021 ) payments. \n\n\nhelp, XXXX XXXX"
7808	"I received a letter in the mail XX/XX/year> to my home address from Oxygen XL XXXX XXXX XXXX XXXX XXXX XXXX XXXX. For a debt of XXXX on an Apartment rental in my name that I never made. I NEVER LIVED in NEW YORK so I dont understand why the company proceed to mail me knowing by the obvious I live in Texas and this resident address in nowhere in my credit history or anything. I did file a dispute on their website to let them know the DEBT IS NOT MINE. Which Im sure they know since they did find my address which is a Texas residence that I dont have listed on my ID. I live with a friend so technically I am homeless so I dont understand how they can comprehend to send this letter instead of investigating with landlord on who was paying them monthly because I am XXXX etc percent positive it wasnt me."
7809	"I received a e-mail form XXXX XXXX about a Pre-Approved loan for debt consolidation. This e-mail was sign by XXXX XXXX XXXX Loan Officer. The scam or fraud was to get money out of my account or the bank using bad checks. Union Bank XXXX Fraud Management did a XXXX investigation for the bank and fixed the blame on me but the checks went through the bank and they did not put a hold on them plus the bank do not have a system to check for a bad check. The scam was to put checks into my account and for me to return there money through XXXX. The bank close my accounts and I could not pay my bills for the month XX/XX/XXXX. I am sending you all of the information for this case so you can see if you can do anything for me. Union Bank still want me to pay {$2000.00} for XXXX checks."
7810	"Tried to make my payment in XXXX but was locked out of online payments, would not let me talk to anyone or make a phone payment. Called in XXXX and was told they would not accept my payments. Now they are trying to foeclose."
7811	"Selene Finance is the servicer of my loan. Selene refused to properly complete a loan modification review for me prior to completing foreclosure of my property located at XXXX XXXX XXXX, XXXX XXXX, NJ XXXX. My home was sold for substantially below fair market value and Selene XXXX have refused to rescind the foreclosure to complete my review as is required by the OCC Remedial Framework."
7812	"Select Portfolio Services is charging excessive fees for a foreclosure that was dismissed XXXX year prior to my lloan being transfered from XXXX XXXX XXXX, who was sued by CFPB. My loan was transfered to SPS instead of being properly serviced. Select Portfolio Services has also misapplied payments made to my loan and has taken over {$150.00} interest monthly from the mortgage payment as attorney fees instead of servicing the loan with the payment. \n\nSelect Portfolio has co-mingled my mortgage loan payment with these bogus fees... According to XXXX XXXX the fees only totaled {$470.00}. Why is my mortgage payment being used to pay off fees that acure {$150.00} interest monthly. This means that neither the mortgage nor the \" attorney fees '' will ever be paid off. These fees should not be comingled with my mortgage and should be billed and collectedseparately. \n\nWhen I asked to pay off the fees they took the payment and instead reapplied it to montlhly payments and took feee from the payment instead of applying to these bogus fees. SPS obviously is unfair in its practicies and i HOPE AND PRAY that government will intervene in ensuring that SPS is fair in its trade practices."
7813	"AMEX can not supply proof of payment via statement stated XX/XX/2023 for payment in the {$14000.00}. It is not available online as well. They can not offer an explanation as to why the statement did not generate with my payment details. Due to the large payment amount I need proof of transaction. It is not listed on the XX/XX/2023 or XX/XX/2023 statements."
7814	"There were purchases made on my Home Depot card that I did not make. I only shop at the Home Depot located in XXXX NY however there were charges made fraudulently online and elsewhere that I have no knowledge of. These charges were made using an email and phone number that is not mine. Home Depot denied my claim."
7815	"In XXXX  PayPal randomly decided to ban my account for no reason other than the fact that I was personally scammed by somebody. It seems that theyre punishing me for being the victim of a scam. \n\nI want my account reinstated, that they did not provide any explanation as to why it was banned, nor did they provide an option for an appeal. \n\nIt is not right to randomly banned somebody for them being the victim of somebody else elses financial crimes. I want my account back."
7816	"I paid {$290.00} on XX/XX/XXXX to reserve an XXXX XXXX for my marriage anniversary on XX/XX/year>. The XXXX XXXX was unsanitary and unclean from the previous occupants when I arrived on XX/XX/XXXX. I sent pictures to the host to confirm the room 's uncleanliness and informed them immediately that I couldn't tolerate the mess. I also asked for a refund. The host agreed to reimburse me within seven days. On XX/XX/year>, I inconveniently paid {$430.00} for a hotel room at the XXXX due to the XXXX XXXX being dirty. Two weeks pass, and my reimbursement has still not arrived. I contacted the host again to inquire about my refund, but I never heard back. I then contacted Navy Federal to contest the transaction. While conducting their research, they first gave me a refund. However, two weeks later, they said that I had broken the cancellation policy and that, in accordance with XXXX XXXX, they had not broken any terms or conditions. As a result, I have paid {$290.00} for a dirty room that I had not stayed in. If the XXXX XXXX had been as clean as it was supposed to be, I would not have canceled. They didn't make sure the room was clean when I arrived, which is against the regulations. I contacted Navy Federal again today to discuss the results and they told me the dispute was closed, the final decision was up to XXXX and for me to seek legal help if I want my money back because it was nothing they could do for me."
7817	"I had 11 months left to pay off on a 5 year loan with Wells Fargo for my XXXX XXXX. I spoke with a representative about a late payment which we came to an agreement for me to pay {$800.00} out of the {$1600.00} that was owed which I did. I was contacted my Wells Fargo at my job several times about my vehicle was scheduled for repossession. Even after I told them about the payment arrangement. One day they called my cellphone and stated that I lied about my place of employment because they went to repo the vehicle and couldnt locate it. I explained to the person on the phone that there are several courts in the county that I worked in but still didnt understand why my vehicle was being repossessed after paying what was agreed upon. The person continued to explain that they didnt want the money any longer and wanted the vehicle. They explained that they have refunded the {$800.00} I paid via a check in the mail and the vehicle WILL be repossessed and legal actions will be taken if I dont comply and return the vehicle. I was so confused and scared that I left the vehicle outside of the garage one night and sure enough the next morning it was gone and a week later a received a check for {$800.00}. Later they told me they sold the vehicle for {$9000.00} and that I need to pay for the difference. I didnt do it. Needless to say is I had less then a year to pay off the vehicle after paying for it for 4 years. This really devastated me. It was placed on my credit report as a repossession. It made it difficult for me to purchase another vehicle. Once I was able to obtain another vehicle I had to start all over again with a 5 year loan. I received an email some time ago about the lawsuit but never heard anything from anyone about the outcome. Please contact me either way."
7818	"On XXXX XXXX, 2015 a freeze was placed on my checking account. The original freeze on my checking account totaled {$320.00}. On XXXX XXXX, I made a debit card purchase for {$19.00} and the bank refused to pay. On XXXX XXXX, 2015 my employer deposited a checking into my checking account for {$1000.00}. On XXXX XXXX, 2015 the bank confiscated my payroll check from XXXX XXXX, 2015, for {$1000.00}. My check was garnished for child support prior to direct deposit from my employer. I asked the bank manager at XXXX XXXX XXXX XXXX XXXX, NC with no resolution on XXXX XXXX, 2015 and again on XXXX XXXX, 2015 thorough phone and in person. Moreover, Fifth 3rd bank did not confiscate monies in my saving account, WHY NOT?"
7819	"Attended a school named XXXX XXXX. The school took a loan from Navient. I left XXXX after attending a few months. The school closed and became XXXX College. XXXX College closed and became XXXX College. However, it 's impossible to locate the transcripts from XXXX because it closed. It 's impossible to show proof that I attended that school. Thus, proving that the school is a scam school, which works with companies like Navient in order for both Navient and the school to take away money from the student. In other words, the school disappears, but Navient still demands payments. Money that they should n't have taken from a scam school, but still took. Navient now expects me to pay {$21000.00} for only attending a few months. Money that I should n't pay because it was all a scam. This money should be paid by the scam school."
7820	"On the Regions ATM machines, they claim to accept XXXX bills at a time. I confidently put my XXXX XXXX dollar bills that we had just received from selling our car to deposit into our checking account to pay off a card. The machine took my money, returned my card and issued me a receipt saying that There was an issue returning my cash and for me to contact my financial institution immediately. I did not move. I called the bank from there and even inserted my debit card again to assure myself that the deposit and withdrawing options were unavailable, which they were. I attempted with two cards. The bank opened a claim and told me it could be up to 10 days. I called a few times and they continued to tell me it hadnt been 10 days. The 10th day came and went. I called and they had closed my claim saying there was no merit in depositing the money in the clients account. I told them they were robbing me and calling me a liar. They reopened the case using the picture of the receipt that the atm gave me. I reminded them that there are cameras and that I inserted my other cards. They were able to see my other actions and the error of the atm. I am still waiting to he contacted and for my money. They are thieves and treat their customers like liars"
7821	"I would like to request the suppression of this item from my credit report. The company has no agreement & is potentially fraudulent item origination and identity theft. This fraudulent item should be DELETED from appearing on my credit report pursuant to SECTION 605B OF THE FAIR CREDIT REPORTING ACT. I am trying to obtain credit and it is causing me too much emotional and financial distress because of this item that does not belong to me which is reported erroneously. I am in desperate need of this item to be INSPECTED and BLOCKED. \n\nXXXX - XXXX XXXX XXXX Date Opened : XX/XX/2013 Balance : {$14000.00}"
7822	"CFPB THANK YOU FOR ALL THE HELP, TD bank i have account for over year open with them the only allowed me to do wire, i can not pay my employees with ACH, i can not used my debit card, i can not withdraw money from the account end the charge me {$1500.00} for every wire i receive because im not allowed to receive ACH is well, so the charge me for every wire i do its {$3000.00} its my business account, so all this month bank been charge me more then {$10000.00} in fees end i still can not used the account can not complain i went to the bank so many time, i can not remember how many times i complain about this situation with then so please help me out again"
7823	"On XX/XX/XXXX XXXX XXXX debited my card XXXX times to take {$180.00} from my account. I tried to lock my card but was unable. I called cash app .that money was on the phone 3 hours with manager. She said she would log all unauthorized charges. But failed to do so. 2 more times on the phone for 5 hrs. An unauthorized charges said will be investigating but nothing. XXXX XXXX XXXX. Refunded me XXXX XXXX cent in my favor. But I have XXXX of the same but cash app has failed me an thinks this is a joke. I've had enough. I want someone held accountable. An I want my money back. They closed my account. Lock my card. This is very unsatisfactory business practice.."
7824	"The following account : POSSIBLEFINA ( Unsecured loan ) opened an account on XX/XX/XXXX, without my authorization. I have called and disputed them, and they have not resolved the issue. They are charging me {$560.00}, which right now says it has an outstanding balance of {$680.00}. That account does not belong to me. Additionally, the account was closed according to my credit on XX/XX/XXXX."
7825	"I disputed a transaction with my bank for which I didn't receive goods or services for and my bank denied my dispute without investigating. They didn't ask me for supporting documents and there wasn't even an option for me to describe what happened. I was just able to tap a couple buttons to file the dispute and within a couple days was notified that my dispute was denied. I even tried to appeal the dispute but to no avail. No one from Truist reached out to me to ask me for me details or any type of evidence to support my claim. No type of communication from Truist whatsoever."
7826	"Now, as I stayed before, XXXX had some discrepancies, I have asked both XXXX and XXXX for the IP addresses they both give me a big runaround but they did send one email the other day when I logged into both accounts and the IP addresses are different even though I was on cellular service on the same device. I do not have a VPN active, when contacting XXXX they told me that all of the IP addresses should be the same so I am trying to contact the bank and get a listing of all IP addresses that have been hooked into my account Could you please add this to the Huntington Bank complaint because you do not give the option of adding more information here are the numbers XXXX And XXXX"
7827	"Celsius held my cryptocurrency, promising interest. They have prevented me from withdrawing my crypto, and have now field for bankruptcy. I was lead to believe that eg : >funds are held by third-party custodians such as XXXX and XXXX. Customers assets are protected by both companies, as safe as a bank."
7828	"I discovered an unauthorized credit inquiry from XXXX XXXX  XXXX on my XXXX  credit report, dated XX/XX/year>. I have never applied for credit, products, or services with this company, and I have not provided written authorization for them to access my credit file. \n\nUnder the Fair Credit Reporting Act ( FCRA ), 15 U.S.C. 1681b, a consumer reporting agency may only provide a credit report if there is a permissible purpose, such as my written consent or an application initiated by me. This inquiry does not meet those criteria. \n\nCompany Name : XXXX XXXX  XXXX Description of the issue : I discovered an unauthorized credit inquiry from XXXX XXXX  XXXX on my XXXX  credit report, dated XX/XX/year>. I have never applied for credit, products, or services with this company, and I have not provided written authorization for them to access my credit file. \n\nUnder the Fair Credit Reporting Act ( FCRA ), 15 U.S.C. 1681b, a consumer reporting agency may only provide a credit report if there is a permissible purpose, such as my written consent or an application initiated by me. This inquiry does not meet those criteria. \n\nI am requesting that this company provide documented proof of permissible purpose, including any application or agreement bearing my signature, or have the inquiry removed from my credit report immediately."
7829	"In accordance with the Fair Credit Reporting Act, XXXX XXXX XXXX XXXX XXXX XXXX XXXX XXXX XXXX has violated my rights. \n\n15 U.S.C 1681 section 602 A. States I have the right to privacy. \n\n15 U.S.C 1681 Section 604 A Section 2 : It also states that a consumer reporting agency can not furnish an account without my written instructions."
7830	"Hey, I was traveling overseas last year, and wanted to rent a car, so I decided to use one of the benefits that my XXXX Credit card offer, which is insurance coverage, and this is the reason I applied for this card. \nThe way they advertise it is \" Decline the rental company 's collission isurance and charge the entire rental cost to your card ''. \n\nSo I rented a car on XXXX XXXX 2017 for {$150.00}, and when I went to pick up the rental car from the airport, the rental car company refused to accept the XXXX Credit card and wanted to charge me {$400.00} more on the top of the amount I paid, so I canceled the rent, and now the rental car refusing to take responsibility of misleading info on their advertising, and wo n't refund the money back to me. \nI talked to the benifit office of the XXXX Credit Card offered by Chase, and thei answer was that they ca n't help, they follow the policy of Chase, and when I called Chase, their supervisor said they ca n't refund the miney. \nWhat I 'm asking for is the redund of {$150.00} since I did n't lease the car, because their card is not acceptable like they advertise. \n\nRegards"
7831	"Ive been sending letters back-and-forth certified to all three credit agencies, Equifax transition and experience asking them to re-investigate the account that is or accounts that are reporting inaccurate. I sent copies of my drivers license my Social Security card my insurance card. Ive sent multiple letters. Ive made multiple complaints with the CFPB. I have everything documented with pictures. I want all these accounts deleted off my report."
7832	"I have Mortgage account XXXX with the fifth third bank and an escrow account with the bank. After I received the first invoice of the property tax after appraisal, on XXXX XX/XX/XXXX, I chatted with their online representative and I was told to send all documents to the bank 's e-mail address \" XXXX ''. I did exactly what the representative said and you can find the chat logs in the attached log file of XXXX ' and the screenshot of the e-mail in the attached png file XXXX  '. Then, on XXXX XX/XX/XXXX, I also received more invoices that they must have been paid by the mortgage 's escrow account. Then, I opened another chat, and again, I tried to communicate with their chat representatives. You can see 2 chat log files ( XXXX and XXXX ) with two of your representatives, then I sent the documents to their e-mail again. Please check XXXX ' in the attachments. However, in the last days of XX/XX/XXXX, I received another invoice from the tax collector, XXXX tax, with a penalty and interest over the first value. As you can see, I followed all their instructions and I sent the document to the correct departments long before the due dates. The bank made me pay the penalty and interest although it was their mistake. I just called them today and they said it is my mistake I have no idea how. I have all the log documents and e-mails. Recently, they also missed the due date of my house insurance which must be paid by my escrow account. If something happened during that time at my house, I would have so much trouble. I am willing to share all the documents with you. I hope you can find a solution. Best regards,"
7833	"I have a dispute with chime a unauthorized transaction on my account, once I was aware of the transaction I immediately called the police as well as chime. I followed all steps, I have assisted chime in there investigation the best of my ability, I have provided all documents that was asked of me by chime. Chime is not doing proper investigation and my dispute continues to be denied after there representatives said I was eligible for a provision. Chime most definitely is not bidding by there dispute policy nor Reg E"
7834	"I needed to borrow {$400.00} to pay my car registration in this state. I was led to believe that the loan would cost me {$130.00} but after signing and funding, I was sent a document stating that I had to pay {$130.00} a month for 10 months. That's over {$1000.00} on a {$400.00} loan. These people are worse than loan sharks and I will not be extorted by these crooks. Unfortunately I took a {$450.00} loan from a legitimate company and the total payback is {$550.00}. Where do these shylocks get off taking such advantage of desperate people in desperate situations. The only money I have is my social security and more expenses come out of that then money I have to cover just day to day living expenses. I already paid them {$130.00} and now I stopped payment for that company with my bank. I will give them {$50.00} a month for 7 months to pay off the balance of {$300.00} and some interest, but that it all I'm willing or able to pay. If that's not good enough, they can sue me and I'll sue them for fraud. Please help me. These people should not be allowed to even be in business, they are crooks."
7835	"On XX/XX/XXXX I logged onto online banking, and it was then that I found out that all my credit cards were closed. I called the bank the same day, and their representatives told me the bank would only communicate with me only if I were to send a letter to a XXXX XXXX in XXXX XXXX South Dakota. Other than that, no representatives nor supervisors would speak with me regarding my now closed accounts over the phone. This is quite unacceptable as I was current in all my accounts and had no issues prior to this, nor was I told in any way that my accounts would be closed. Citigroup has infringed upon my rights under Truth in Lending Act ( TILA ), the Fair Credit Reporting Act ( FCRA ), the Credit CARD Act of 2009, and state laws. The behavior XXXX has exhibited here represents the most unprofessional and ethically questionable conduct one could demonstrate. It undermines trust, and reflects a complete disregard for the standards of integrity and respect that are fundamental to the banking system."
7836	"I was trying to complete a purchase from a private seller. I sent the money to the private seller ( chase bank ) did not allow the transaction to go through. I called them to see why and they told me I had to complete an authentication for the transaction to be completed. Meaning I would have to answer a series of security questions to verify my identity.\n\nI told Chase that I didnt have time at that moment and that I would figure everything out later. The XXXX XXXX representative assured me that he could not complete the transaction without that authentication. \n\nI checked my account and realized that they had completed the transaction when I was no longer with the private seller. \n\nWhen I reached out to Chase bank, they admitted that there was no authentication on record because one had not been completed and marked it as a bank error and said they would investigate and return my funds within 10 business days. They never asked me for any additional paperwork, but decided to deny the claim."
7837	"I finally spoke to a very rude, unprofessional person from what she says to be XXXX XXXX, collecting for XXXX XXXX. This company has called my cell phone, my mothers cell phone and my husbands cell phone, all of which messages were left. Today she also threatened to sue my son and two other people who she claims are related to me that I have never heard of and told me to 'drop my attitude '. They claim a debt from XX/XX/XXXXunder my previous married name that I have not had used since XX/XX/XXXX, so it 's actually impossible to have incurred a debt under that name in XX/XX/XXXX. They call continuously, and as of today, I will be recording these calls. They have also repeatedly threatened to contact my employer and to serve them as well. The return number that they leave is XXXX. When I call that number I also get a rude female who said 'are you XXXX me ' then 'goodbye ' and hung up. Today the call came from XXXX which does not accept calls. Two days ago it came from XXXX which is not in service, I continue to block, and the calls keep coming from different local exchanges. I 'm sure I have them all in my phone, but would have to search every incoming call to figure out which ones are them. As of now, I will start keeping a log of each call and number."
7838	"We wish to file a formal complaint against Wells Fargo Bank / Mortgage ( WFB ) for misleading statements made on our recent purchase of an investment property. The statement in question is the requirement to carry Private Mortgage Insurance ( PMI ) when our equity exceeded 80 % Loan-to-Value. \n\nXX/XX/2018 Confirmation that PMI would drop off when 80 % LTV is met XX/XX/2018 Closed on the property with 15 % down with intention to pay off 20 % asap XX/XX/2018 XX/XX/2018 Paid additional principal to eliminate PMI XX/XX/2018 Called WFB to confirm amount to eliminate PMI and was informed that it was now 30 %. and not 20 % anymore and that we should have put down 20 % a closing. As you can see from our correspondence we were very specific to this requirement and were assured multiple times that PMI would drop when we reached 20 % LTV. \n\nSometime in XXXX, WFB gave us an option to get our property appraised at a {$200.00} fee that could potentially help eliminate PMI. We paid {$200.00} for inspector to come out and now the price dropped down to 82.7 % LTV - $ XXXX investment and appraisal is lower than with any improvements? \n. \nWe have spent {$40000.00} updating property to ensure it was in the best shape possible to be able to attract renters. After that investment we are not in a financial position to pay 30 % but would have been able to had we been told this before we closed. We kept being told that LTV was 20 % despite our multiple requests."
7839	"I am writing to file a formal complaint against SoFi Bank regarding the sudden and unexplained closure of my account. \n\nOn XX/XX/year>, at XXXX XXXX, I received an official email from SoFi Bank notifying me that my account would be closed. Concerned, I immediately called XXXX customer service. The first representative I spoke with informed me that they could not find any information regarding the closure and reassured me that I had nothing to worry about. \n\nI was then transferred to another representative, who repeated the same statement. However, once I refused to end the call and pressed the issue further, the representative finally admitted that she could see the closure notice on her end. She stated that a decision had already been made, and there was nothing I could do to reverse it. She further advised me that I had XXXX  days to withdraw my funds before my account would be permanently closed. \n\nThis sudden account closure, coupled with conflicting information from multiple representatives, has caused me serious concern. I was not given a valid explanation for the closure, nor was I provided with sufficient time or transparency to properly address the matter. I believe this is an unfair and potentially unlawful banking practice that puts my funds and financial stability at risk. \n\nI respectfully request that the Consumer Financial Protection Bureau investigate XXXX Banks handling of this matter and require them to provide : XXXX. A clear explanation for why my account is being closed. \nXXXX. Adequate time and assistance to secure my funds. \nXXXX. Assurance that this practice will not unfairly harm me or other consumers. \nXXXX. Able to continue to have my bank account with XXXX XXXX consider this a formal complaint, and I request acknowledgment of receipt. I am prepared to provide a copy of the email XXXX sent me and any call logs or records related to this issue. \n\nThank you for your attention to this matter."
7840	"I am submitting this complaint against XXXX XXXX XXXX regarding unfair and deceptive billing practices and the denial of hardship assistance. I opened a credit card account with XXXX in 2017 with a credit limit of {$1400.00}. Since opening the account, I have consistently made monthly payments of approximately {$64.00}. Despite years of on-time payments, I have only reduced the principal balance by {$130.00}. The majority of my payments have been applied to fees and other charges rather than the principal balance. This has created a situation where I am effectively trapped in a cycle of debt with no meaningful progress toward paying off the account. I believe this is an unfair and predatory practice. I have contacted XXXX XXXX XXXX to request assistance through a hardship program or to negotiate a reasonable payoff amount. I was informed that I do not qualify for any hardship or settlement options. Given the length of time I have been paying and the minimal reduction in principal, I find this response unacceptable. I am currently experiencing financial hardship and can not continue making payments under these terms. I am seeking relief and a fair resolution. I am requesting the following : A reasonable settlement or reduced payoff amount, they said I didn't qualify. A review and possible refund or adjustment of excessive fees charged over the life of the account. Access to a hardship program with fair terms that allow me to resolve this debt. I believe this account has been structured in a way that prevents consumers from successfully paying down their balance, and I am asking for assistance in reaching a fair and just resolution. Thank you for your attention to this matter."
7841	"I have reviewed my credit report, I've noticed Discover bank submitted a charge off on my credit report. It has decrease my credit rating. I have called the customer service to dispute such issue. The customer service informed me they no longer have access to my file, they have sold it to another agency."
7842	"Experian has failed to fulfill its legal obligation under the Fair Credit Reportin Act ( FCRA ) to conduct a reasonable reinvestigation of disputed information credit report, leaving inaccurate or unverifiable accounts unresolved. The Consumer Financial Protection Burea ( CFPB ) has recently filed a lawsuit against Experian, alleging systemic issues such as failing to forward consumer-provided evidence to furnishers, accepting unreliable responses, and failing to adequately notify consumers of dispute outcomes. These failures align with my experience, where Experian has neither corrected nor removed disputed items despite the evidence I provided, causing ongoing harm to my credit standing. I am requesting immediate corrective action to remove or amend the disputed accounts, as Experian 's inaction violates federal law and my rights as a consumer."
7843	"A few years back, I was informed that I had past due Property Taxes owing to the City of XXXX. I had received no communications since these notices were sent to Wells Fargo who services my mortgage and handles taxes through escrow. I ended up just paying the amount past due plus fees to avoid further issues. Wells Fargo was unable to resolve the issue. I now have received a collections notice for another past due property tax amount. Again, because the city of XXXX doesn't send me property tax bills, I rely on Wells Fargo to service the account. This is unacceptable and I have concern for those who are unable to advocate for themselves."
7844	"I have filed previous complaints which were not handled appropriately. Previous complaints the company claimed it did not belong to them even when I provided plenty of info for them to forward to the right department or division of their company. In addition cfpb I believed failed in their fact finding and protecting me as a consumer prior to closing complaint. \nThere are a lot of moving parts and this issue has gone on for over a decade and passed through several entities. This issue, however, is pretty cut and dry and blatant fraud and negligence in the part of HSBC. Hsbc filed and unlawful Detainer against me. Did not serve me with a summons or complaint nor notify me in any way after they received a judgement against me. They did however allow and accept service from the fraudster that had been occupying the property. He was not a named defendant in the unlawful detainer, nor did he have any legal ownership in the property. He was in the property through fraud to which HSBC had been, or should have been aware of. In addition HSBC negotiated with said fraudster and I am only left to assume they offered money for keys type situation. This needs to be addressed immediately and I need to be made whole. A demand letter was sent to HSBC today, but all previous attempts at resolving any issues and getting any kind of relief has been ignored or simply passed off as normal procedures and I just need to let it go."
7845	"I have the HSBC Premier World MasterCard that has the HSBC Premier Rewards Program that states that I am supposed to receive XXXX point for every net dollar that I purchase with the credit card. However, the program is not correctly counting the points on my account and this is not the first time that I have noticed and complained about this problem. 2 years ago I had the same problem, I contacted the HSBC Premier Customer Service and they were able to fix the problem and correct my points balance, however, this time, I have contacted the same Customer Service and they keep saying that the balance is updated but it is impossible that this information is true and this is why : - My points balance on XX/XX/XXXX was XXXX points. \n- In the period of XX/XX/XXXX-XX/XX/XXXX I had a total of USDXXXX in new purchases which means that I should receive XXXX new points. \n- However, as of XX/XX/XXXX my points balance is XXXX points and I have n't used any points since XX/XX/XXXX, which means that in the period of XX/XX/XXXX I have only accrued XXXX new points. \n- If I was supposed to receive XXXX point for every net dollar in new purchases and in the period of XX/XX/XXXX-XX/XX/XXXX I should have received XXXX new points based on my new purchases for the same period and I have only received XXXX points, this means that I am MISSING A TOTAL OF XXXX POINTS ON MY BALANCE POINTS. \n\nI have contacted the HSBC Premier Customer Service by email, which they never responded and I have contacted them by phone, and after 1 hour long of waiting, they still have n't acknowledge the problem or even given me an explanation for why I am missing XXXX points. \n\nThis is not my first problem with HSBC Premier and it seems like that every time that there is something wrong with my account or any product that I have with this bank, I have to always find an outside source to be able to help me resolve any issue with this bank."
7846	"XXXX XXXX XXXX XXXX XXXX XXXX, NC XXXX XXXX XXXX Date : XX/XX/year> To : LoanCare Subject : Formal Dispute Regarding Inaccurate or Incomplete Disclosures Mortgage Account # [ Account Number ] Dear To Whom It May Concern, I am writing to formally dispute certain information and disclosures provided ( or not provided ) under the Mortgage Disclosure Act ( TILA/Regulation Z ) concerning my mortgage loan referenced above. \nUpon reviewing the documents related to my loan, I discovered that the required disclosures were either incomplete, inaccurate, or not provided within the legally required timeframe. \nAs a borrower, I am entitled under the Truth in Lending Act ( TILA ) and the Mortgage Disclosure Act to receive accurate, timely, and complete loan cost disclosures. Failure to provide this information compromises my ability to make informed financial decisions and may constitute a violation of federal lending regulations. \nI respectfully request that you : XXXX. Provide accurate and complete copies of all required loan disclosure documents within XXXX business days. \nXXXX. Correct any errors in the disclosed terms, including [ list specific items or figures ]. \nXXXX. Provide a written explanation of the steps taken to resolve this issue. \nPlease consider this letter a formal notice of dispute under applicable consumer protection laws. I expect a full response within XXXX days from the date of this letter. \nThank you for your prompt attention to this matter. I am prepared to file a complaint with the Consumer Financial Protection Bureau ( CFPB ) or appropriate state regulatory authority if this issue remains unresolved. \nSincerely, XXXX XXXX"
7847	"The report given was made in violation of the FCRA, which requires the accuracy and the authenticity of the debt being mine, the accuracy applies to the ownership of debt as well as its authenticity being derived from my action"
7848	"Wells fargo account number XXXX. I did purchase 2 gift cards for total of {$1000.00}. They were not given to me by the merchant. Wells fargo \" resolved '' my dispute by stating since I did purchase the gift cards I must pay for them. Buy if I have never received them why I need to pay for them??? XXXX XXXX"
7849	"On XX/XX/XXXX, someone accessed my information and purchased airline tickets with my credit card. The purchase totaled {$270.00}. Contacted Citibank and attempted to file a fraud alert, however they processed the transaction as a dispute. The merchant responded back defending themselves stating the flight was taken by the fraudster. However, the bank is separating their liabilities from this matter and is not further helping. They said they can not raise this as a fraud claim because I had interacted with the merchant before. This is not an authorized purchase and I raised the pertaining police report as well."
7850	"On XX/XX/2018 I performed a wire transfer with Moneygram. Within seconds the funds were removed from my account as the transaction was completed. Moneygram withdrew {$540.00} from my account. Literally, 10 minutes after the initial transaction, the recipient was not allowed to retrieve the funds. I contacted Moneygram to inquire why the transaction was canceled, and I was informed that the system canceled it and no further information was available. At that time I requested a full refund. I was told that it will take 10 business days for me to retrieve my funds back. I feel as though I have been scammed. How is it possible for them to deduct my funds only to cancel the transaction in a matter of minutes. Why wasn't the transaction disallowed before the removal of my funds. I feel that Moneygram is capitalizing on the interest of my funds. My bank will not acknowledge my dispute because Moneygram representatives are informing me that they can't provide any form of documentation to show that my transaction was canceled. The 5th representative basically told me to \" take his word, I will get a refund ''. This is beyond frustrating that no one at this company can explain wy the transaction was canceled, nor can they explain why I have to wait 10 days due to their error. I am now forced to deal with numerous adverse charges into my account. This is a horrible business."
7851	"Nationstar added my sister to the mortgage. When I first brought the house to help out my mom the mortgage was in my name and sister  XXXX   XXXX . Less than a year later  XXXX  's name was taken off. My mom 's credit still was n't too good due to divorce, however the bi weekly program, plus deed and taxes was put with my mom 's name  XXXX   XXXX  and  XXXX  's was taken off. When Nationstar brought the loan 3 years ago my name was only on the loan, however about 9 months ago Nationstar decided to put  XXXX  's name back on the loan. My mom pays the mortgage, which Nationstar has her bank account on file to take out every month. I have tried to refinance either by myself or with  XXXX   XXXX . But because of Nationstar adding  XXXX  's name for no apparent reason we can not do so.  XXXX  is also very upset because no mortgage company has been on her credit report for over 5 years, now all of a sudden Nationstar is showing up on  XXXX  credit report. I have sent Nationstar several times all the paperwork without  XXXX  's name on it and with my mom 's name on all documentation and they refuse to remove  XXXX  's name. Now also my mom usually pays my phone, but now they wo n't even allow that. My mom has called in paying since we first tried to refinance and stopped the biweekly. Their customer service people are very unknowledgeable and can not even sp eak English clea rly. Also I have asked them several times and sent them documentation that I would pay my own homeowners insurance, as they are thiefs in my eyes. My homeowners went up {$9.00} a year in  XXXX   Nationstar raised my  rates by over {$12.00} a month because of this."
7852	"I went in an agreement with Capital One Auto Finance and now theyre trying to make it seem like I never did what I say I was going to do. The agreement was once I pay the first installment of lower reduction they were going to send my paperwork. They did, but right afterwards they tried to take another installment out of my account. I had my bank send it back, because they received a payment on the XXXX. Which was well in advance of the timeframe that we discussed. It was supposed to be done, on or before the end of the month. Now theyre trying to say that because the bank sent the payment back it was not done. Which is a lie. I have the paperwork proving it."
7853	"I purchased an XXXX kilowatt solar system and goodleap/XXXX  scammed me into taking a XXXX. Part of the deal was a new roof and it wasn't until after the new roof was installed that I was told by XXXX  \" Your XXXX system is no longer approved you have to take a smaller system or you're not getting any panels '' when I asked \" what about the new roof? '' I didn't get a straight answer out of them, they implied the contract was going to be in force regardless so under the economic duress of having to pay over {$40000.00} for a new roof alone I took the XXXX XXXX  XXXX. This was a bait-and switch scam that goodleap is profiting on."
7854	"Around XXXX, I received XXXX credit card offers under my company name XXXX XXXX XXXX from Chase Financial Services. As I was president of the corporation, the cards was in my name as well as the corporations name. All purchases on the cards were company related purchases. No purchases were ever made by me for anything personal. As a result of the financial crises beginning in XXXX, my company, which had been in business for XXXX years ( XXXX ) went bankrupt. Chapter XXXX was granted in XXXX and company was taken over by the trustee. All creditors were notified and released me of debts except for Chase. Chase claims I am personally responsible for the corporate debt even though I never signed any personal guarantees. I have requested over the past several years for them to provide me something, anything, indicating that I have agreed to personal liability. They have refused. What they have done is ruin my credit, increased my borrowing costs and limited my financing options. Please help"
7855	"My mortgage was transferred to \" Nationstar Mortgage LLC d/b/a Mr. Cooper '' for loan servicing on XX/XX/XXXX from XXXX XXXX ( though i was notified in XXXX and the due date on the mortgage remained XX/XX/XXXX ). \n\nWhen paying the mortgage the first time on line with \" Mr Cooper, '' two mortgage payments were applied rather than one. There is not an explanation about why two payments were made, only that it was a glitch. I am able to cover the additional payment, but have a concern with a loan servicer whose system, so far, has deducted double payments 100 % of the time."
7856	"XXXX sent my account to collections. After failing to reach a live agent with them, I reached out to the new creditor, XXXX. I was told that in order to get XXXX removed from my account Id have to pay them ( XXXX ). Since XXXX was the newest debt between the XXXX, I decided to pay XXXX and disputed XXXX. Now XXXX has been removed from my all my credit reports and XXXX is still showing as a delinquent account even though I attempted to pay through them."
7857	"Subject : Formal Dispute of Inaccurate and Unverified Information on Credit Report I am writing to formally dispute inaccurate and unverified information currently appearing on my credit report with your agency. Under the Fair Credit Reporting Act ( FCRA ), you are required to ensure the accuracy and integrity of the information you report. However, the following item ( s ) appear to be inaccurate and have not been properly verified despite previous disputes : Accounts : XXXXXXXX XXXX XXXX XXXX XXXX, XXXX, XXXX, XXXX XXXX, XXXX XXXX XXXX, XXXX XXXXXXXX XXXX  XXXX I request that you immediately investigate this matter and provide a detailed report of how this information was verified. If the account ( s ) can not be verified, I demand that you remove them from my credit file promptly, as required by law. \n\nPlease be aware that credit reporting agencies are currently facing legal scrutiny for failing to thoroughly verify disputed items. This serves as notice that I am prepared to take further action if necessary, including filing a complaint with the Consumer Financial Protection Bureau ( CFPB ), my state attorney general, and pursuing legal remedies if this issue is not corrected within the timeframe provided by law."
7858	"I represent a homeowner who has a loan with Carrington Mortgage.  We have had a buyer in contract for over a year now.  Carrington has been reviewing our short sale for that much time as well.  Finally when I thought we would be getting the approval, Carrington closed our file out stating that we did not provide the correct documents that they required for the short sale to be reviewed.  This is absolutely not true.  I did provide them with the Deed of Reconveyance from XXXX for a XXXX lien that was satisfied over 10 years ago.  Carrington wanted a \"Release Of Lien\" recorded document and not the Deed of Reconveyance document that we provided them from our County Court House.  I spoke to title about this document that Carrington wanted and they told me in the Sate of Washington, we do not provide or do \"Release of Lien\" recorded documents for that type of lien.  ONLY a Deed of Reconveyance is given to the bank and seller for this satisfaction of lien.  Title even spoke to the supervisor at Carrington about this and told them that there is NO SUCH document when we have the Deed of Reconveyance.  Carrington did not care that even a Title officer telling them that what they already have what is legally needed to satisfy that lien.  They sill refused to work with me or the seller in getting this short sale back active in review and allow this document to satisfy this requirement.  This is absolutely not legal to hold a sellers home hostage and not allow them to exercise their rights to do a short sale when all of the required documentation was provided."
7859	"I received a phone call telling me my grand daughter was in an accident and needed to get home. They even put a girl online that sounded just like her. She needed to pay the rental car {$650.00} so that she could get home. They kept calling to get more money. This is when I realized something was not right."
7860	"Santander repossessed my truck after 5 years of me making payments and its insured and registered. They claim that Ive never made a payment and that if I want the truck back I have to pay {$20000.00}. Santanders executive office said they have record of {$18000.00} in payments from me on my principal but their financial department said that wasnt true. The tow truck company that they said has my truck wont call me back or answer my calls and Santander wont give me a record of my payments that Ive made."
7861	"I just pulled a copy of my credit report and noticed that your agency is reporting that I owe you a debt. I was not aware of this debt until now, and under my rights under the FDCPA, I request that you validate this debt."
7862	"The Professional Bureau of Collections of Maryland is abusive in their tactics of making sure I can never sign up for the debt forgiveness program. \n\nI believe they are blocking me from getting into the program currently available to rehablilitate my debt without having to make payments. This is a limited time program due to COVID and they are blocking me from being able to participate. \n\nI have completed all the documents according to what was requested, however, they refuse to submit these in good faith. They always come back and say I have to do something else or they lose my documents. \n\nThis has been going on since XX/XX/2019. I call them every week and speak to different reps and managers and I am still not anywhere close to getting out of default. \n\nPlease help me!!"
7863	"I decided to pull my credit because every single time I would apply for a credit card I would get denied. To the best of my knowledge I have always paid my bills on time. So, I know for a fact that these things showing on my report do not belong to me. These accounts were fraudulently made without my consent. Please remove these accounts from my report as soon as possible. XXXX XXXX {$1800.00} XXXX {$530.00} XXXX  XXXX  XXXX XXXX {$63.00} COLLECTIONS XXXX {$63.00} XXXX/XXXX  XXXX {$510.00} XXXX  XXXX XXXX {$1300.00} XXXX XXXX {$10000.00} XXXX XXXX {$980.00}"
7864	"Under the Fair Credit Reporting Act ( FCRA ) 15 U.S.C. 1681, you are legally required to report only accurate and verifiable information. Given that my personal data was compromised due to a security breach, these accounts are invalid, and any continued reporting constitutes a willful violation of federal law.\n\nFurthermore, under the Fair Debt Collection Practices Act ( FDCPA ) 15 U.S.C. 1692, any attempt to collect on a fraudulent debt is illegal. If you fail to remove these accounts immediately, I will pursue legal action for damages, including but not limited to : Violation of FCRA Reporting inaccurate information knowingly.\n\nViolation of FDCPA Attempting to collect a fraudulent debt. \nDefamation & Emotional Distress Damaging my financial reputation. \nNegligence Failure to verify the legitimacy of the debt before reporting. \nI demand the following actions within 30 days : IMMEDIATE REMOVAL of the fraudulent collection/charge-off accounts from all credit bureaus. \nWRITTEN CONFIRMATION that these accounts have been deleted.\n\nAccount Name : SYNCB/XXXX  Account Number : XXXXXXXX XXXX XXXX XXXX XXXX"
7865	"I requested a XXXX XXXX XXXX XXXX Credit Card and was denied twice. First based on report from XXXX XXXX ; reason \" Insufficient Credit History ''. Resubmitted and received report from Experian ; Reason \" Unable to Verify Identifying Information ''. Credit score XXXX out of XXXX. XXXX See attachments )"
7866	"Wells Fargo allowed a fraudulent checking account to be opened in my name. I have never banked with Wells Fargo before receiving multiple emails regarding a new checking account in my name. \n\nWells Fargo, despite allowing a complete imposter to open this account, refused to allow me, the person whos name and information is on the account, to close or freeze the account. Because the fraud occurred on a XXXX  before a holiday, Wells Fargo stated they could not help me with anything until XXXX, allowing fraudulent activity to occur for at least XXXX days without any problems whatsoever."
7867	"I applied for a new account on XX/XX/2019 for a personal checking account. I have not had a personal checking account within the past 90 days of account opening. Also I have not received a checking account bonus within the past 2 years. I spoke with SEVERAL Chase customer service representatives and they are making up rules that I am not eligible for a the {$200.00} checking account bonus even though I qualify per the terms and conditions. Chase has not corrected the problem and applied the bonus to the account as advertised. \n\nBonus/Account Information : Checking offer is not available to existing Chase checking customers. Savings offer is not available to existing Chase savings customers. Both offers are not available to those whose accounts have been closed within 90 days or closed with a negative balance. To receive the {$200.00} checking bonus : 1 ) Open a new Chase Total Checking account, which is subject to approval ; AND 2 ) Have your direct deposit made to this account within 90 days of account opening. \n\nYou can receive only one new checking and one new savings account opening related bonus every two years from the last enrollment date and only one bonus per account. Bonuses are considered interest and will be reported on IRS Form 1099-INT ( or Form 1042-S, if applicable )."
7868	"I have spent my whole XXXX of XXXX weekend waiting for someone in customer support to help me unlock the account that was locked for absolutely no good reason. There were no unauthorized charges on my account. Literally this happened yesterday It took me XXXX hours to get someone and customer support to respond and fix my account. I couldn't leave the message feed which is the only way you can contact support and get help to get your account manually unlocked so I was tethered to my laptop all day literally so that the chat didn't disconnect. Finally it was resolved yesterday. I slept a few hours woke up went and got online to place an order at XXXX 's place the order and they locked my account again for suspicious activity. So this afternoon I have been tethered to the message thread can't even call it a thread because I'm the only one that's been on it for XXXX hours now no response. Here 's the thing, I understand that they are trying to protect me and are worried about fraud. However, if you're going to completely take someone's ability to use their own money away you should have customer service available immediately to remedy the situation. Expecting a customer to just give up their day to wait for a representative to help them manually unlock the account that they didn't want locked in the first place is unfair and terrible. When you lock down my account you are essentially holding my money XXXX. there's no way around me waiting hours and hours in the chat feed to get help."
7869	"Daughter charged a product with my store credit card issued by Wells Fargo for XXXX in XX/XX/XXXX. I never received a bill via email, regular mail ... ( validation of debt ). I discovered there was a problem in XX/XX/XXXX while reviewing my credit scores. I contacted Wells Fargo immediately and made on phone arrangements to payoff ( and close ) acct. All late fees were waved. \nMy acct was sent to an investigator who stated, at the end, they only send bills as a courtesy and since I made the charge, I was responsible. They again charged late fees as the investigation took place. She waved the late charges for the final and third time. \nI have no papers to confirm what wrongs have been committed by the credit card institution against me, which equals = no proof or chance of resolution. In my profession my credit score is used with any and all job applications. All lies, miss leading referrals, promises are unprovable because all contact with these people was by phone. All disputes to credit report agencies are strictly based on documentation. \nThe only up shot I have is that my credit score was at one time XXXX and anyone who sees my credit report will automatically see the problem may not lay with me, but in fact the problem lays wth Wells Fargo Bank."
7870	"Subject : Follow-Up on Complaint Submitted on XX/XX/year> Forgery and Fraud with Drive Time. \n\nComplaint In Reference # XXXX I am writing to follow up on my formal complaint submitted on XX/XX/year>, regarding the serious issue of forgery and fraud with Drive Time. As per your acknowledgment, I understand that my complaint is being reviewed and that you may need to send it to the company or other relevant agencies for further action.\n\nHowever, it has been over 15 days since I submitted the complaint, and I have not received any further communication from Drive Time regarding the status of this issue. As a reminder, I discovered that my signatures and initials were forged on the sales contract after raising concerns about suspicious charges and incomplete information in the contract. Upon further review, it was clear that the dealership had forged my signatures, rendering the contract unlawful and void. I have attached both the dealership 's emailed contract ( with forged signatures ) and my original unsigned contract for your reference. \n\nGiven the gravity of this matter, I request the following updates : Confirmation of the steps taken by CFPB to investigate this issue of forgery and fraud with Drive Time.\n\nInformation on any actions CFPB has taken to address this issue on my credit report or notify relevant parties.\n\nAn update on any correspondence with Drive Time or other authorities related to my complaint. \nPlease be aware that I am actively pursuing legal action for forgery and fraud and preparing to file a civil lawsuit against Drive Time. This issue is causing significant harm to my financial standing and must be addressed immediately. \n\nI expect to receive an update from you within 15 days. If I do not hear from you or receive a resolution, I will be forced to escalate this matter further, including pursuing additional legal actions. \n\nThank you for your prompt attention to this issue."
7871	"I have reviewed my credit report and I have found several inquiries that are fraudulently incorrect. I have reported an identity theft as of XX/XX/XXXX, Disputing accounts that are on my credit by several different companies all who are named in this complaint. I would like to file a complaint against these companies due to the fact that I have previously told them that this is an identity Theft. also the fact that they continue to sell this debt to debt collectors. As a result, my credit report has been severely impacted because they are the only items reporting negatively on my credit report. I have also filed a report with the FTC identity Theft website due to the fact that these bills are not caused by me! I checked my credit report in XXXX of XXXX and saw that these dates have been added to my report I would like these items removed once and for all from my credit report! \n\nCompanies reporting fraudulently : XXXX XXXX XXXX XXXX XXXX XXXX XXXX XXXX XXXX XXXX, XXXX"
7872	"Hi, Couple of Months ago I subscribed to an offer I received from Citibank XXXX XXXX ) : If I opened a CitiGold account and met all requirements, I would receive XXXX XXXX XXXX Bonus points. \nI called Citi and they confirmed I was eligible to this offer as I had a Citi XXXX Platinum Credit card ; this was also confirmed by XXXX of their Agent during an Online chat. \nRequirements were : Open a new Regular Checking account in the Citigold Account Package by XXXX/XXXX/15. \nWithin 60 days after account opening : complete Qualifying Debit Card Purchases of {$1000.00} using the Citibank Debit Card which must be posted to the new checking account. \nAnd XXXX qualifying bill payment must be posted to the new checking account each month for two consecutive calendar. \nWhen I met all criteria, I contacted Citi via Online Chat, and was told that all conditions were met on my side, and points would be posted in couple of weeks. \nAs I did not see any evolution after two months, I contacted them once again last Month, and they told me that finally I was not eligible. \nI am a bit suprised since I had several acknowledgment from Citi that I was eligilble for the offer and I would not have opened this account otherwise."
7873	"As per the guidance from the Consumer Financial Protection Bureau ( CFPB ) the document needed and a letter from an advocacy group helping me due to XXXX XXXX debt bondage, which falls under trafficking according to Trafficking-Debt Final Rule 1002.142 ( b ) ( 4 ) -51002.142 ( b ) ( 7 ). I kindly request that you delete and block this information from my credit report within four business days pursuant to section 605c of the Fair Credit Reporting Act. I am a victim of human trafficking of debt bondage and would like for all listed accounts to be blocked and deleted company information Transunion. \n\n\nINQUIRIES : XXXX XXXX XXXX XXXX XXXX XXXX XXXX XXXX XXXX XXXX XXXX XXXX XXXX XXXX XXXX XXXX XXXX XXXX XXXX XXXX XXXX XXXX XXXXXX/XX/XXXX"
7874	"We where contacted by a pamphlet in our mortgage statement asking us if we where interested in refinancing on XX/XX/2021. We responded and spoke to XXXX XXXX of Lakeview Loan Serving. We sent him all the info requested. We tried to contact him several times with questions but he NEVER returned our calls. We then spoke to 6 other people who requested the same info. We again sent them the info requested and still no returned calls. We just got more e-mails requesting the same info, utility bills to prove our address like phone bills. We sent them this info AGAIN even by certified mail and XXXX XXXX signed for it. Still NO return calls. We even tried to have the phone company fax them a copy of our statement but they couldn't do it so my wife went to the phone company got a copy of the statement and sent it to them AGAIN. STILL NO PHONE CALLS. Today we received yet another request for utility bills for address proof. We believe they do not want to refinance our home even though we have been making mortgage payments for over 35 years on this home and a previous one and never missed a payment or was late. They have shady and unprofessional business practices and I hope you can do something, Thank You"
7875	"My first statement is a balance of XXXX and made regular and satisfying payments or additional which you will find below attached. After COVID ( student loan interest was supposed to be set at 0 % ). The statement prior to COVID implementation was XXXX. Again, you will find statements for these as well. I did continue to pay, however, and decreased my loan to XXXX and that is shown on the statement for XXXX  I have remained making payments though interest should have remained at 0 % because right after COVID the SAVE plan went into effect so interest should not have restarted at any point. My balance now is at XXXX. Again, all payments are attached. Attached also is the total payment amount of XXXX and a total interest paid of XXXX. The total amount applied to the principal is XXXX. Again, my balance is at XXXX - no matter how to the math is done, this is not adding up. My balance should be significantly lower but no one seems to want to acknowledge this. Even if this was overlooked somehow - my interest should by no where near XXXX as the majority of the time I have been paying my loans have been set at 0 % yet my balance is still accruing interest."
7876	"I applied for a personal loan online on XX/XX/2024 on the Penfed Credit Union website for the loan amount of {$13000.00}. I applied as a single applicant and was denied. After being denied my spouse agreed to be added as a joint applicant. We were denied on the joint application as well. I spoke to Penfed on the same date to understand the reason for denial as I have an outstanding credit score/history. Penfed indicated that they would be mailing a letter of denial with the denial reason. We both received the letter of denial with the same reasons of denial as follows : utilization of accounts, number of accounts, and/or occurrence of a derogatory event. \n\nThe reasons provided by Penfed for denial are ambiguous due to the fact that : - On the same date, XX/XX/2024 after the denial from PenFed I applied as a single applicant for the same amount and loan type with another lender online and was approved in minutes. \n\nIn addition my credit details are as follows : - XXXX XXXX of XXXX ( per Penfed ), and XXXX by XXXX - A credit usage percentage of XXXX XXXX ( less than XXXX XXXX  is considered good ) - Total outstanding balances {$6300.00} - XXXX credit card accounts open ( XXXX accounts with a XXXX balance owed and XXXX with a balance of {$6000.00} owed ) - No history of late payments - No negative or derogatory history Due to the reasons for denial being untrue and my strong and solid credit history. I have no other reason to believe that disparity is confirmed and that I was denied due to the fact of having an XXXX American, XXXX name, and being XXXX years of age. This leads me to believe that PenFed is engaged in unfair credit lending practices."
7877	"I was a victim of identity theft, and this is another request to remove the information from my credit file resulting from alleged identity theft. Per FCRA 605B ( 15 U.S.C. 1681c-2 ) CREDIT BUREAUS are required to remove any items not later than 4 business days after receipt. Also, the information provided on some items is UNKNOWN to me and REMOVED from other bureaus, and I have doubts about their accuracy. \nXXXX XXXX ( Original Creditor : XXXX XXXX XXXX XXXX XXXX XXXX XXXX XXXX XXXX  Balance : {$1200.00} XXXX XXXX XXXXXXXX ( Original Creditor : XXXX XXXX XXXX XXXX XXXX XXXX XXXX Balance : {$350.00}"
7878	"About a decade ago XX/XX/2012 I was forced to do a loan modification with my mortgage lender in order to be able to keep making the payments for the house. My lender was XXXX, we went for a few months negotiating terms that they could agree with and payments that I would be able to make. They wrote up the Loan Modification Agreement that had me making payments for 90 days and there after upon completion of their proposed agreement I would have a New Principal Balance {$350000.00} that I will be making payments and a deferred balance of {$65000.00} that I was responsible once I payoff my loan or if I would sell or refinance the house. Interest become better than the terms I had the loan modification for and I was able to refinance the house at a better rate. However out of nowhere there is a company called Real Time resolutions asking for payment that according to them XXXX never closed and still pending payment and now they are asking for {$200000.00} or they will move with foreclosure which I don't understand since I was never aware because whenever I did my Loan Modification I was under the assumption XXXX had everything wrapped up. I tried to find answers from XXXX but they went Bankrupt and doesn't exists any longer."
7879	"US Bank purchased my home mortgage. \nIt was a no escrow loan at origination and the original lender did not require flood insurance. \nUS bank later acquired the loan and demanded I obtain flood insurance. \nUS bank then set up a forced placed escrow that I contested to pay flood insurance. \nUS Bank then purchased their own flood insurance at a cost of about 3x the price of my own policy that I was in the process of obtaining anyway. \nI rejected their policy as was my right in favor of my own less expensive policy with he same coverage. \nI believe the policy US bank issued is with their affiliate and US Bank benefited from the transaction financially without disclosing the affiliated relationship to me. \nDespite my securing my own flood insurance US bank refuses to remove the forced placed escrow despite the fact i obtained and maintain a fully paid annual flood policy. \nUS bank has permanently raised my monthly mortgage payment by hundreds of dollars per month against the terms of the note I signed. \nUS Bank alleges I am in default and have threatened foreclosure, and have instituted aggressive collection action against me. \nI have paid my payments timely every month since inception of this loan based on the amount of the note and mortgage. \nUS Bank has not used best practices in dealing with me as their customer and has set up a self serving \" suspense '' account to hold my timely mortgage payments and deem them late each month due to what they call a \" shortage ''. \nUS bank is charging me late payment penalties and penalty interest on the fictional payment that they contrived that I refuse to pay. \nUS bank is reporting to credit agencies that I am in default of my mortgage adversely affecting my credit rating despite my timely payments. \n\nI have exhausted all reasonable attempts to resolve this."
7880	"After looking over my consumer report I've noticed that LVNV FUNDING LLC is reporting a collection account that I am not aware of. I reached out to the creditor asking. them to provide verification documents which includes signed contracts & agreements, written consent from me giving them the permission to obtain and share my personal information, and proof of date of first delinquency. They never provided this information to me which violates 15 U.S. Code 1692g - Validation of debts. I am aware that I have a right of privacy and by them obtaining and sharing my personal information without my consent they violated 15 U.S. Code 6801 - Protection of nonpublic personal information and 15 U.S. Code 6802 - Obligations with respect to disclosures of personal information. After refusing to pay this alleged debt that I am unaware of, I asked the creditor to cease all communications with me which by definition of communications, reporting this debt to my consumer report is a form of communication in which they failed to do so. I am also asking that the credit reporting agency properly verify the information listed in my dispute letter and if they can not provide the provided documents asked then they must remove the account immediately in accordance of 115 U.S. Code 1681i - Procedure in case of disputed accuracy."
7881	"In XXXX XXXX we started modification on our home mortgage with Ocwen Financial. They drug their feet so long we finally had to file for a chapter XXXX BK in XXXX XXXX. It was discharged in XXXX XXXX. The following year, XXXX XXXX, they decided they would modify our home loan. From XXXX to current we have rebuilt our credit and have been current on the loan to this date. \n\nWe are in the process of refinancing the loan to gain a lower interest rate. When we pulled our title we saw the XXXX was never released as a current lien. We have been waiting to close since XXXX XXXX, XXXX but ca n't until Ocwen gives us a release of lien. \n\nAs per the statue of limitations ( 5 years of none collection ) it has been since XXXX XXXX, XXXX was the last recorded payment which is 8 years. Plus the XXXX was included in our chapter XXXX bankruptcy. \n\nOur attorney sent them a demand letter XXXX XXXX, XXXX stating the Idaho code section 6-411, 5-214A and 6-413 to remove the deed of trust ( XXXX ) and gave them 10 days to deliver. They sent us a letter saying they needed until XXXX XXXX to accomplish this. XXXX XXXX we got another letter extending to XXXX XXXX, XXXX. XXXX XXXX came and went and no release of lien and not letter explaining why. \n\nI have called them numerous times and only get a voice mail. We are against the wall as they are not adhering to Idaho Code and Bankruptcy laws. \n\nPlease help us obtain our objective. \n\nThank you XXXX XXXX XXXX"
7882	"Received card as a XXXX present, it was loaded with {$500.00} XXXX, and given to us on XXXX. When trying to activate the card the site, XXXX, said there was an issue with the card and to call customer service, XXXX after several attempt and hold time of 30 minutes plus we got to talk to an agent each time only to put us on hold to \" investigate '' and then would drop the call shortly after. Attempted to escalate to supervisor and was disconnected after the agent stated they did \" do that ''. \nThe agent confirmed that the funds were loaded, there was no transactions, and the balance was XXXX. No help to resolve this issue from the company and horrid customer service."
7883	"I asked for a deferral and time to apply for the California Relief Program. It is so disappointing that SPS is not participating in this program. After waiting for months for this program to open it was disheartening to receive this email : Dear XXXX XXXX Thank you for your application to the California Mortgage Relief Program. We will save all of your information that you have submitted and begin reviewing your case when your mortgage servicer elects to join the program. \n\nUnfortunately, your mortgage servicer is not currently participating in this program. Because program guidelines dictate that funding for approved applications goes directly to the mortgage servicer, we can not process the application if the servicer is not participating. \n\nAlthough we have explored a variety of avenues to encourage all mortgage servicers to engage in the California Mortgage Relief Program, some have not yet taken action to join the program.\n\nIt might be helpful if homeowners also send a request to their mortgage servicer to participate.\n\nBelow is a sample email you can send to your mortgage servicer asking them to participate in the California Mortgage Relief Program."
7884	"I am distressed that you have included the information below in my credit profile and that you have failed to maintain reasonable procedures in your operations to assure maximum possible accuracy in the credit reports you publish. Credit reporting laws ensure that bureaus report only 100 % accurate credit information. Every step must be taken to assure the information reported is completely accurate and correct. The following information therefore needs to be re-investigated.\n\nAccording to the Fair Credit Reporting Act, Section 609 ( a ) ( 1 ) ( A ), you are required by federal law to verify, through the physical verification of the original signed consumer contract, any and all accounts that you post on a credit report. Otherwise anyone paying for your reporting services could fax, mail, or email in a fraudulent account.\n\nThis account is not mine and was opened using my personal identification without my consent. When any furnisher of information is notified pursuant to the procedures set forth in Section 605B that a debt has resulted from identity theft, the furnisher may not sell, transfer, or place for collection the debt except in certain limited circumstances. Section 615 ( f ). Ive never given this company permission to contact me which according to the FCRA is also against federal laws. I have asked numerous times for this company to stop furnishing false information to the CRAs and also for them to stop contacting me. My next step will be to file suit. \n\nXXXX XXXX  Account Number : XXXX Charge Amount : {$1100.00} Date Opened : XXXX XXXX XXXXXX/XX/year> Reason For Dispute : Fraudulent Account, Account Not Mine, Unauthorized, Identity Theft"
7885	"A complete package was sent to Chase for review on XX/XX/XXXX. I confirmed receipt that all of the documents were received. A follow-up call was made on XX/XX/XXXX and they stated the file was under review but a sale date had been set for XX/XX/XXXX. On XX/XX/XXXX we were told that the sale date would be sent for a postponement. When we called again today to check on the postponement we were told that the file is in underwriting for review and they have up to 30 days for a response. XXXX stated that we may get an answer in 10-14 days, but the sale is still scheduled for XX/XX/XXXX."
7886	"Dear Sir/Madam, While checking my most recent credit report, I noticed Fraudulent credit inquiries that I do not recognize and did not authorize anyone to pull my credit report. The inquiries made by the below listed companies : XXXX XXXX XXXX XXXX XXXX XXXX XXXX XXXX XXXX XXXX XXXX XXXX XXXX XXXX XXXX XXXX XXXX XXXX XXXX XXXX XXXX XXXX XXXX XXXX XXXX XXXX XXXX XXXX XXXX XXXXXX/XX/XXXX XXXX XX/XX/XXXX Please validate info with these companies and provide me with a copy of any documentation associated with these accounts bearing my signature, authorizing an inquiry. In the absence of any such documentation bearing my signature, I formally request that these fraudulent inquiries be immediately deleted from the credit file you maintain under my Social Security Number. Please note that you have 30 days to complete this investigation, as per the Fair Credit Reporting Act section 611. By willfully violating the FCRA, I am willing to settle your civil liability damages I have suffered as a result of your violation for {$1000.00} pursuant to FCRA 616 ( a ) ( 1 ) ( B ) [ 15 U.S.C. 1681n ]. Should you fail or refuse to settle the matter by tendering payment in the amount of {$1000.00} within ten ( 10 ) calendar days of receipt of this notice and demand, I will seek actual damages which are greater than {$1000.00}. Send payment immediately via Certified Funds to : XXXX XXXX XXXX XXXX XXXXXXXX XXXX XXXX XXXXXXXX, NY XXXX Attached are copies of my state ID. Warm Regards, XXXX XXXX"
7887	"In XXXX much to my dismay I was reported as 40 days late on my BofA XXXX when it was originally set up for auto pay. A glitch in BofA Technology failed to generate the auto pay causing me to be reported as 30 days late. This is s complete disregard of my side if what happened."
7888	"In accordance with the Fair Credit Reporting Act, the following companies have violated my rights : XXXX XXXX XXXXXXXX XXXX XXXX XXXX XXXX XXXX XXXX XXXX XXXX XXXX XXXX XXXX XXXX XXXX XXXX XXXX XXXX XXXX XXXX XXXX XXXX XXXX XXXX XXXX XXXX XXXX XXXX XXXX XXXX XXXX XXXX XXXX XXXX XXXX XXXX XXXX XXXX XXXX XXXX XXXX XXXX XXXX XXXX XXXX XXXXXXXX XXXX XXXX XXXX XXXX 15 U.S.C 1681 section 602 A. states that I have the right to privacy. 15 U.S.C 1681 Section 604 A. Section 2 : It also states that a consumer reporting agency can not furnish an account without my written instructions.\n\nFurthermore, the FCRA requires furnishers to investigate consumer disputes filed with the credit reporting agencies about the information the furnishers provided.\n\nSection Sec. 623 ( a ) Duty of Furnishers of Information to Provide Accurate Information ( 1 ) Prohibition ( A ) Reporting information with actual knowledge of errors. A person shall not furnish any information relating to a consumer to any consumer reporting agency if the person knows or has reasonable cause to believe that the information is inaccurate.\n\n( B ) Reporting information after notice and confirmation of errors. A person shall not furnish information relating to a consumer to any consumer reporting agency if ( i ) the person has been notified by the consumer, at the address specified by the person for such notices, that specific information is inaccurate; and ( ii ) the information is, in fact, inaccurate.\n\nI have contacted TransUnion multiple times in regards to these unverified, inaccurate, and erroneous accounts, but they have refused to fix these errors."
7889	"I am filing a complaint against Cash App ( Block , Inc. ) due to inadequate customer service and unfair practices, which violate the Consumer Financial Protection Act ( CFPA ). Specifically, Cash App failed to take timely and effective measures to prevent and address fraud on their platform, leaving my account vulnerable and unprotected. Furthermore, their dispute resolution process was unfair and deceptive, as they didnt not comply with error resolution requirements under the Electronic Fund Transfer Act ( EFTA ) and Regulation E. These actions have caused significant inconvenience and financial loss and I seek appropriate redress for these violations."
7890	"On XX/XX/2022 my ID, debit card, phone and 2- credit cards were stolen by force from three individuals. I reported this to the police and bank in less then 24 hrs. The thieves hacked into my Wells Fargo bank account and used XXXX to make a {$1500.00} transfer and a {$2000.00} transfer to themselves totaling {$3500.00}. My bank has declined my claim of illegally activity claiming the transactions were authorized."
7891	"My business partner and I have experienced a total breakdown in communication with the BBVA branch XXXX, TX XXXX. The staff have not resolved simple banking issues and do not reply to our calls or emails. As a result our company : Can not make on-line wire transactions, despite compiling all the relevant paperwork in the branch in person in XXXX Have not been able to have new cards correctly issued Can not access the XXXX account all on line ( error message - account locked )"
7892	"i was scammed through a company that was suppose to help us pay off debt it was a trading group and the classes were held through video they scammed me the card showed paid and full well they said it was fraud and i told them it was not fraud. i ask to speak with some one and they just totally blew me off. its like they doubled the interest and closed the card. Capitol One is the credit card company and i need this resolved because its unfair."
7893	"My mother and I jointly hold two CDs at Marcus by Goldman Sachs. The values of the CDs are {$50000.00} and {$25000.00}. My mother, XXXX XXXX, passed away on XXXX XXXX XXXX About a week after her passing, I notified the institution. I was informed that they would close the CDs  WITHOUT EARLY WITHDRAWAL PENALTY upon receiving a certified death certificate and a \" Letter of Intent '' directing the institution to close the accounts and on where to send the funds. Those documents were provided to the institution on XX/XX/2023. The following is a timeline of pertinent conversation with the institution : XXXX Verified receipt of death certificate and letter of intent. Told that process will take 3-5 business days. \n\nXXXX Requested update. Told that process takes 10 business days. \n\nXXXX Requested update. Told that process takes 3-4 weeks. Confirmed that request is being expedited. Requested call from supervisor. \n\nXXXX Supervisor called. Stated that accounts would be closed in 5 business days. \n\nXXXX Requested update. Told that accounts would be closed in 48 hours. \n\nXXXX Requested updated. Told that request has been expedited but could not give any timeline. \n\nNOTE : THere are two CDs. The fields below only allow listing one account number."
7894	"Called in to close account due to loss of job, money being taking out account but not lowering bill. Stopped account at XXXX, closed day XX/XX/XXXX. They hit me for extra XXXX next day, XX/XX/XXXX. Statement shows no reason. I recorded call while closing. And recorded call asking to show proof or some reason for account spike."
7895	"Check writer from XXXX XXXX ( routing code XXXX ) who made electronic deposit to my account in person at Well Fargo bank ( XXXX XXXX XXXX, XXXX, CA, XXXX, XXXX ) on Friday XX/XX/2022 with status \" Pending '' means fund is not available and in process. The fully funds available will be on Saturday XX/XX/2022 which was printed out on a Wells Fargo receipt. ( XXXX was a bank teller at that time who handled a check and printed out receipts ). The full funds were posted on my account on Saturday XX/XX/2022 through Tuesday XX/XX/XXXX, XXXX Wednesday XX/XX/2022, Wells Fargo reversed the fund due to the check writer closing her account at XXXX XXXX  XXXX \n\nNow I lost {$4800.00} due to mishandling by Wells Fargo. As a customer, I saw a posted available fund which means the deposit transaction has been completed and I released a good and service to the check writer. \n\nNow Wells Fargo denied my claim and they did not want to go after XXXX XXXX  to protect their customer and pursue legal action against XXXX XXXX  and the check writer. \n\nBased on Wells Fargo deposit agreement, they said all types of deposits will be subject to withhold and process later to prevent defraud. Therefore, they put \" pending status '' on the customer account. \n\nI asked Wells Fargo what the difference is between \" Pending Status '' vs \" Posted Status ''. They said \" Posted status '' means they are still processing deposit transactions which were never mentioned in the Wells Fargo deposit agreement. Therefore, they just reversed the funds from my account. \n\nAs customers, we all will be victimized by bad check writers if they use this type of loophole to take advantage of us. In addition, the bank did not state clearly in the agreement what they mean by \" Posted Status '' vs \" Pending Status '' Please help us as customer and consumer on this type of check fraud."
7896	"The company is charging me 100 percent interest on a loan I had no other option to take to get my vehicle out of the repair shop. I contacted them and they insisted that this was their policy, to charge 100 % interest on an original loan of {$740.00}. They want upwards of {$1600.00} in total. I am unable to pay such an amount and they are badly damaging my credit in the process."
7897	"I ADVISED EXPERIAN TWICE THAT XXXX XXXX WAS AN ACCOUNT THAT I AM NOT AWARE OF, SUSPECTED FRAUDULENT ACTIVITY. I HAVE DISPUTED TWICE AND IT IS STILL ON MY ACCOUNT. IS IMPACTING CREDIT WORTHINESS THROUGH NO FAULT OF MY OWN."
7898	"To whom It may concern, I recently, reviewed a copy of my XXXX credit report and { ALLY FINANCIAL } ran an unauthorized credit inquiry on me on XX/XX/2020. \n\nI never authorized such action and this constitutes a violation of my rights under the Fair Credit Reporting Act 604 as well as a violation of my rights to privacy. Please contact XXXX XXXX  XXXX XXXX and investigate such occurrence."
7899	"On XX/XX/23 I purchased 4 XXXX concert tickets my credit card by Navy Federal ending in XXXX. A few days later on XX/XX/23 I believe another charge for tickets for the XXXX concert shows up again on my card ending in XXXX"
7900	"I am a victim of identity theft. I am writing to request that you block the following fraudulent information from my credit report. I have no idea how the theft took place. I also have no knowledge of any suspects. I did not receive any money, goods, or services as a result of identity theft. Please let me know if you need any other information from me to block this information from my credit report. Thank you. XXXX XXXX XXXX"
7901	"I recently checked my credit report and noticed a few fraudulent accounts, inquiries, and address reporting on my credit file. Ive been dealing with this issue for a good while now. Back in XX/XX/2023, i contacted the bureau regarding these issues and still nothing. I am extremely upset and frustrated because i am trying to acquire a home for me and my family of 4 but these fraudulent accounts and inquiries are hindering me from doing so."
7902	"My personal XXXX and XXXX with Bank of America were closed. XXXX and XXXX Also my business XXXX that is in my name XXXX I have always handled my credit cards in a proper manner and always paid my bills on time, in fact I just made a payment on both accounts recently. There is absolutely no legal justification for closing my credit card accounts. Obviously, they are closing my accounts due to my advanced age and I consider this elderly abuse. Additionally, at least the card ending in XXXX has disappeared from my online login BofA profile XXXX  so I can not even see what is owed on it or what I should pay now."
7903	"Good Day, I am hoping someone may be able to help me with this file I am working with XXXX XXXX in the XXXX w BOA ... she has been great to work with but I think we have run into an issue with the value and the new investor that has taken over as of approx. XXXX XXXX 2016. \nI had been countered at XXXX back on XXXX XXXX ... .I received an email XXXX XXXX there was a new counter per the new investor and they were looking for an additional XXXX dollars from the buyer and or agents. \n\nThere is an appraisal performed from BOA and or the investor and this came in at XXXX in XXXX 2016. I also have a copy of this appraisal and a valuation letter from BOA that was used for the counter the buyer accepted. I feel the investor is taking advantage of a situation were there is no value and this was confirmed by both the BOA Appraisal and the buyers lender. I have explained to the bank if the investor is looking for a higher net or value the house needs to be rehabbed as houses selling for more money are rehabbed and in better condition. The buyers are first time buyers, they are a young couple w a small child and they made a fair and honest offer based on XXXX. They did make an attempt to locate funds from family but were advised it is not smart to overpay for something were the value is not there ... they would need to increase their offer from XXXX to $ XXXX and this is with slim closing costs the bank is paying. The loan is done and all they need is an approval and we can go to docs.. \nThe agent is very upset as we had been given a counter based the valuation performed and we also have an appraisal also at XXXX from the buyers lender. \nMy concern is any other buyer coming in will also run into the same issue and the value and or appraisal will be an issue. \nI am hoping you can help me..Thank you XXXX Attachments"
7904	"XXXX of my chase credit cards ( XXXX XXXX XXXX XXXX XXXX ) were closed out of no where without letting me know. No letters and no notifications of why my accounts were closed. I've been paying on time for at least XXXX or XXXX  years."
7905	"I am filing a complaint against Cash App XXXX XXXX XXXX XXXX ) due to inadequate customer service and unfair practices, which violate the Consumer Financial Protection Act ( XXXX ). Specifically, Cash App failed to take timely and effective measures to prevent and address fraud on their platform, leaving my account vulnerable and unprotected. \nFurthermore, their dispute resolution process was unfair and deceptive, as they did not comply with error resolution requirements under the Electronic Fund Transfer Act ( XXXX ) and XXXX XXXX These actions have caused significant inconvenience and financial loss, and I seek appropriate redress For these violations."
7906	"JMD pay This company provide me a certificate for providing some services like ( mobile recharge, electric billpayment, and cash withdraw threw aeps ) etc. They are saying its absoulutly free of cost aap .so i used this aap. Then he says keep transact threw this aap. I have tried once cash withdraw threw aeps XXXX rupees. It wthdraw from custmers account and add to JMD pay wallet. then i transfer wallet to my own account. its deduct some money then add to my own account. then I have withdraw XXXX rupees, but its not transfer to my account its only shows in wallet balance. I repeted and contact them mob ; - ( XXXX ) in this number. then he says ur account in under scheme u should transact minimun of XXXX then u can transfer total amount to ur account. I have do same thing I have no option because already my XXXX is pending in wallet. When I completed XXXX in wallet. Then I saw in wallet balance XXXX XXXX add in wallet. The company HOD on call this work complete. HOD say that after XXXX to XXXX minutes later u can transfer ur money wallet to ur account. After XXXX minute when i open this JMDpay aap I saw that wallet balance is only XXXX rupees missing. I call them no reply my JMDpay account inactive. kindly help me."
7907	"My banking institution USAA refuses to refund {$500.00} to my checking account due to XXXX scan that I immediately cancelled and disputed same day. USAA has refused to refund funds due to XXXX agreement that says do not send money to people you may not know. USAA refuses to provide documentation after receiving proof of SCAM email sent by XXXX. Multiple documents of proof of the scam was provided to USAA. After multiple attempts to escalate USAA refused to escalate the situation due to XXXX agreement."
7908	"This particular account situation that is lately filing on my own credit document has a seriously unfavorable relation to my personal ability to obtain a present loan application. I highly recommend you generate verification that DEPT OF ED/NAVIENT has been reported completely in accordance with the Fair Credit Reporting Act regulations, it's really a serious problem to mis-report. Moreconfirmation of the aforesaid item too. My proper request mustover, I was never 30 days/60 days/120 days late in any of my payments and I'm not greatly tuned in to the date opened so I prefer to ask you be investigated as soon as possible and confirmed to be correct. Thanks!"
7909	"On XX/XX/XXXX I was notified by a contractor that they hadnt received payments for 4 months. On XX/XX/XXXX they had sent me an email asking to update their direct deposit information. Apparently, XXXX did not flag this email as fraudulent and they updated the contractors contact information. I updated the bank account info as requested from them but it was a scam. I immediately called the bank they updated it to and also my bank. The bank they had me update it to ( XXXX ) said they couldnt do a reversal without the scammers permission which is silly. My bank ( Huntington ) said that since I knowingly sent the money that they didnt see it as fraud. I had my contractor email me saying this email was not sent by her but my bank still is denying reversal. The total over the 4 months of deposits was {$730.00}."
7910	"To whom it may concern. \nMy full name matching my passport XXXX XXXX ; Im from XXXX and I want to complain about a very concerning problem related to the payment service PayPal offered at paypal.com PayPal limited my account without prior notice and held my money for 180 days to cover any disputes. \nTheir customer service always promised that they will release my funds after 180 days. I logged in to my account after the 180 days passed to discover that PayPal stole my money and transferred all my balance to themselves under the false claim of nonexistent damages. There was no damage to PayPal and I believe their claims are false. All disputes related to my account was settled. PayPal acted in bad faith and debited random arbitrary amounts to empty my balance to XXXX enriching themselves from my hard earned money. \n\nPayPal transferred my whole balance and took my hard earned money under the Transaction ID : XXXX, XXXX. Under the common law, liquidated damages may not be set so high that they are penalty clauses rather than fair compensation. \nI believe PayPal acted in bad faith as a payment company, they have failed to offer the promised service. I believe that I was deceived and scammed by PayPal and I want to complain about these corrupt acts done by the payment company PayPal. I have tried to resolve this issue friendly with them many times but they always reply with canned and useless responses done by bots. PayPal failed to provide the advertised payment service. \nLooking forward to your reply. \nThank you"
7911	"- XXXX XXXX XXXX XXXX XXXX XXXX XXXX XXXX XXXX XXXX XXXX XXXX XXXX XXXX In accordance with the Fair Credit Reporting Act. The List of accounts below has violated my federally protected consumer rights to privacy and confidentiality under 15 USC 1681. \n\nI told XXXX, XXXX, and Equifax to reinvestigate these accounts : XXXX : XXXX, XXXX XXXX XXXX XXXX XXXX XXXX XXXX XXXX XXXX XXXX However, they stated everything was complete and accurate. But how is that possible if the open date, date of last activity and much more is incorrect. According to 15 USC 1681i ( 5 ), they are supposed to modify accounts that aren't reporting correctly.\n\n15 U.S.C. 1681s-2 ( A ) ( 1 ) A person shall not furnish any information relating to a consumer to any consumer reporting agency if the person knows or has reasonable cause to believe that the information is inaccurate."
7912	"In XXXX, XXXX, I received a Chase XXXX XXXX XXXX card. I was the primary cardholder for this account. On XXXX, XXXX, I left the business that this card was used for. On XX/XX/XXXX, the total amount on the card was paid off and I put a freeze on the account. Unfortunately, the account Freeze did not stop some pre-authorized charges from occurring. Since I was unaware of these charges, this account became past due. The problem that came up was that Chase did not mail any notices of this to the primary address, which is my home address. Instead, they mailed it to the business that I was no longer at. In addition, because I opted for Paperless, I should have received electronic statements showing the past due amounts. However, someone changed the email address on this account from my email to the email XXXX. I never authorized this change nor do I even know who this is. The result was that I did not get any electronic notices for this account. On all three credit bureau accounts they show a 60 and 90 day past due mark which has negatively impacted my credit score. Upon noticing the issue during a routine credit report check in XXXX, XXXX, the amount past due was paid in full. In the last 7 months I have tried to get Chase to remove these derogatory marks from my credit reports to no avail. I mailed notarized letters to all three credit reporting agencies yesterday but wanted to make a complaint as well. The account # for this business card is XXXX."
7913	"reported to Chase about payment taking out my account from vendor. Contacted vendor as well to stop payment. Chase charged me XXXX o stop payment with vendor not amount. following week another XXXX taking out account from this same vendor. Chase stated that for 18 mons this vendor or I couldn't pay anything from this account, neither could they touch the account. Called Chase got the run arounds, everyone said the agent lied who stopped payment, I am so frustrated with this process."
7914	"On XXXX I deposited my XXXX XXXX XXXX XXXX Pay check in person at local branch near the location I had been work at that day. When the deposit was done I received a receipt of the transaction then ask for estimate availability to my pay check. The response was tomorrow. To my surprise the follow day I woke up to a notification stating the my paycheck had been place on a ridiculous extend hold of the full amount to the XXXX. I have yet to speak to anyone who will help me. I am being told there is nothing that can be done after that hold is place on the check. No one can release it, and it done to insure the check does not bounce. I work for a government funded entity, I cant understand when has a XXXX XXXX XXXX XXXXXXXX XXXX pay check ever bounce. All 3 calls was with there customer service line with no resolution. I have been charge multiple over draft fee to automated payment I could not change, expecting my hard earn money to be in my account to cover my bills. I been force to use credit cards to get by, beside incur penalty due to the rejection of my automatic payments. This isn't the first XXXX XXXX XXXX XXXXXXXX pay check I deposited and never have dealt with such egregious treatment from a bank. The check was for {$2000.00} dollar which is well below the regulation that governor {$5000.00} and above. My account has been open for 10 or more year so new account regulation wouldn't pertain."
7915	"Nationstar has been improperly reviewing our client for their modification and has still not conducted a proper review for a modification. Additionally, even though Nationstar is in complete of a complete package pursuant to XXXX CFR XXXX and have not sent a letter to our client that they are not eligible for review, they affirmatively filed a motion with the court to seek a sale and were successful in obtaining a sale date in clear violation of the guidelines. \nRegarding the improper review for modification, they have wrongly denied the file a few times based on completely inaccurate income information without any explanation as to how they obtained the income amounts. During the reviews we have been given conflicting information as well including that the file was in review and the next date hearing from someone else the file is denied and then we were told the day after that the file is in review."
7916	"on or about XX/XX/XXXX I placed an order for some curling irons, via my XXXX XXXX XXXX XXXX, XXXX XXXX, order was placed over the phone, & my XXXX XXXX XXXX XXXX, was used to pay for this order. Invoice XXXX was created. On XX/XX/XXXX I received some of the items I order, along with the invoice for what was shipped out. Invoice reads total amount charged to the card {$140.00}. \n\nI went online for Comenity Capital Bank, to make said payment. However, the total amount Comenity Capital Bank billed for this invoice on the statement {$140.00}. \nI called in multiple times and spent more than 4 hours total being transferred all over the place. I have been advised someone would call me back, no one ever has. On XX/XX/XXXX XXXX in Purchasing said it was interest. But I have never held a balance, always pay immediately. Then he advised it's customer service, and wanted too transfer me back to them. I just spent 2 hours with them and they transferred me to Purchasing. \n\nOn XX/XX/XXXX I purchased items with a total of {$180.00}. But when I get my statement I have to pay {$180.00} else. Not {$180.00}. \n\nToday XX/XX/XXXXXXXX  My credit score dropped by 10 points because my debt increased. Comenity Capital Bank reported that I carried over a balance, and charged me {$2.00} interest on the {$1.00} they over charged my on my XX/XX/XXXX purchase. \nIf I would have used nay other card that day, the sale would have been over & done. XXXX would have received their {$140.00} for the items I received. \n\nIf Comenity Capital Bank rounds up purchases by a XXXX and we pay it, think of all the free money they get. That worked for them in XXXX. So for XXXX they try to get an extra {$1.00} with no explanation, no rhyme or reason. It's stealing and hoping no one notices."
7917	"Starting in XXXX of XXXX  I requested that the account be closed. They said it was closed out with nothing more I need to do. I check in on my credit history on annual credit report website, and it shows inactive but open. I went in branch to see about it. They said it is closed. It is not. I called the corporate phone for customer service. They said it couldn't be accessed anymore due to how old it was. I have no success getting this account closed."
7918	"Hi make Wise Business account for my online remittances. but without any notification and any warning they close my account. At the time of making account they charge me XXXX $ as there fee. I am using that account for my online services. I made my account on XXXX XXXX and at the date XX/XX/XXXX when I am try to login its shows your account is deactivated. Next day I make appeal on that but today I get E-Mail that we cant open your account and also we didn't let you know the reason"
7919	"Currently I am in the process of rebuilding my credit with some new credit entries on my credit reports that show being paid on time and yes some usage a little high, but I am making higher monthly payments to bring the balance down. \nI applied for a XXXX card that is issued by XXXX in XXXX XXXX SD. \nI received a response that I was denied for having old credit entries that are XXXX XXXX XXXX."
7920	"Hello, The problem I have is with Chase Bank - Chase.com. \n\nI have a checking and a credit card with Chase bank On XX/XX/2019 I submitted a one time payment online, using chase bank application, of XXXX $ - the payment was towards chase credit card Chase by mistake or by their application issue charged my checking account 2 times of XXXX . Therefore i can see that XXXX $ was taken away from my chase checking account. \n\nBut checking credit card processed and received only 1 payment of XXXX . So I lost XXXX $ ( 2 times of XXXX $ ) from my checking account and credit processed only one XXXX . Therefore Chase bank stole second XXXX $ from my checking account I'm calling chase bank daily regarding this issue, spend 5+ hrs on a call with chase bank, went to a chase branch, talked to at least 5 managers, sent at least 7 emails to chase bank Everyone I spoke to from the chase bank can see and they agree that XXXX $ disappeared from my checking account, they agree that bank somehow charged XXXX $ by mistake and those money has to be back, BUT none from chase bank helped to return XXXX $ back to checking. They keep directing me to debit card department, debit calling credit, credit finger pointing back to debit, managers pointing back to debit, credit, claim department, claim department telling its not a fraud and they can not help. I spent a week trying to return stolen by chase bank money and Chase bank did NOTHING to help so far other than finger pointing to its different departments"
7921	"On XXXX i went to the bank and deposited a check into my checking account. On XXXX the bank locked my account. I can understand putting a hold on the amount of the check but i had funds in there before the check. i had my car insurance coming out and i tried to use my debit card and was declined. I called the after hours line and twice they told me i could not have my money until XXXX XXXX XXXX so on XXXX i went to the bank and took him 15 minutes to finally tell me i could have the amount prior to deposit. but i declined that because i figure i might close the account down, but it's upsetting that the money is in my account but refused to help me until i went in person and told them i was going to contact you about the problem and i got laughed at from the manager. i figure it's my money why can't i have it, also on XXXX XXXX my payroll check was deposited and i am not allowed to have it either until XXXX. the bank also took and opted me out of receiving my pay 1 day early because of them locking down my account and wont fix it, so it's time to just close the account. Sad part is i never got a apologize for the inconvenience or getting back my early pay."
7922	"I want on XXXX and meet gen XXXX XXXX XXXX and what a big problem I sent him {$3.00} it was not all time. I think he was a XXXX men. I have all the informant in my computer. I just don't want people to do what I did."
7923	"I have purchased a truck on XX/XX/2020, from a car dealership, XXXX, that uses WEST LAKE FINANCIAL as the lender. The finance company, WEST LAKE FINANCIAL is covering up the fraudulent actions of the dealership by not requesting the title of the vehicle with in the 30 days of purchase. It has been past 60 days and the finance company has not received the title to the vehicle. These action are fraudulent. The finance company should eliminate any business relationship with the dealership as they have been know for title washing vehicles. The transaction took place in the state of Virginia, which it is illegal to sell a vehicle without a title. This cover up by the WEST LAKE FINANCIAL is unacceptable. The finance company should push for legal action to acquire the title from the dealership XXXX."
7924	"My account with XXXXXXXX XXXX XXXX XXXX XXXX XXXX XXXX XXXX was never late! I have had exceptional payment history with XXXX XXXX XXXX XXXX XXXX XXXX XXXX XXXX and all payments were placed on Autopay. This late payment that is reporting is a result on a systematic error on their end processing my payment. \n\nThis was clearly a billing error made the company and is not a reflection of my payment experience which violates USC Code 1681eb. This error has caused severe hard to my reputation, my character, my mode of living and to my family! \n\nI demand the late payment reported in months that are reported late to be removed. \n\nThey are not in compliance with the following law. 15 USC 1666b and its requirements set the standards and the guidance for a creditor to treat a payment as late, yet they are reporting a payment as late and they did not comply with the law! \n\n15 USC 1666b ( a ) Time to make payments A creditor may not treat a payment on a credit card account under an open-end consumer credit plan as late for any purpose, unless the creditor has adopted reasonable procedures designed to ensure that each periodic statement including the information required by section XXXX ( b ) of this title is mailed or delivered to the consumer not later than XXXX days before the payment due date. \n\n\nXXXXXXXX XXXX XXXX XXXX XXXX XXXX XXXX XXXX Never Sent the periodic statement along with the disclosures from section XXXX ( b ). \n\n\nI have requested proof that this information was mailed or delivered XXXX days before the payment due date and this information was requested in good faith pursuant rule XXXX and It was never provided. \n\nThis is unfair, illegal, fraudulent, and not equitable to me as a consumer! \n\nDelete the late payments from my consumer reports"
7925	"XX/XX/2023 XXXX took {$140.00} dollars out of my account an it was more then they should have it was taken at XXXX eastern time. I tried to contact them an they kept giving me the run around an not really answering my questions"
7926	"my mortgage on my condo was sold and serviced by shellpoint mortgage servicing on about XX/XX/22. about 2 months later I was informed I needed to have hurricane insurance. I did not receive a first notice and responded to a second notice. I was told if I did not get the insurance they would take out the insurance at a higher cost. I proceeded to get the insurance at a cost of about {$200.00}. I was told at that time that they had taken out insurance with there own company for aprox {$770.00} starting when they purchased the mortgage. My previous mortgage company did not require the insurance. I was told they would cancel there policy and I would be refunded. There policy was cancelled and I never received any refund. I have made about 5 calls to there company and been on hold for hours. I was never informed about the insurance, never received a binder or cancellation notice. They just charged me for it and sent me no letters or paperwork. I feel I am being given the run around and they are stealing money for. I keep getting promised return emails and phone calls which I never receive. I received one email."
7927	"On XX/XX/XXXX I filed a claim XXXXagainst XXXX for not being able to accurately connect me with student loans. You guys responded with none of the loans were of wet signature and all of them were signed via electronic. When indeed XXXX XXXX XXXX anything that I did it financially whether it was through XXXXXXXX XXXX XXXX or the money that I was receiving due to me being in a in foster care were signed with a wet signature. At this time XXXX XXXX XXXX  was over these alleged loans maybe you guys can acquire accurate information from them. Because I believe that's how the debt was given to XXXX. So they are accusing me of signing it via electronic when I did no such thing. \nIf not able to do so then I demand accurate information about those years in question or to delete / remove the alleged debt permanently from my credit report. I want a investigation of fraud for the following amounts : {$5500.00} for Loan Sequence 1, and {$7700.00} for Loan Sequence 2."
7928	"My mortgage originated XX/XX/XXXXXXXX  with XXXX XXXX which was included in a XXXX  XXXX Bankruptcy and the debt was discharged XX/XX/XXXX. I am still residing in my home as I chose to \" pay and retain '', however DID NOT reaffirm the debt nor did the creditor obtain a relief from the automatic stay. \n\nOn XX/XX/XXXXXXXX  my mortgage with XXXX XXXX was transferred to PHH for servicing. Although XXXX XXXX discontinued credit reporting as required under the bankruptcy laws, PHH unfortunately resumed reporting my mortgage balance, payment history, etc. to all XXXX major credit bureaus. \n\nAfter consulting with an attorney about this, I have been advised that the credit reporting of the account by PHH is a direct violation of Bankruptcy Code. See 11 U.S.C. 362 ( k ) and willfully violates the automatic stay as this violation injures an individual. The law also requires the creditor to pay the individual actual damages, including costs and attorney fees, and may be required to pay punitive damages to punish this violation.\n\nBefore I pursue legal action, I am requesting that PHH provide me with supporting documentation verifying how they are able to report my mortgage to the credit bureaus when the debt was successfully Discharged in a XXXXXXXX XXXX  Bankruptcy, not reaffirmed and Relief from the Automatic Stay was NEVER obtained by the original creditor? \n\nPrompt and immediate attention is greatly appreciated. \n\nThanks!"
7929	"Date card was opened says XXXX credit limit says {$150.00} balance {$0.00} when I called about this account they said that they have no record of me in their system I would like this account removed from my creator report asap"
7930	"Have 45 yr mortgage with Wells. Im a single XXXX  bankrupt mom sick after XXXX XXXX XXXX gone wrong. Wells never paid my escrowed home insurance. They lied over 6 weeks claiming on XXXX bulk check denied then said another left on XXXX then told that never went out. Then told next check sent XXXX but insurance never received. Then exec office XXXX XXXX told me last Friday new check was overnighted. But that one never received either. Wells is taking my home leaving son and I XXXX  on streets as I XXXX XXXXXXXX XXXX. By escrow law they were supposed to pay"
7931	"On XX/XX/XXXX I was scammed by someone impersonating a Huntington bank employee for a grand total of {$3000.00}. This individual text me that someone was attempting to make a XXXX transaction of {$1500.00}, the individual spoofed Huntington 's main customer service number and explained to me on the steps I needed to take on Huntington 's mobile banking app to reverse this XXXX transaction. The next day XX/XX/XXXX the same individual called me from Huntington 's number again and instructed me on how to redeposit the funds that were taken out of my account the previous day.\n\nI had immediately contacted Huntington when I did not see the {$3000.00} in my account anymore. Since XX/XX/XXXX Huntington has had this information and has yet to give me an answer on this investigation. I was initially told that the likely hood of me receiving my money was slim since I had to authorize the transaction through XXXX. I was coerced into sending this transaction."
7932	"My home insurance company ( XXXX ) claims ( as of XX/XX/XXXX ) that I have not paid for my home insurance because the bank ( Suntrust, now Truist after merger ) managing my mortgage and escrow sent a \" bulk check '' with 60 different mortgage holders on the check, and the insurance company is/ has been unable to connect this bulk check to my insurance account. \n\nThe check was sent from Suntrust, now Truist, to XXXX on XX/XX/XXXX. The due date from my insurance company was XX/XX/XXXX. \n\nSuntrust, now Truist, believes they have paid the escrow, while XXXX believes they have not. I and possibly 59 other mortgage holders are caught in between. \n\nThe bank claims they can not confirm whether or not the insurance company has received the check until 30 days after issuance of the check by the mere fact it was a bulk check and the insurance company is given 30 days to process it. I have no idea if this is a true statement, whether there is a financial law or regulation making it so. \n\nBut because of this delay, this automatically means escrow payments will be late in the eyes of the insurance company. \n\nMy other concern is the bank will do the same for my property taxes. \n\nXXXX has extended my grace period for one month, though because of the holidays, this gives me maybe 2 or 3 days to resolve the problem. I shouldn't have to be the one to resolve it. \n\nSuntrust, now Truist, gave me the check number, the check amount, and the number of names on the check on XX/XX/XXXX. They claim that they can't check whether the check was cashed until XX/XX/XXXX. XXXX at XXXX was the point person at Suntrust, now Truist."
7933	"Re : Sequium Asset Solutions , LLC XXXX XXXX XXXX XXXX XXXX XXXX, XXXX, GA XXXX Sequium was collecting an old debt owned by XXXX in the amount of {$530.00} ( reference number : XXXX ). We settled for {$230.00}. Each time I call, they confirm, \" yes, '' you settled ; the account is closed, but they are refusing to email me documentation. This has been persisting over and over again. A representative today told me, \" there is a 90 % chance you will receive the letter. '' How is this possible, when there is a 100 % chance we have agreed on a settlement and we agree that it is paid and the account is satisfied? Please, any help in enforcing the right to documentation would be greatly appreciated."
7934	"Planet Home Lending , LLC responded to my prior CFPB complaint with accusatory and inflammatory language rather than conducting a substantive investigation. \n\nPlanet alleged fraud and participation in a debt elimination scheme without providing evidence, documentation, or addressing discrepancies reflected on my IRS transcripts associated with my loan. Planet failed to identify the reporting entity responsible for IRS Cancellation of Debt entries appearing under its name and did not explain duplicate or corrected entries. \n\nInstead of addressing the substance of my inquiry, Planet relied on speculation, mischaracterizations, and threats, which is inconsistent with fair servicing standards and CFPB expectations."
7935	"On XX/XX/XXXX or XXXX I don't know which one rough hand PayPal put a limited block on my account the manager say I need to send a ID in and I did it and the computer rejected said it was a fake ID so the manager said can you send a ID besides your face and I will unblock it so I did they unblocked it they blocked it back immediately about 5 minutes later so I need to change my password I changed my password then they say oh it's because a I filed a fake person tried to take money out of my account PayPal credit through XXXX XXXX and XXXX XXXX told me I was fine they took care of it they actually gave me a new card and fix the problem they said PayPal should not block me because I have nothing else with them and they clear my name and a call back PayPal to let them know and they said the back office said the bottom line they are blocking my account for XXXX months and holding my money I have {$93.00} and some change and {$1300.00} in my savings with them all I want is my money back I am leaving PayPal I'm not coming back they can keep it blocked they can do whatever they want to do I just want my money back"
7936	"I am filing a complaint against cash app ( Block , Inc ) Due to an inadequate customer service and unfair practices that violate the consumer financial protection act. Cash app did not take the necessary time to address any fraud on their platform, leaving my account open and vulnerable and unprotected. Furthermore they're disputes resolution process was unfair as they did not comply with error resolution requirements under the Electronic Funds Transfer Act and Regulation E. These situations have caused extreme financial loss and inconvenience. I seek appropriate redress for these violations."
7937	"I opened up my account with Wells Fargo online, and I had an offer of getting a {$300.00} bonus with qualifying activities which were Receive a total of {$1000.00} or more in qualifying electronic deposits to your new checking account within 90 calendar days of account opening ( the qualification period ).\n\nOnce the 90-day qualification period has elapsed, we will determine if you have met the offer requirements and will deposit any earned bonus into your new checking account within 30 days. I have qualifying activities yet the bank assumes I did not do it the correct way when opening online. I opened my account online and had to go into the branch and verify my identity, Im not sure if thats potentially where the disconnect is. However, I have tried endlessly to advise Wells Fargo it must be a system error in their part. REF # of phone call via Wells Fargo Customer Service is XXXX."
7938	"My rights are being violated, 15 U.S.C. 1692g ( b ) of the FDCPA requires debt collectors to cease collection activities and provide proper validation of the debt when requested in writing within XXXX days of initial contact. The accounts XXXX referenced are not 100 % accurate. Until you provide competent evidence that validates the debt including a signed agreement, full account history, and verification of your authority to collect you must cease all collection efforts and remove the information from my credit report. . ( switch up the wording up that you understa"
7939	"I just received a ReliaCard in the mail today. I never requested this and I contacted US Bank and asked them to cancel this account. They informed me to filed a complaint and notify the proper authorities. I did not call the number on the card or use the web site provided. I actually found an article from XXXX Colorado that was explaining this fraud issue and the article provided a valid number."
7940	"Credit Bureaus refuse to remove fraudulent accounts after providing Police Report and FTC identity theft report. Following account is XXXX which I have never heard of aside from the fact the company filed bankruptcy and they are reporting a charge off on my report"
7941	"Late XX/XX/, I disputed the transaction with the company in regards to XXXX XXXX XXXX XXXX XXXX billed on XX/XX/2023 for {$350.00}. The company provided a temporary credit. On XX/XX/XXXX, the company provided a letter stating they reversed the transaction because of lack of \" proof of cancellation ''. I submitted a response on XX/XX/XXXX stating the merchant \" terminated '' the service with bogus reason hence no cancellation from my side was needed. On XX/XX/XXXX, I submitted the response again stating 1 ), the merchant breached the contract first thus no cancellation obligation is needed from me 2 ), the specific details why the merchant breached the contract. Capital One denied my claim immediately on the ground of \" lack of requested documents ''. I called in to confirm the requested documents again, after 4 representatives, they confirmed with me 1 ), purchase agreement or invoice ; 2 ), proof of cancellation ; 3 ), terms and conditions ; 4 ), refund voucher or not ; 5 ), description on what happened. I explained to the rep that 1 ), I was never provided a purchase agreement or sales receipt, that's the fact from the initial filling ; 2 ), the merchant refused to provide service and breached the contract hence no cancellation needed from me ; 3 ), I have already provided a copy of the terms and conditions ; 4 ), I have already provided a description on what happened and details. 5 ), the merchant refused to provide a refund. \n\nCapital one refused to dispute this transaction on the ground of lack of sales invoice or purchase agreement. The reason is that because the merchant refused to provide me with those documents upon three attempts."
7942	"As a consumer, I actually have protection under the law that is delivered to me to secure me from misinformation simply being noted on my credit report. At this time I would like to prepare another appeal for investigation before I confer with my own counsel to obtain advice on how to handle fraudulent, incorrect and unverifiable accounts that are keeping to be established as correct. Be sure to generate me with a duplicate of the agreement signed or voice interaction where I permitted charging me regarding these accounts. \n\nXXXX XXXX XXXX XXXX XXXX XXXX XXXX XXXX"
7943	"On XX/XX/XXXX or XXXX, I had initiated a domestic wire transfer from my bank, XXXX XXXX XXXX XXXX to PNC Bank N.A . in the amount of {$54000.00} dollars. I supplied all of the necessary account details for the account at PNC Bank N.A.. Then the next day, I looked at my document, I see that I had provided the account number which was missing one digit, it was missing a zero in the last four numbers of the  account. I proceeded to go back to my bank to initiate the cancellation of the transfer. The XXXX XXXX XXXX XXXX initiated the first recall of wire request on XX/XX/XXXX. No followup response from PNC Bank N.A . so my bank sent another recall request on XX/XX/XXXX. In two weeks ' span of time, I have gone back and forth by phone and to my physical bank in XXXX, Massachusetts to get this sorted out and I am getting to the point of beyond frustration. I had confirmed with the account holder myself and advised that the money has NEVER arrived to her account. Therefore, I have also contacted PNC Help through XXXX which a woman by the name of XXXX is sending my request to resolve this to their Escalation Team. It shouldn't have to get this far already. It is ridiculous with the back and forth phone calls and aggravation of not getting a clear answer on when I was going to get my money back. There is NO reason why PNC Bank N.A . 's Wire Department did not process the recall request as it came to them from my bank TWICE. It is UNACCEPTABLE and makes me angry."
7944	"DEPOSITED Life Ins proceeds check from XXXX XXXX XXXX. COMPANY- thru atm XX/XX/XXXX. MY MOTHER DIED. No immediate credit of {$300.00}. XXXX FUNDS avail and then a 10+ day HOLD PLACED ON THE CHECK drawn on XXXX  XXXX. AGAIN LIFE INS PROCEED CHECK - my mother XXXX XXXX - passed away. I went into the branch XX/XX/XXXX, MGR at XXXX, stated next time bring the check inside and we can review/override the hold for you. I would but this branch has gone to skeleton staff, no drivethru service- are they closing this one too? I closed my mother 's acct XXXX XXXX while I was in the branch and provided death certificate as well. I also deposited XX/XX/XXXX {$4300.00} other insurance check from XXXX XXXX and had no issue. I also have Multiple accounts with BOA, retired from BOA, and have done business with since XXXX. I called Sat, spoke to XXXX and her supv XXXX ( XXXX ) XXXX in XXXX XXXXgot now where and no explanation for the EXTENDED HOLD TIME. ( both reps just DIDNT seem to CARE ). I was told call back Tues when we have image of the ch uploaded. I called again the morning and spoke to multiple reps again. XXXX in AZ and some female, neither would give me reason for hold stated confidential? I AM THE CUSTOMER AND HAVE RIGHT TO KNOW WHY MY CHECK IS BEING HELD!!!! THIS IS NOT A GAME>>> REP. Hinted at everything from fraudulent check, to oh it may be returned by the company? Reminded them this is a reputable Company XXXX XXXXXXXX XXXX . Refused to remove hold and major issue REFUSED TO TELL ME WHY THE HOLD WAS THERE. I DEFINATELY believe they are USING CURTOMERS FUNDS FOR OTHER PURPOSES- HOLDING OUR MONEY FOR THEIR GAIN. I offered to send letter from Insurance proceed ck etc. DIDNT CARE and offered not help at all."
7945	"Regarding : Citibank card : Cardmember since XXXX Account ending in XXXX I had a fraudulent charge on my card in California. I live in GA. I called them. They said they would remove it, cancel the card and send me a new one. They did send me a new card ending in XXXX. I have not even activated it yet! And there are ALREADY NINE fraudulent charges with XXXX and XXXX XXXX in California. I have called them and used their website. It will not let me dispute the charges online, so I used the chat function last night and again today. They keep giving me the runaround and are allowing these charges to continue"
7946	"I have asked Portfolio Recovery to validate a collection they are reporting on my credit reports from XXXX/XXXX/16 to XXXX/XXXX/16 and they have failed to provide anything that would support the fact that they are attempting to collect on a debt without an agreement or contract. Nor have they supplied anything other than a statement on one of the collections. I told them that I would be reporting them to you but they obviously do n't fear you because they failed to delete themselves or answer questions about the debt ( s ) that they are using to damage me financially. Its damaging my credit and it is important to me."
7947	"All three bureau have not updated my credit report regarding my credit history with XXXX XXXX for more than 10 year of establish credit history. \n\nXXXX has not investigated XXXX XXXX 's medical bill that is in collection which was paid for by Medicare and Medicaid. \n\nXXXX has not removed the bankruptcy from XXXX XXXX credit report after investigation show that the case is closed and dismiss. \n\nAll three credit bureaus as nodt conducted investigations regarding all inquiries on all three credit reports. \n\nOn XX/XX/XXXX my student loan that what's paid in full nevertheless none of the three credit report has my accounts il paid in full required by the law. \n\nOn XX/XX/XXXX all three credit bureaus delete it my student loan credit history after making a payment and XX/XX/XXXX. \n\nAll three credit bureaus has refused to conduct any investigation from XXXX to XXXX regarding student loan debt collection items and establish credit history There is no supporting facts to support that any investigation has been conducted. \n\nAll three credit bureaus has refused to conduct investigation from XXXX to XXXX under the fcra I am XXXX  XXXX a limited on resources it has established my credit history why working with various difference institutions dividing my student loan debt nevertheless all three barrels are refusing to report accurate information from the department of education and XXXX XXXX"
7948	"NAVIENT raised my payment and its too high. I signed up for Income Dependent Repayment, and the raised my payment amount. Also they claim there are unpaid fees, that I was n't aware of. Because they never told me about any fees. Also the loans originated at XXXX, NAVIENT has all personal information, they got, it, with out my knowledge."
7949	"I opened an account with Wells Fargo XX/XX/22. I gained access through the app that week. On XXXX I sent a XXXX of {$500.00} from my XXXX XXXX XXXX  account to fund my Wells Fargo account. Yesterday on XXXX I lost access to mobile and online banking. I called Wells Fargo who said my balance was {$15.00} and that I will not be allowed access to my account. Wells Fargo not only is not allowing me mobile/online access to my account despite me providing all of my info to them. Wells Fargo has also \" lost '' or stolen my {$500.00} which I need to pay bills. I called Wells Fargo again today XXXX to gain resolution and was told to go XXXX myself they can not help me. I am writing to the CFPB to hopefully gain access to my account and get my money back."
7950	"On XX/XX/year> I received a call back at XXXXXXXX XXXX from Aidvantage XXXX I requested the XXXX representative to provide me a lower cost for my student loans b/c I couldn't afford the monthly payment I was going to be paying due to financial hardship. She had advised me they could do XXXX XXXX for XXXX & she was going to send the application or to me to fill out & I'd receive it in XXXX. This form came the next day but it didn't mention XXXX in length, XXXX being the XXXX on it. When I reached out via chat & spoke w/a rep named XXXX, XXXX stated they can only do XXXX. I asked her to put me on that for now, but I want to speak to a supervisor as I want what I was promised verbally on the phone yesterday & that this is now a highly illegal 'bait-and-switch ' scheme. I even instructed XXXX XXXX to have her supervisor listen to the call yesterday as it would show that I was indeed promised the XXXX XXXX for XXXX XXXX XXXX then told me I can't speak to a supervisor over the phone & they do chats only. This is absolutely horrendous albeit illegal what this loan servicer is doing to me & I'm also considering legal assistance if I can not get what I was verbally guaranteed on the phone from the female representative on XX/XX/year>. After waiting a few moments online, XXXX disconnected & ended the chat & I never got the chance to speak to a supervisor."
7951	"Re : Complaint U S BANK - Case # XXXX I received the response of the US BANK thru mail. \nIt is worth noting about the CHANGES made in my MOBILE BANKING Statement of XX/XX/2017 after I called US bank Customer Service that I reported the Case / issue above to the Media. \nBefore calling US BANK Customer Service I communicated to the US Bank Manager XXXX XXXX XXXX of XXXX XXXX XXXX XXXX XXXX,  CA and CONFIRMED that the MONEY in Dispute was NOT Yet credited to my account. \nBoth of us went to the XX/XX/2017 Bank statements and had the same Verdict NOT YET CREDITED ... \nI was told by the US BANK Customer Service to speak again with the Manager because he will talk to him ... \nSo I did and after XXXX XXXX had LUNCH on the same day ( above ) I spoke with US BANK Manager and Customer Service and got all my 2017 bank statements printed out. \nThe demeanor, facial expression and tone of voice of the US Bank XXXX XXXX XXXX had changed .... mad and somewhat under pressure. \nThen he ( manager ) gave me the CHANGED VERSION of the XX/XX/2017 Bank Statements and said, ACCORDING TO THEM THEY ALREADY GAVE BACK THE MONEY.,,, I Stated, BUT YOU AND ME KNEW PRETTY WELL THEY DI D NOT. \nThe people in this mentioned above location were friendly, goes to extra mile to help and honest ... the dilemma in this predicament started at their own FRAUDELIENT TEAM and Customer Service. \nBefore the issue reached the US bank President, the problem had has already been GREATLY MODIFED to Cover the Tracts."
7952	"These are medical bills that have the incorrect amounts. All of the collection items from United Revenue Corp says that I owe {$840.00} for medical services. This information is incorrect and a violation of HIPPA law and I have repeatedly asked to remove the accounts and they refuse."
7953	"There is way too many inconsistencies and misleading information with Bank of America. \nXXXX XXXX a merchant charged me {$360.00} to my account after I canceled within the trial date timeframe. ( I have proof of conversations to cancel within the same day ) I called Bank of America and filed a claim in which they said it will be 45 days. After 45 days, I called back and was then told it will be 90 days. \n90 days later and still no credit back to my account or even a temporary credit. However when I called today, I was told that the merchant has 2 opportunities to respond. \n\n."
7954	"- XX/XX/XXXX : my leased vehicle was totaled in an accident where I was not at fault - XX/XX/XXXX : I made an on-time lease payment as I waited for XXXX to process the claim - XX/XX/XXXX : XXXX paid the Bank of America XXXX XXXX XXXX , the leasing company - XX/XX/XXXX : I called BofA to verify my account was fully paid off. The call was recorded and they confirmed it was paid off/ no amount owed by me - XX/XX/XXXX : I called BofA asking for a refund of my XX/XX/XXXX lease payment. In that recorded call, they confirmed again there was no amount owed by me - XX/XX/XXXX : I received a letter from BofA saying my account was in collections but there was {$0.00} owed by me ( letter attached )- XXXX XXXX, XXXX : I receive a credit alert that BofA had closed this account and that I owed more than {$15000.00} - Last few days : I have called BofA repeatedly trying to figure out what is going on and they have extended their resolution timeline from XXXX hours to XXXX business days to XXXX  days to now \" you'll get an update on the status in the next few weeks ''. I also confirmed with BofA that their system is showing many different possible numbers that I might owe, from {$0.00} to {$17000.00} and none of the # s tie to the {$15000.00} that was reported to the credit agencies. \n\nThis situation is unacceptable. This is a hugely negative impact on my credit on an account that I was repeatedly assured has a {$0.00} balance and I have no visibility on when it will be resolved"
7955	"I filed a complaint with your agency CFPB against Medical Data Systems complaint ID # XXXX on XX/XX/XXXX my complaint stated that medical data systems has continued to place collection accounts on my credit reports reinserting changing account names or amounts slightly to slip by the credit reporting agencies. These collection accounts where on my XXXX  credit report XX/XX/XXXX after dispute and reinvestigation the accounts remained unchanged until I filed a complaint with CFPB and XXXX   and wrote a letter to Medical Data Systems informing them I was going to take legal action because of their deceptive and unfair collection practices. This collection agency attempted to collect on {$16000.00} with a total of 26 separate accounts all being medical. I am unsure if this is the companies attempt at defrauding the Veterans Administration because of my XXXX XXXX XXXX status, or just an attempt to defraud me personally. This complaint will be followed with a complaint to the Attorney Generals Office here in Texas and if nothing is done to prevent this from happening again to me or other Americans in general I will personally hire an attorney and see that this company answers for their deceptive and criminal ways of doing business."
7956	"Unfortunately, Ive experienced repeated servicing disruptions including autopay errors, inconsistent account access, and delayed postings. These have resulted in XXXX late payments being reported to my credit profile. These were not due to financial hardship or intentional delinquency, but rather technical and administrative complications outside of my control. \nSpecifically, the following months are being reported as late : - XXXX XXXX XXXX XXXX XXXX XXXX XXXX XXXX XX/XX/year> My loan agreement requires Earnest to provide clear and reliable access to payment services. The documented issues suggest a lapse in that responsibility. Ive made every effort to resolve this and resume on-time payments. \nI understand that the Fair Credit Reporting Act ( FCRA ) does not require reporting of every late payment and permits data furnishers to make discretionary updates. The Consumer Financial Protection Bureau ( CFPB ) has also previously reviewed similar issues with Earnest, compelling tradeline corrections where system errors caused misreporting."
7957	"My personal and financial information was compromised in XXXX of 2025 without my authorization. The family education rights and privacy act, FERPA, protects the confidentiality of student records. This breach is a clear violation of FERPA and your responsibility to safeguard my information. Given the severity of this breach and resulting compromise to my personal and financial information, I request that you immediately cancel and discharge my student loan debt in full."
7958	"When purchasing my XXXX from the dealership, the dealership claimed my credit score was XXXX when in actuality all 3 credit companies stated my actual score was XXXX, a difference of 50 points. Today, when trying to refinance the same car, Rate Genius states my score is XXXX when in actuality it is XXXX. It should be illegal for companies selling loans to misquote credit scores in order to sell higher interest loans. I think this violates truth in lending. This needs to stop! Especially when consumers clearly have access to their actual numbers!"
7959	"I am disputing the accuracy of Capital Ones reporting for account XXXX. I submitted a formal dispute on XX/XX/XXXX, highlighting contradictory data. Capital One responded on XX/XX/XXXX, but failed to resolve the discrepancies, instead simply repeating the inaccurate information.The following data points provided by Capital One are legally and logically inconsistent : Contradictory Status Dates : Capital One claims the account was \" Closed '' on XX/XX/XXXX, yet acknowledges a \" Last Payment '' was made on XX/XX/XXXX. An account can not be closed for 6 months while still accepting active payments and maintaining an open delinquency clock.Charge-off Timeline Violation : They report a \" Charge-off '' on XX/XX/XXXX. This is only 49 days after the acknowledged payment on XX/XX/XXXX. This violates the standard industry practice and federal guidance of a 180-day delinquency period before a charge-off occurs.Inaccurate Utilization Reporting : They are reporting a balance of {$1700.00} against a {$1200.00} limit ( 149 % utilization ) on a closed account. Reporting a \" limit '' on a non-extending, closed line of credit in this manner is misleading and creates a defamatory credit score impact.Capital One has failed to conduct a \" reasonable reinvestigation '' as required by the FCRA ( Fair Credit Reporting Act ) because they ignored these internal contradictions. I am requesting a full deletion of this trade line due to these systemic reporting errors and their failure to verify a consistent timeline. Also they failed to provide the comprehensive list plus interest including the original contract with wet signatures."
7960	"I was told by Original Creditor - XXXX that Nationwide Credit Inc. ( NCI ) is the servicer of this old charged off XXXX store card account. They provided me with this phone # XXXX to contact to pay this account in an effort to have it removed from my credit report. However, this company has never contacted me, nor sent me anything with regard to this to dispute it nor anything else and when I call - which I have done NUMEROUS times they have a recorded message that will have you wait on hold for a moment then will say they are not able to take your call and to call back or leave a message. I have tried emailing them and faxing them to no avail. I CAN NOT get ahold of this company in any form or fashion and we are purchasing a home and must get this account Paid/Settled. Can you please look into this matter and contact me back regarding this matter. I can be reached via email at XXXXXXXXXXXX or via phone at XXXX or via mail at XXXX XXXX XXXX # XXXX XXXX, TX XXXX. \n\nThank you, XXXX XXXX"
7961	"Midland Credit Management is a XXXX party debt collector whom was granted a judgement by XXXX XXXX court against me for a debt that was full of identity theft and fraud. It was after this that it was found out through investigative means that this same entity used the court date, and associated account numbers to open treasury Direct accounts to the sum of XXXX dollars without my express written consent. Upon finding this out Midland Credit Management XXXX XXXX  was informed by mail of there fraudulent actions, and a request was sent to them to audit the accounts, explain why they opened these accounts, close the accounts, and to properly send the proceeds back to me, of which belong me since my personal information was used to open these accounts. Instead of sending me information with regard to these accounts opened by them and not me, they ignored this serious situation by sending me irrelevant information, and there after placing a garnishment against me instead of rectifying the situation, being that this is a serious situation."
7962	"After seeing coinbase.com on XXXX, I decided to buy bitcoin, ethereum and litecoin.\nAt the moment, I should have Bitcoin : approx XXXX coins Ethereum : XXXX coins Litecoin : XXXX coins On XXXX XXXX  2017, my coinbase account requested my user name and password to log in. After I provided, the message came up to go to support and provide my ID and proof of address. I uploaded my drivers license and sent it to them.\nI received a message that \" support @ coinbase is no longer enabled ''.\nI opened a case with their online support. Case # XXXX.\nA few hours later, I received a response \" We will follow-up with you as soon as we have an update. '' As of today, I have n't received a resolution or response.\nI see several other unhappy customers that are in my position. How can a company run their business without timely customer support? How can they still continue advertising and generating new clients with out rectifying the issues with their previous clients.\nI suspect that this is a billion dollar ponzi scheme!\nPlease help"
7963	"XXXX XXXX, ( XXXX ), ( XX/XX/year> ) This CFPB complaint has been filed to request pursuant to FCRA XXXX ( 15 U.S.C. XXXX ) that you, the Equifax credit reporting agency , block information appearing on my consumer credit report that is the result of identity theft and fraud within XXXX business days of you receiving this complaint. This fraudulent, inaccurate, and false information consists of XXXX - XXXX These accounts have resulted in several fraudulent hard inquiries and fraudulent collections appearing on my consumer FICO credit report. All of the aforementioned accounts, collections, and hard inquiries are the result of identity theft and fraud. I have attached a copy of FTC Identity Theft Criminal Complaint ( XXXX ) as proof from the XXXX Federal Trade Commission that all of the aforementioned consumer credit accounts, collections, and hard inquiries are the result of identity theft and fraud."
7964	"I have a loan with DYCK ONEAL. I have always made my payments on time. For some reason, I realized that there were late payments on my credit report. As you can see, I have always had a stellar payment record with this company. I tried contacting XXXX, XXXX and XXXX  with no successful resolution. There was definitely an error on their part. I was never late."
7965	"On XXXX XXXX, 2017, I received a text offering a payday loan. Since I was in financial need at the time, I clicked on the link in the text and filled out the online form. I then received a phone call from a woman at XXXX XXXX XXXX who walked me through the steps to get approved for a {$1000.00} loan. When I asked the rep how much this loan would cost me, she informed me that with the interest, the total amount to pay back was {$1100.00}. I received an email stating that my loan was approved and the funds were on the way. \n\nAfter making my initial payment of {$330.00}, I noticed that the loan balance had not decreased very much, so I contacted the company. A rep informed me that only {$50.00} of my payment went to the balance and that the rest went to interest. The rep then emailed me an interest statement that I \" allegedly signed '' agreeing to an astronomical interest rate of over 600 % and that the cost of the loan was actually {$4000.00}! \n\nI never signed this interest disclosure and was not ever made aware of anything that was included on it. After further review of the disclosure, I realized that my name was n't even spelled right on the document and the electronic signature, with my name spelled incorrectly, was time stamped for XX/XX/XXXX at XXXX. The loan approval email was received on XX/XX/XXXX at XXXX. How could I have signed something at XXXX when the loan was already approved and the funds were being transferred at XXXX. I never saw this disclosure statement nor did I sign it when the loan was initiated."
7966	"On XX/XX/year> I noticed a transaction ( s ) on my Wells Fargo Bank Account totaling XXXX that I did not authorize. The transaction was still pending when I called Wells Fargo on XX/XX/year>. A Wells Fargo representative informed me that transaction was completed using Bill Pay. I have never enrolled in Bill Pay and have never used Bill Pay. Subsequently, I received a letter from Wells Fargo dated XX/XX/year> stating my \" claim has been denied, '' and to consider my claim closed. The letter went on to state that I could request copies of the documents they used to make this decision Monday through Friday XXXX to XXXX Eastern Time. \nOn Monday XX/XX/year> I called Wells Fargo to request documents of the investigation that resulted in my claim being denied. This was the first Monday after I received the letter of denial. The Wells Fargo representative said it could take a month to get these documents to me. \nOn XX/XX/year> the same day that I filed the complaint Wells Fargo closed the original account and opened a new account to prevent further fraud. XX/XX/year> I filed a police report regarding the matter."
7967	"Attached is a letter from Nationstar stating that I requested for assistance. I do not know which assistance Nationstar is referring to because I never requested for any assistance nor did I discussed it with anyone at Nationstar. \nOn XXXX XXXX, XXXX, at about XXXX, I spoke with my XXXX, XXXX XXXX about the status of my XXXX Loan Modification which they took over from XXXX Bank in XXXX as that XXXX Program is still in progress and yet to be resolved. She told me I have to re-apply for the program again and according to her the water shed is XXXX XXXX, XXXX : I think she meant to say deadline. I told her the deadline is for New applicants to the Modification Program to give them the opportunity to apply for the program to help modify their mortgage loan to a more affordable monthly mortgage payment. She disagreed with me and said both old and new applicants are to re-apply again. I also told her once you are in the program, you are in and there is no deadline for old applicants and that includes me. However, she decided she will mail me a packet and will be over knighted to me. Again, attached is the packet via XXXX. Also attached is my phone conversation with her on XXXX XXXX, XXXX at about XXXX regarding the matter."
7968	"My account with Coinbase has been \" temporarily disabled '' since XX/XX/2018. \n\nMy account was frozen by Coinbase after I reported a 3rd party was attempting to access my account. \n\nIn the last 4 weeks I have emailed and called on numerous occasions, trying to have this restriction removed. Support staff keep telling me \" specialists '' are looking at my case. Apparently these \" specialists '' only operate via email and the support staff has no way to contact them. \n\nI have several thousand dollars being held captive by Coinbase and I feel nothing is being done to resolve my issue."
7969	"We 've made multiple attempts to cancel and obtain a clear reconciliation of our escrow account since 2014. We 've contacted CMS by phone and letters ( via fax per their instruction ) to no avail. In many cases, we received no response. The responses that we have received have been conflicting. Our monthly payments have continued to rise since opening an escrow account with CMS, although we 'd been told that they would decrease after we 'd paid the escrow balance off, which we 've done. \nAlso CMS recently informed us by phone, that their records indicate that our mortgage loan is set up on a term that is incorrect. They claim that we have an ARM although we have documentation from CMS as late as XXXX 2014 stating that we have a 30 year Fixed Rate Mortgage. We have not completed any refinancing or modifications since that time. We 've spoken with countless reps, supervisors and departments over this period, and have not been able to receive any clear answers or resolution. Although we document the names of reps that we speak with, and they advise that they are documenting the system and/or requesting escrow account audits, we call back to only find that neither have been done and we have to start from square one with each CMS representative that we speak with. We have exhausted all resources with CMS to try to and resolve these matters with no success so engaging CFPB to assist us."
7970	"My loan is separated into different accounts from there into separate disbursements that have separate rules for interest rate reduction and subsidized/unsubsidized status. For more than one whole year, I have put {$400.00} extra into my payments to ACS for my XXXX student loan. I have explicitly requested ( sometimes on a monthly basis ) that all additional payments be allocated to specific accounts. At first, I requested to allocate them to the loans that did n't qualify for interest rate deduction for auto pay. After discovering the ability to see the different loans on my account ( by accident, as it is not explicitly explained on the website ) I started requesting the amounts over my minimum payment be allocated to loan # 6 because that loan is unsubsidized and has the highest interest rate. I tracked my account balances in a separate XXXX spreadsheet ( attached ) because I have no trust in my loan servicer to follow my instructions. The account balances decreased, not at the rate I thought they should have, but that is not the primary issue here though. Between XXXX XXXX and XXXX XXXX, a time period that included a regular monthly payment, my account balances for my highest interest rate loans, # 5 and # 6 both increased. Loan # 5 increased from {$3500.00} to XXXX. Loan # 6 increased from {$3400.00} to XXXX As I understand it, this occurred during the time that XXXX was selling it 's student loans to XXXX, which makes this an even bigger potential issue than my account alone. I submitted a complaint quickly on XXXX XXXX. I received confirmation of receipt and that I would receive response within a week. As of today, XXXX XXXX I have not received a response."
7971	"IAM XXXX XXXX XXXX ADDRESS XXXX XXXX XXXX XXXX XXXX XXXX XXXX dob XXXX ss # XXXX todays date XX/XX/2024 I have looked at my credit report and I have noticed fraudulent auto loan ACCOUNT NAME XXXX XXXX  XXXX XXXX ACCOUNT # : XXXX i ask for the companies involved to do a PROPER INVESTIGATION AND DELETE THIS ACCOUNT PLEASE THANK YOU. THE DATE OPENED/DATE CLOSED/ LAST PAYMENT DATE/ACCOUNT STATUS/ BALANCE / PAYMENT HISTORY LAST DATE REPORTED IS INACCURATE AND ACCOUNT NUMBER IS INCOMPLETE ON THE CREDIT BUREAS.ALSO THE ACCOUNT NUMBER IS INCOMPLETE THIS IS GROUNDS FOR REMOVAL. I filed an IDENTITY THEFT CLAIM I WILL ATTACH THANK YOU 15 USC 1681 E ( B ) & 15 USC 1681 1 ( 5 ) 15 USC 1692e false and misleading representation DELETE THIS FRAUD ACCOUNT THANK YOU"
7972	"The car loan doesnt belong to me what I mean is I didnt purchase the car. I had a family member living with me and when I would travel out of town on business they must have took my ID and information from out of my old pocket book in my closet. The car was brought online and when I found out about it I immediately had the car picked up from that family members new home they moved into. The car was brought in XX/XX/2019 I believe and I have tried working with BridgeCrest to have it removed from my credit to no avail. I didnt do a police report because I dont want the family member in jail she has XXXX small kids but I dont and shouldnt be held responsible because I dont have a police report. I sent in the affidavit and other documents showing I didn't make this online car purchase yet they still will not remove this from my credit report. I even sent in the payment of {$9700.00} per XXXX when I called into BridgeCrest over a month ago and the car is still showing on my XXXX and XXXX credit report. This isn't fair and I might have to hire a lawyer to sue BridgeCrest. The car was never purchased by me then I send in the documents they required to remove the loan and I also sent in the payment amount shown on my credit report and confirmed by XXXX that works for BridgeCrest in the amount of {$9700.00} and the account is still on my credit reports. I need someone here at the CFPB to help get this mess corrected asap for it isn't fair at all to me as a consumer who is a victim of online fraud!!!!"
7973	"I XXXX XXXX and my wife XXXX XXXX, have been trying to receive to pay off our time share with XXXX. We have not been able to receive a payoff or response in reference to what we need to pay to satisfy the debt. We are trying to make a major financial purchase for our own betterment, and this is standing in the way. \n\n\n\nThanks,"
7974	"I am filing a complaint against Cash App ( Block , Inc. ) due to inadequate customer service and unfair practice, which violates the Customer Financial Protection Act ( CFPA ). Specifically Cash App failed to take timely and effective measures to prevent and address fraud on their platform, leaving my account vulnerable and unprotected.\n\nTherefore, their dispute resolution process was unfair and deceptive, as they did not comply with error resolution requirements under the Electronic Fund Transfer Act ( EFTA ) and Regulation E.\n\nThese Actions have caused significant inconvenience and financial loss, and I seek appropriate redress for these violations."
7975	"Runoff mortgage doesn't seem to want to pay for insurance on my house even though they are supposed to. I contacted them before closing and after stating the insurance policy hadn't been paid. They tell me they will take care of it, now months later I receive a cancellation notice from the insurance company stating it will be cancelled on XX/XX/XXXX. I called the company yesterday and they said they would take care of it. I filed an online complaint with them last night and still haven't received any update on getting the policy paid for. They did collect the money at closing, so they have been sitting on my XXXX dollars and using it for their own purposes and not mine."
7976	"On Saturday XX/XX/XXXX around XXXX I walked into the Bank of America Branch on XXXX XXXX XXXX XXXX XXXX XXXX NJ. \n\nI indicated to the teller that I wanted to take the remaining balance from the account ( around {$1200.00} at the time ) and take it as cash or transfer to my bank account at another bank. \n\nThe teller first indicated that the card was \" just a card and not an account '' and as such she pointed me to the ATM complete my transaction. Due to daily ATM transaction limits and uncertainty of the safety of carrying around a large amount of {$20.00} bills from the ATM, I said I wanted to complete the transaction in the Bank. The teller went on to say that she did not think such a large amount should be paid out to \" someone who is not a customer '' even after I provided my State ID as proof of my identification and would not complete the transaction. She then said there was an issue with the network that would allow the transaction. I do not believe there was a network issue. I believe this teller was unwilling to complete my transaction. Further, I demanded to speak to a supervisor who turns out was even more uncaring and told me to go to the ATM if the teller told him to."
7977	"I have a loan through DiTech, who is servicing my current mortgage. I am in the process of refinancing to another lender. That lender requested a payoff from DiTech 9 business days ago. I called DiTech and they acknowledged they received the request 9 days ago, but appear to not have an answer why they wont provide either the lender or myself a payoff amount. I have submitted a request online and via phone with DiTech as well. I can not access that information on their website ; the message on the payoff tab says \" unable to process ''.\nThe co-lender on the loan, my ex-wife, filed bankruptcy years ago which affected the estate. That bankruptcy has since been discharged in the courts by the Trustee and the Judge. DiTech has been notified."
7978	"Back in 1999, I started to attend a technical school, I went for one week and got job, So I did not return to the school and went to work instead. So now I am being held responsible in paying at least XXXX back for the loan. The school no longer exist, it hasn't in a very long time."
7979	"XXXX XXXX XXXX XXXX XXXX XXXX Maryland XXXX XXXX XXXX XX/XX/year> XXXX XXXX XXXX XXXX XXXX XXXX XXXX  XXXX XXXX Pa, XXXX XXXX Original creditor XXXX XXXX community college Subject : Request for Account Information Account Number : XXXX Dear Sir/Madam, I am writing regarding the above-referenced account reported on my credit report. I am not disputing this account. However, I am requesting additional information to fully understand the details of this account. Please provide me with the following : XXXX. The date of the first delinquency on the account. \nXXXX. The date of the last payment made on the account. \nXXXX. The date the account was charged off. \n\nI appreciate your cooperation in providing this information and look forward to your prompt response. \n\nThank you for your attention to this matter. \n\nSincerely, XXXX XXXX"
7980	"On XX/XX/20 I purchased {$520.00} worth of XXXX XXXX  via a website. When I tried to reach the company to receive shipping confirmation, I found out that the website was fraudulent. I immediately contacted the Bank issuing the credit card and disputed the charge. After a good amount of time passed, I received notice from the credit card company that my dispute could not be resolved could because the seller had provided tracking information. I later received a key chain from XXXX which has almost no value. \nI provided this information to the Card Issuer and was told a new dispute would be filed and the charges would be removed from my account. Once again I received a form letter from the Card Issuer saying my dispute could not be resolved because the item ( Key Chain ) was still in my possession. I have disputed this several times and was told each time that it would be resolved, only to receive the same form letter from the Issuer.\n\nI am a victim of fraud and the bank refuses to do anything further to help me."
7981	"According to my PSLF and TEPSLF information that Mohela has, I was a Deputy District Attorney in XXXX XXXX, California from XX/XX/XXXX to XX/XX/XXXX. All monthly payments were made. Mohela is only counting back to XX/XX/XXXX and refuses to apply the previous decade of service. I have called them approximately 10 times over the past year. Ive been told its a system error, that they are still counting, and that I dont qualify with ZERO explanation. I have tried to write in a complaint to them but the webpage then directs you to call them. I have received form emails that explain nothing. I have recovered form emails saying that my problem is unique and I should call them. All emails to them result in form emails back. No one is helping. \n\nThey list payments as qualifying only back to XX/XX/XXXX and do not apply the first decade of my service. There are no listed ineligible payments and they claim ALL eligible payments have been applied. They have my forms where the County signed off that I was, in fact, in public service for roughly 17 years. \n\nI have tried everything and they will not help. I appreciate you reading this and doing what you can. This should be a no-brainer as I am WAY over the 10 year requirement."
7982	"XXXX store card belonged to my wife who passed away in XXXX and the card kept being charged. I tried to have the card stopped and report this but they ignored me. Not only did I lose a ton of money while still working during COVID but I was hit by a car while at work on XX/XX/XXXX and I am totally XXXX per XXXX. This should NOT be on my credit and I should not be responsible for this charge as many others that happened due to my wife 's account being stolen after her death  and illness."
7983	"XX/XX/year> Southwest credit system Dear Sir/Madam , I am writing to formally request that you cease and desist all communication with me regarding the alleged debt associated with account number XXXX according too my report. \n\nI believe that your attempts to collect this debt are in violation of the Fair Debt Collection Practices Act, as I have disputed the validity of this debt in writing and have not received proper validation from your agency. \n\nI am requesting that you provide me with proof of the debt and cease all collection efforts until such time that you can provide me with the necessary documentation. I have never did business with your company no proof of signature of contract, no proof of verification of my identity too open this online contract. \n\nFailure to comply with this request will result in further legal action being taken against your agency. \n\nSincerely, XXXX XXXX"
7984	"On XX/XX/year>, around XXXX PM, the ATM at Chase Bank near XXXX XXXX XXXX \" ate '' my money, and it never came out. The transaction to pay for my credit card didn't go through. I have all the evidence : photos and receipts. But they just don't refund me anything and did not compensate me after XXXX months. \n\nThe amount is {$1.00}. \n\nI called immediately after that happened, but the woman on the phone said I needed to visit in person. RIDICULOUSLY, I went to that bank again the same week, and they said they could not help me get my money back.?????? The machine is just outside the door of this bank ; how cant you help? They said I needed to call. When I asked the bank counter some other questions, the woman even lied to me. Ridiculous. \n\nI called again, but they said they were out of business hours and needed me to call back. \n\nI'm so tired ; it's just {$1.00}. I don't want to waste more time dealing with these unhelpful people at XXXX. But I think that is MY MONEY, and I NEED IT BACK. \n\nI called again, but the unfriendly and unhelpful XXXX representatives just kept transferring me from one to another and did not solve the issue in XXXX minutes of phone calls. \n\nI NEED COMPENSATION for the time and the phone bill I spent dealing with those unprofessional Chase bankers. It's so annoying and makes me soooooooo ANGRY..."
7985	"I looked on my credit report and noticed that there is a late payment for 30 days for my credit card account for XXXX XXXX XXXX in XXXX of XXXX  PLEASE Update this account to PAID ON TIME and NEVER LATE I have never been late on my credit card payments and it is inaccurate please help me fix this with the credit bureaus to update my report asap."
7986	"My account with Mohela was put into deferment without my request. They said that they were suspending the payments in may due due to the transfer of Mohela loans to the Department of Education, but then put my account into deferment in XXXX. \n\nI am a teacher working towards PSLF, and this is going to set me back in loan forgiveness. \n\nI submitted a complaint about this and asked that it be seen by the FSA ombudsman, and they have not done this."
7987	"i am filing a complaint against cash app ( block, inc. ) due to inadequate customer service and unfair practices, which violate the consumer financial protection act ( cfpa ). specifically, cash app failed to take timely and effective measures to prevent and address fraud on their platform, leaving my account vulnerable and unprotected. furthermore, their dispute resolution process was unfair and deceptive, as they did not comply with error resolution requirements under the electronic fund transfer act ( EFTA ) and regulation E. these actions have caused significant inconvenience and financial loss, and i seek appropriate redress for these violations."
7988	"I am filing this complaint regarding inaccurate and inconsistent reporting by Westlake on my credit report. This account is being reported differently across the credit bureaus. On XXXX bureau, the account is shown as open, while on others it is reported as closed or charged-off. In addition, the payment history and account details are either inconsistent or incomplete depending on the bureau. This creates a misleading and inaccurate representation of the account. I have disputed this account and requested proper validation, including a full payment history, lease documentation, and an itemized breakdown of any balance being reported. The company has not provided sufficient documentation to verify the accuracy of the account or explain the inconsistencies. Because this account is tied to a rental/apartment, I also requested documentation supporting the balance, including a lease agreement and any move-out charges or fees. This information has not been fully provided. Despite my efforts to resolve this issue, the account continues to be reported with conflicting information across the credit bureaus. This indicates that the account is not being reported with maximum possible accuracy. This inaccurate reporting is negatively impacting my credit and preventing me from moving forward with important financial decisions."
7989	"I opened a case previously. The case number was XXXX. I was informed that the outstanding balance was closed. I am now getting billed again. I can't log in to Citi. I don't have the credit card anymore. \n\nI received this 5 hours ago ..... \n\nYour payment is past due Please make a payment. \n\n\nHi, XXXX. Your payment is past due on your Citi / AAdvantage Card account. By making your minimum payment within this billing period, you can avoid any unnecessary late fees. \n\nYou can make a payment immediately on the CitiXXXX XXXXXXXX, at Citi Online or by calling us at XXXX ( TTY : XXXX for hearing and speech impaired only )."
7990	"I applied for a partial loan modification with Citizens Bank on XX/XX/XXXX. I was told it would take approximately 30 days to review and approve. On XX/XX/XXXX I called to see if any new information was available and was told my application was in review. I called again on XXXX and was told they showed no application on file ... would I like to submit. I have now called two more times to be told that my application submitted on \" XXXX '' is still in review. \nMy forbearance reached the 18 month deadline on XX/XX/XXXX. \nI believe Citizens purposely held my application back so that my forbearance would end and my credit history would be severely damaged. I feel this was malicious and not a limited information or labor issue. \nPlease help me."
7991	"In accordance with the Fair Reporting Credit Act. The List of accounts below has violated my federally protected consumer rights to privacy and confidentiality under 15 USC 1681. \nXXXX : XXXX XXXX, XXXX XXXX : XXXX XXXX, XXXX : XXXX XXXX, has violated my rights. \n\nI looked at my XXXX credit report on XX/XX/year>, and noticed some things are incomplete and inaccurate. According to the Fair Credit Reporting Act Whenever a consumer reporting agency prepares a consumer report it shall follow reasonable procedures to assure the maximum possible accuracy of the information concerning the individual about whom the report relates according to 15 USC 1681 ( e ) ( b ).\n\nAccording to 15 USC 1681 5, they are supposed to do this ( 5 ) Treatment of inaccurate or unverifiable information ( A ) In general, after any reinvestigation under paragraph ( 1 ) of any information disputed by a consumer, an item of the information is found to be inaccurate or incomplete or can not be verified, the consumer reporting agency shall ( i ) promptly delete that item of information from the file of the consumer, or modify that item of information, as appropriate, based on the results of the reinvestigation; and ( ii ) promptly notify the furnisher of that information that the information has been modified or deleted from the file of the consumer. \n\nand according to 15 USC 1681s-2, they are supposed to not furnish any information relating to a consumer to any consumer reporting agency if the person knows or has reasonable cause to believe that the information is inaccurate."
7992	"I deposited a check into a new Huntington bank checking account on XX/XX/year>. The money was held as told and was released on XX/XX/year> and received an email confirmation of this. Went to the XXXX branch to either wire the money out or to get a check and they would not and the female manager kept saying their system doesnt know when the funds would be available and would not release any money despite showing the confirmation email."
7993	"I had a Bank of America Visa which had no balance. BofA started charging me a monthly fee for not carrying a balance without notice, then reported me to XXXX for not paying. The amount? XXXX dollars. This cause the rates to rise on all my accounts because my credit score went down. This is borderline extortion."
7994	"I came upon difficult financial hardship after going through a divorce and then losing my job in XXXX due to Covid 19. I feel increasingly behind trying to pay my bills and food. I contacted Amerihome during this time to see if there were any solutions or options that would help me keep my home. I was looking for work but due to the pandemic it was very difficult. Amerihome did not offer any options of forbearance or loan modifications. I was told I had to pay the arrears which left me hopeless. Amerihome was not helpful at all."
7995	"There is a reoccurring charge from XXXX that is a website/app that no longer exists, and I have been getting reoccurring charges every month for a few years now and Apple Card will not stop the charges. They have been charging me for years for something that doesn't exist, I have reached out to the vendor as well and they said all subscriptions were canceled and should no longer be getting charged. \n\nSome charges were reversed and some were not, i sent screen shots from the apps previous owner claiming to assist the cancellation in 2022, and follow up messages saying that she doesnt know why i am getting charged that everyones accounts had been canceled."
7996	"Been a member of XXXX XXXX XXXX XXXX for over five years. Notified company my employment came to an end on XX/XX/2019. Company made contact regarding no hassle loan and overdraft on account. Made company aware in the process of fighting employment and unemployment. Company said they will work with me and promise no collection activity."
7997	"RE : Formal Dispute of LVNV FUNDING LLC Inaccurate, Unverifiable, and Legally Non-Compliant Reporting To Whom It May Concern : I am formally disputing the LVNV Funding LLC collection account appearing on my credit reports. \nThis account is unverified, inaccurate, incomplete, and reported in violation of federal law, and I demand its immediate deletion. \n\nLEGAL GROUNDS FOR DISPUTE You are hereby notified of the following violations : FCRA 15 U.S.C. 1681i Failure to Reinvestigate/ Provide Verification There is no original creditor contract, itemized accounting, or legal chain of title proving LVNV Funding has the lawful right to report this debt.\n\nIf you can not furnish physical evidence within 30 days, the account must be deleted.\n\nFCRA 15 U.S.C. 1681b Impermissible Purpose LVNV Funding is a factoring company/debt buyer, not the original creditor.\n\nIf you can not produce proof of assignment or legal right to report, you are reporting data without permissible purpose, which mandates removal.\n\nFDCPA 15 U.S.C. 1692e & 1692f False/Unfair Collection Practices Any continued reporting of an unvalidated debt is a misrepresentation under 1692e and an unfair practice under 1692f. \n\nREQUESTED ACTION Delete the LVNV Funding LLC account from all three bureaus if you can not obtain complete verification. \nProvide me with copies of all documentation used in your reinvestigation. \n\nFailure to comply will require deletion under federal law."
7998	"I received an escrow analysis from Specialized Loan Servicing XX/XX/2023. \nthey projected an increase of monthly escrow and shortage payment total of {$400.00}, the figures for real estate taxes they paid were incorrect. I contacted XXXX County treasury and requested receipt of taxes paid for 2023. speicalized Loan paid the correct taxes but used incorrect figures in the escrow report. \nsent a Notice of Error requesting correction which they received on XX/XX/2023. \nthe Notice of Error also pointed out the my property has senior tax freeze so the taxes will not increase. \n\nspeicalized loan servicing has not responded as of XX/XX/2023 to the Notice of Error, which is past the 5 day window for response. \nadditionally have sent 2 emails through their web site asking for a respsone. \nthe mortgage payment due XX/XX/XXXX with a grace period ending XX/XX/XXXX. I have not sent the payment with the increased escrow portion as I am very concerned they will not correct the escrow error."
7999	"I have a a unverified account from CHOICE RECOVERY INC #  XXXX. I had previously disputed this account. I have never done business with CHOICE RECOVERY INC # XXXX. Pursuant to the Fair Debt Collection Practices Act ( FDCPA ) 15 U.S.C.1692g, I dispute the validity of the debt purport I owe.I believe this is a HIPPAAct violation as well.I request that CHOICE RECOVERY INC # XXXX Provide verification of the following : 1. ) The original Application or contract ; 2. ) Any and all statements allegedly related to this debt ; 3. ) Any and all signed receipts ; 4. ) Any and all canceled checks ; 5. ) Original date of default and collection activity begin 6. ). Whether you purchased the debt, and if so, the amount paid for the debt 7. ) The date ( s ) the debt allegedly accrued ; 8. ) An itemization of the costs, including an accounting, for any additional interest, charges, or other fees placed on this account. I want to request that CHOICE RECOVERY INC Cease and Desist all further communications and collection actives and provide the verification of the purported debt."
