row,narrative,assigned_category,notes
7010,"My new vehicle financed with Kia Motors Finance was totaled on XX/XX/2023. The account went through the usual processes of insurance claims. After the insurance payment on XX/XX/2023, there was still a balance of {$1500.00}. I was informed by my GAP insurance provider that I would not need GAP as the balance would be covered by warranty refunds. In XX/XX/2023, I spoke with my dealership to submit the paperwork to get the refunds processed. Kia Motors Finance would not debit the refunds from the dealer. I attempted to call Kia finances phone number, but an automated answer always states that they are busy and the call ends. Months went by while I kept attempting to call Kia finance. On XX/XX/2023, I received a call from Hyundai Motors that my account would be charged off. There was no previous warning, whether through call, email, or physical mail. I was told it would not go to my credit report if I paid that day. I paid off the remaining {$1500.00} with my own bank account, even though it should have been covered with the refunds they should have processed. Kia Finance ended up placing a derogatory remark on my credit report anyway and my score fell by over XXXX pts. I had to submit a dispute by mail to them and now the remark is removed but my score has not recovered. As of XX/XX/2023, I still have not received my refunds. I was told that the GAP refund was mailed out on XX/XX/2023 but I have yet to receive it. I asked for the check to be reissued and they mentioned it could take up to 45 business days. Today I also inquired about the 2 other refunds that total in the amount of {$3000.00}. The representative told me that the refunds have not been processed yet. I can see on my payment history that Kia Finance received these refunds from my dealer on XX/XX/2023.",Consumer loan,
7011,Hello I talked to them and other programs and repayment plans or options and they said that my plan will just be getting interest but a fixed one and that was not true and another person said I can cancel my loan but I have to give up my degree for the XXXX XXXX. Also on my credit score they put it as a default.,Consumer loan,
7013,"VANCE AND HUFFMAN LLC A balance of {$650.00}. I am unaware of this debt and did not have opportunity to dispute this account. If you believe you sent proper notification, Please provide Certified Mail with receipt displaying my signature. If not, Please delete this from all three credit bureaus account or I will have to take Legal action.",Debt collection,
7014,"The initial lender, Mohela, transferred the loan to anew lender, XXXX, in the XXXX  of XXXX. In the notice, the letter instructed that no action was necessary for auto-pay and that those payments would automatically transfer to XXXX. Mohela continued to draw my monthly payments from XXXX through XX/XX/year>, but did not transfer the payments to XXXX, which resulted in defaulting on my loan. However, again, money continued to be withdrawn from my account. When I figured this out, after being denied another loan ( with XXXX XXXX XXXX and $ XXXX in income ), I called Mohela. The wait was more than an hour and I opted for a call back on XXXX. They never called back. I called the next day, XXXX, and waited on hold for more than XXXX hours before a representative came on the line. She would not help me and told me to call my bank to stop payment. I did call my bank and stopped payment. I paid XXXX directly and set up a new autopay. My credit has been affected and I have no recourse.",Consumer loan,
7023,"I have disputed this debt on XX/XX/year>, and XX/XX/year>, regarding {$200.00}, and the debt has not been removed from my credit reports. The debt collector has verified this debt as accurate with XXXX and XXXX, but this is not correct information. Upon trying to resolve this debt online through myjcap.com, its says that Jefferson Capital Systems llc does not own the debt, that its is serviced by XXXX. 

This has caused undue financial hardship and distress for me, which has negatively impacted my credit, and I want to have this debt removed from my XXXX and XXXX reports immediately.",Debt collection,
7025,"I am XXXX XXXXXXXX XXXX XXXX XXXX XXXX  many times I did transfer money to my bank account they usually put long holds up to 15 days on my account, which caused a lot of problems and stress for me as an XXXX XXXX  here and extra fees for delayed payments, also some times I have been telling them that I dont have even money to buy food but they literally didnt pay attention and just repeated words like robots! 

More than a month ago I reported a scam on my account and they started closing my savings account without telling me, and I was supposed to receive a cashier check in 7-10 business days which I have not received yet after 35 days! After a lot of calls and going to the branch and supposed to receive check from branch, I am told that I will receive a check in 7-10 business days by mail! They also have closed my credit card without letting me know on time again, I receive letters after my account are already closed, and today I noticed that they are also closing my checking account too! All my money is frozen now in their bank with no reason! I told them I have no money to buy food even and they didnt pay any attention. As an XXXX XXXX just graduated with no job and stable income its been so frustrating, while providing the expensive currency in this broken economically situation if XXXX is another hard process for us! I really appreciate your help and consideration on this case! Its XXXX and I dont think that transaction of money or even disclosure of account should not be in this way! I am very frustrated by this bank and I want all my money back as soon as possible to open a new bank account. 

Best, XXXX",Bank account or service,
7033,"I had a private student loan debt written off to profit and loss write off by the lender on XX/XX/XXXX after I was unable to continue making payments the middle of XXXX. The lender is XXXX  XXXX XXXX. I have now recently been contacted by a debt collector, XXXX XXXX XXXX XXXX  nearly XXXX YEARS after the lender voluntarily wrote my debt off. The amount is over {$22000.00} and I absolutely can not afford to pay this. I have no money at all and cant afford to make monthly payments either. The debt collector has my account in a hardship status after I sent them an email explaining why I couldnt pay the debt and why Id never be able to pay the debt, but I know that wont last forever. I need both of them off my back and for both of them to leave me alone. The fact that the lender is trying to come after me almost XXXX years after they wrote it off is pretty XXXX.",Debt collection,
7036,I was charged a late fee on a new card before I had even received the card or an initial bill. I have sent an email as they requested over a month ago and have been ignored. Have tried to call on several occasions and was on hold for over 30 minutes without a representative answering.,Credit card,
7037,"I made a complaint against Robinhood earlier regarding the unethical business refusing to provide me with tax documents that I need in order to file tax returns with. Robinhood has locked me out of my account and in doing so refused me access to the documents that I need to file my taxes with. In doing so, I am not able to file taxes honestly with the IRS because Robinhood is maliciously withholding my important tax information from me.",Bank account or service,
7039,"Complaint Jefferson Capital Systems ( JEFFCAPSYS ) Company : Jefferson Capital Systems Issue : Identity Theft / Reporting fraudulent account Complaint Text : I am a victim of identity theft. These 2 accounts being reported by Jefferson Capital Systems is fraudulent and does not belong to me. 

This account is documented in my official FTC Identity Theft Report ( FTC Report Number XXXX ). I did not authorize, apply for, or benefit from this account in any way. 

Despite this, Jefferson Capital Systems continues to report the account on my credit file, causing significant financial harm and credit damage. 

Under the Fair Credit Reporting Act ( 15 U.S.C. 1681 ) and identity theft protections, a furnisher may not report information it knows or should know is the result of identity theft.

I am requesting : Immediate investigation of this fraudulent account Permanent deletion from all credit bureaus Written confirmation of deletion Cessation of all collection activity Supporting documentation, including my FTC Identity Theft Report, has been provided.",Credit reporting,Identity-theft furnisher dispute; could also be Debt collection (Jefferson Capital is a debt buyer).
7042,"I needed to make a large purchase to pay an IRS tax bill that was unexpected. I signed up for a My Best Buy Visa Card which had a promotion that for 18 months there was 0 % interest. In order to pay for this charge I had that was substantial, I called their customer service. I was told on XX/XX/XXXX at XXXX XXXX  during a call to customer service ( call duration 15 mins 18 seconds ), that it would also qualify for 0 % interest. The only reason we made this purchase was because we were told that it would qualify. 

I also had to pay an additional 3 % in order to make this large purchase due to credit card fees from the IRS. We would never have done this if we weren't told by the representative that it would qualify for the 0 % interest promotion. 

I realized this happened on XX/XX/XXXX, XXXX XXXX, and spoke with their billing fee dispute department. They promised me that they would review the recorded call from that day. I was told the process to review recorded calls can take a significant amount of time, so I waited patiently. 

To avoid accruing further interest, we paid off the balance that was causing the interest charges, and only didn't pay the interest fees assessed to our account. 

Our final interaction was on XX/XX/XXXX when I had not been contacted by Citi or Best Buy. I called at XXXX XXXX  on XX/XX/XXXX and was told that they can not comment further but that they were not going to adjust or credit the account for any of these false charges. 

I paid the remaining balance accruing interest on XX/XX/XXXX. I truly hope that there is some sort of protection for people who are abused and lied to by credit card companies. What I was told and promised on the phone by a Citi representative was false, I had to pay these interest charges, and would like to be reimbursed for all fees/interest.",Credit card,
7043,"I signed up for a BMO Relationship Checking account on XX/XX/year>. I signed up at www.BMO.com/fallbonus The company said I would receive a {$500.00} bonus after making {$7500.00} or more in direct deposits during the first 90 days. They said the bonus would be paid 100 days after opening the account. 

I completed all the terms and have not received the {$500.00} bonus the company promised. It has now been 113 days, and no bonus has been paid.",Bank account or service,
7048,"On XX/XX/XXXX Fay Serving sent us paperwork to fill out for a deferment, which we did. 
The paperwork was mailed back, & we received a letter and a phone call we were approved for a loan modification the first week of XXXX. Our account never got updated for the deferment. Many e-mails/phone calls were made which they never returned. We had included a voided check to start taking money out of our bank account monthly & they never did. We started receiving past due notices in XXXX along with a letter that had new paperwork to fill out which was the same as the previous one. We sent them new paperwork even though they received the first set, and after several phone calls with messages & emails they didn't respond back. On XXXX first we sent once again a voided check along with our bank information for automatic payments with a copy of our paperwork which once again they never started taking out payments. Our account manager never returned our calls or e-mails. Going through the customer service line was the only was to talk to someone which they said they would forward to our account manager & said the paperwork must be in the mailroom & still no responses. The same thing happened in XX/XX/XXXX. We received new deferment paper for XX/XX/XXXX. Now due to no payment history we can't get a loan with a new company. We have attached a summery of events and paperwork copies. We have never had a company like Fay Serving that doesn't return phone calls & emails, as well as not moving forward with signed documents and voided checks that were submitted to monthly autopay.",Mortgage,
7052,"My loan was charged off by USAA back in 2016. I have reached out numerous times and placed on 45+ minute holds in order to gather information about my charged off debt. I have been transferred to a department by the Member Debt Solutions team to provide me information, as well as tried to email and call   XXXX   XXXX   to see if he could route me in the appropriate direction.",Consumer loan,Charged-off USAA loan; could be Debt collection.
7061,"I have submitted multiple disputes regarding these accounts that is reporting inaccurately on my credit report. I have also submitted multiple reports regarding the account that needs to be updated.

These companies have refused to do work on disputes even though they're required by the law to do so. 

XXXX XXXX XXXX XXXX XXXX",Credit reporting,
7072,"Dear CFPB Representative, I am writing to formally lodge a complaint against Select Portfolio Servicing ( SPS ) for engaging in what I believe to be predatory lending practices. Specifically, SPS has failed to fulfill its obligations as my loan servicer, leading to unnecessary financial burdens and potential default risks on my mortgage. 

Failure to Pay Property Taxes on Time SPS failed to pay my fourth-quarter property taxes on time, resulting in late fees. Despite my repeated written requests, as of todayfive days past the tax due datethey have still not made the payment. Their consistent delays appear to be intentional, exposing me to financial penalties and additional stress.

Failure to Pay Homeowners Insurance In late 2024, SPS also failed to pay my homeowners insurance in a timely manner, which I believe was a deliberate act to push my loan into default. As a result, I had to intervene to prevent a lapse in coverage, which could have jeopardized my property. 

Pattern of Negligence and Excuses Despite numerous written communications with SPS regarding these ongoing issues, they have continued to offer dismissive and baseless excuses. Their actionsor lack thereofsuggest an intent to manufacture default conditions rather than properly servicing the loan. 

I request the CFPB to launch an immediate investigation into SPSs practices. Their continued failure to make timely escrow payments is not just negligent but appears to be a calculated move to place borrowers at financial risk. I urge the CFPB to take appropriate action to hold SPS accountable for these unfair and deceptive practices. 

Please advise on the next steps and any additional information you may require. I appreciate your time and attention to this serious matter.",Mortgage,
7074,"This CFPB complaint has been filed to request pursuant to FCRA XXXX5B ( 15. U. S. C.

1681c2 ) that you, the Equifax credit reporting agencys block the information appearing on my consumer credit report that is the result of identity theft, and fraud within four business days of you receiving this complaint. This fraudulent, inaccurateand false information consist of personal credit card accounts, auto loans, personal loansand open end unsecured consumer accounts as follows : INQUIRIES : XXXX XXXX XXXX XXXX XXXX XXXX XXXX XXXX XXXX XXXX XXXX XXXX  - Account Number : XXXX XXXX XXXX XXXX XXXX XXXX XXXX, Date Opened : XX/XX/year>, Balance : {$0.00} These accounts have resulted in several fraudulent hard inquiries and fraudulent collections appearing on my consumer FICO credit report. Ive attached a list of the hard inquiries in question as well as a copy of the consumer FICO credit report maintained by you which shows the said fraudulent items. I do not recognize these accounts, collections and hard inquiries as reported. The aforementioned accounts, collections and hard inquiries appearing on my consumer credit report maintained by you were not opened, made or initiated by me. 
All of the said accounts, collections and hard inquiries are a result of identity theft, and fraud. I have attached a copy of the FTC identity theft criminal complaint case number XXXX, XXXX as proof from the XXXX federal trade commission that all of the aforementioned, consumer credit accounts, collections and hard inquiries are in fact a result of identity, theft, and fraud.",Credit reporting,
7086,My mortgage broker made an unathorized withdrawal from my checking account in the amount of {$3000.00} which includes a XXXX dollar wire transfer fee as my mortgage is {$2700.00} they helped themselves to {$230.00} additionally. It is criminal that any entity can withdraw funds without your permission. I want sanctions against Ditech Financial for robbing my account. Thank you XXXX XXXX,Mortgage,
7089,"I am a victim of identity theft by a family member, who is now dead. I have written several letters to XXXX about this matter. They refuse to believe me. They hired a debt collector to come after me, and I sent THEM the information, and they sent a letter saying they did not know that I had disputed the debt, and they did not pursue me further. I wrote ANOTHER letter to XXXX with supporting documentation. I sold jewelry, and made an offer of settlement though I DO NOT owe them any money, but I just want this over. They did not respond to my offer, they just sent another letter, from XXXX XXXX of the Executive Response Unit, and she said they will no longer respond to me in any way, and they have hired ANOTHER debt collector to come after me -- Northland. I have not yet heard from them directly. I suppose that they will keep hiring collectors, or even sue me. This letter even referenced a second card number, that I never had. I am in poor health and the stress has caused several XXXX XXXX.",Debt collection,
7090,"I received a mailed statement from Bank of America showing interest only due of {$100.00}. I paid off the balance by phone after I specifically asked and was told by their representative there would be no additional fees or interest charged with the amount that I provided as my pay off balance payment. 

This has happened previously with balance payoff in that an additional statement arrives with interest due. In our experience there is no way to payoff the interest in this form as the interest incurs additional interest, and the cycle never ends. As such I specifically asked the representative to help ensure the final payment was the complete and full payoff amount and that no additional charges would be made against me in any form.",Credit card,Product not stated; treated as credit card statement/interest issue.
7097,"Paid my mortgage in full, by wire transfer on XXXX XXXX, 2016. Ocwen has failed to submit document ( Deed ) of Reconveyance to our ( California ) XXXX County Clerk 's Office. Phone calls to ocwen offer no acceptable reason for their delay in filing.",Mortgage,
7111,"Last year I was involved in an eviction, I went to court in 2022 and was told and documented that if I completed with all of what the Landlord asked for paying the rent on time ect that the attorney would take the eviction off of my record in which he has not. He conducts law in XXXX XXXX XXXX  his name is XXXX XXXX his phone number is XXXX. I've tried contacting him several times and my case worker since I am XXXX has tried contacting him also via email and phone calls. Can you please help me! The name to look this under in XXXXXXXX XXXX XXXXXXXX is XXXX XXXX.",Credit reporting,"Eviction record; no category fits well, closest is Credit reporting."
7114,"Commencing on or about XX/XX/2022, I fell victim to a multi-layered scam operation run by XXXX XXXX XXXX XXXX  which involved me making deposits for a total amount of XXXX XXXX from my XXXX XXXX wallet to Binance at the instructions of the scammers.",Money transfer or service,
7122,"I submitted a payment on XX/XX/XXXX of XXXX on a payment that was XXXX. I then on XX/XX/XXXX submitted a payment of XXXX. I was told that XXXX was applied to principle only. I then made another payment of XXXX on XX/XX/XXXX and the same thing happened again. I then made another payment of XXXX on XX/XX/XXXX This again sent XXXX to principle only. On XX/XX/XXXX I made another payment of XXXX and this was held until my next payment of XX/XX/XXXX thinking I was caught up on my payments but this created a late payment again of 40 days. 

I was unable to remove PMI from my home for XXXX full year because of this and now unable to get favorable terms on a new loan as this hit my credit report. 

I called and asked to have this reviewed on XX/XX/XXXX and they returned with an unfavorable response on XXXX. 

Also the terms the company that acquired my loan has are not the same terms that I had agreed to in the documentation I signed for my home loan. 

Also looking at the principal balance between XX/XX/XXXX and XX/XX/XXXX My balance changed by {$8900.00}. Between that same time frame there were payments and specifically principle only payments of {$9300.00}. This in not including the payments to principle we made during that same time frame.",Mortgage,
7125,We have been trying to work a short sale with SPS. They initially did an external value which didn't show the foundation that is collapsing. We submitted a value dispute and received a letter dated XX/XX/XXXX stating they agree with our value dispute {$22000.00}. SPS took so long to complete the decision process so that we lost the buyer. Based on their letter that they would take {$22000.00} we relisted the home to get them the required NET they require if the value was {$22000.00}. This put us at a purchase price of {$23000.00}. SPS has held the file for MONTHS again and finally decided they are countering to {$27000.00} stating our value dispute was denied in XXXX. How was it denied when it was already approved? They did a new DRIVE BY valuation - so they can not see the damages of the home. I have requested that the file be sent back to the investor for final decision - we don't have another 30 days to waste on SPS holding the file due to their inefficient processes.,Mortgage,
7169,"Today, XX/XX/2023, I was alerted that a Chase Sapphire account was approved in my name. I contacted Chase to advise the application was fraud, and was told the account would be closed. I then asked for confirmation the hard inquiry would be removed from my credit report. I was told this is not their process, only that they would no longer report the account itself. This is in violation of the Fair Credit Reporting Act. In addition, I requested a copy of the fraudulent application submitted using my social security number as per the FACT Act, but was told I would have to go online to submit my request. This is a bank that Ive never done business with - I am not comfortable submitting any of my information online when Ive just been the victim of identity theft. I have contacted the three bureaus and placed a fraud alert on my file, but that does not protect my credit score with the unauthorized inquiry.",Credit card,
7174,"Hello! 
My name is XXXX XXXX. I am a victim of Identity Theft. Monterey Financial Services is attempting to collect a debt that is not mine. The XXXX is a complete result of Identity Theft. Please have them remove this collection account from my credit report because it is damaging my chances of getting a car. 

Please have them remove this account and investigate properly. 

Thank you.",Debt collection,Remove collection account from report; Credit reporting is possible.
7185,"On XX/XX/XXXX, Citibank, n, a received our written request under RESPA law. Citibank not only failed to acknowledge the written request but also failed to respond. We are seeking a copy of the allege loan agreement. On XX/XX/XXXX, Citibank filed a law suit demanding payment. The credit agreement was never signed by the lender. Under Florida statute XXXX A credit agreement is not valid unless it's signed by both the debt and the creditor. The loan agreement does not reflect it was executed by citibank therefore we never had a valid contract. Assuming that we had a valid contract which we do not, Citibank was barred from filling the action because we modified the first lien back in XX/XX/XXXX. Under the HAMP guideline when debtor engages into a first lien loan modification the bank is barred by treasury guiltiness to dismiss the action. Citibank must dismiss the action but also extinguished the debt. see attached supported documents.",Mortgage,RESPA/HAMP and first-lien modification point to a mortgage.
7191,"XXXX XXXX XXXX XXXX XXXX XXXX XXXX XXXX, MD XXXX RE : XXXX Dear XXXX XXXX : Per email XXXX I applied for destiny XXXX approved according to the documents they advise that I sent a copy of my drivers license and I did multiple times using the XXXX XXXX XXXX. I called and spoke with rep several times to advise information has been sent, along with social security card. Ive reported this matter to credit company to file a dispute. Also sent letters back in XXXX to resolve this issue. Nothing has been updated in my account. This is now XXXX and Ive been trying get these inquires off my report. Per rep from teams ion told me send a letter to dispute this inquiry and it will take 30 days. Its been 3 months already. Im not sure why my information wasnt being applied to the account XXXX my credit was ran XXXX times and no results. XXXX  couldnt send me no documentation at all to send to credit report. Please remove this inquiry XXXX denied",Credit card,
7197,"I made two payments totaling close to {$900.00} to pay off the full balance on my Capital One credit card, 19 days before the billing cycle ended, but I still got a bill for {$5.00} on my next statement. It was based on a balance of {$230.00}. My balance was never even at {$230.00} at any point in the billing cycle. I have seen online that Capital One has done this to other customers.",Credit card,
7207,XXXX and XXXX are reporting me as 30 to 60 days past due on the XXXX account that has a {$0.00} balance and {$0.00} past due. This is harming my score and disqualifying me for a loan. I have disputed this directly with the two bureaus but the coding violation has not been corrected. It is impossible to be late on payments to an account that has a {$0.00} balance and {$0.00} past due amounts.,Credit reporting,
7210,"Account XXXX XXXX # XXXX I'm unaware of thud debt and did not have the opportunity to dispute this account. If you sent proper notification, please provide 'Certified Mail ' with receipt displaying my signature. If not, please delete account # XXXX as soon as possible from my report or I will have to take legal action.",Debt collection,Unvalidated debt notice; could be Credit reporting.
7216,"Date : XX/XX/year> Amounts : about XXXX USD in total I was looking for a short-term house rent near XXXX for XXXX. That was when I saw a post on XXXX, and reached out. 
I was in contact on Text and induced to pay to XXXX through PayPal as Friend & Family.

After realizing the fraud nature, I pointed it out to him. From his reply, the fraud could be firmly validated. 

Details about transaction and discussion process could be found in attachments.",Money transfer or service,
7223,"I am a victim of Wells Fargo Mortgage and should be included in the recent settlement between CFPB and Wells Fargo due to the bank 's "" illegal practices, including ... ... incorrect fees and interest charges. '' However, I never received any notice from Wells Fargo about this settlement. 

I submitted a complaint to CFPB on XX/XX/2017 ( case # : XXXX ) but was closed by CFPB without any solution.",Mortgage,
7228,"I Have disputed this several times with my credit bureaus and they refuse to remove. I dont know who the debt collector is. I do not have an account with them and never have. They refuse to provide me with the original contract and my signature as I e requested multiple times over the last XXXX XXXX years. I want this removed immediately from my credit report and my points restored. On top of it, they keep adding charges that are not real to the account and can not provide documentation.",Credit reporting,Debt collector unknown; main ask is removal from credit report.
7237,"Today, an angry woman called me from XXXX, so to speak, with a voice. And I reported that some papers about my case XXXX. 

My XXXX and XXXX cards are in excellent condition. Well, I told them that which documents were verified, which were not, in a rude voice, she informed us that we did not need documents, I'm sorry what? You just said that you can send by email. She said XXXX then no. I asked if I could send a number of other documents. She said yes, you can, I asked her if they still need the documents. She said that we can't identify them. What kind of documents? 
The most important thing, I think, is payments from a savings account. I sent them an incorrect identification, only one document confirming the payment XX/XX/XXXX XX/XX/XXXX ACH Withdrawal CAPITAL ONE MOBILE XXXX XXXX it was in one statement. but I still have to provide a payment statement for the 2 payments that I will receive. And I will provide them, but you can also assume that these payments are capable. They would have returned as well as 1 payment. I know I don't understand them. Why should I always submit documents this way and wait 7-10. This has already happened to me 7 times or more. Just a text message is whether you are making a purchase or not. I even always overpay them. I do not know what my chance is to use the cards again, but I think 100 %.",Credit card,Capital One payments/docs; product inferred.
7239,"Ive sent a couple Cashapp transfers to cashtag profiles of the wrong individual, then become aware, in at least one occasion ; the profile I sent to was a old duplicate or dormant account of the actual person I intended the transfer. So upon recognizing the error, when finding the correct cashtag handles ; I resend transfers, as well as request refunds for the error, but Ive been told that completed transaction cant be refunded! And as previously mentioned Im sure of the wrong recipient XXXX  profiles being obviously activated but without current activity for anyone to receive any transfer sent it. Ive mentioned this to cashapp team but they dont have a clear answer beyond not refunding completed transactions. My concern is if transferred funds are completed into stagnant accounts, and no refund is given, where does those funds end up?",Money transfer or service,
7242,"I was the victim of a phishing scam that led to an unauthorized charge on my Wells Fargo checking account totaling {$590.00}. The scam came through a fake email posing as XXXX, which led me to a fraudulent website that captured my debit card info. I immediately reported the fraud, submitted proof, filed a dispute with Wells Fargo, and even submitted an identity theft report to identitytheft.gov. 

Despite doing everything right on my end, Wells Fargo has moved slow and provided no real timeline or resolution. I requested details on how the fraud was approved, who the merchant was, and what steps would be taken to return my stolen funds. Ive been met with delays and generic responses. Thats unacceptable. 

I am attaching my ID, screenshots of the phishing activity, and a bank statement proving the loss. I expect this matter to be resolved ASAP. I did not authorize the charge, and I should not have to wait XXXX business days while the scammer runs off with my money. This was clear fraud I want my money back immediately.",Bank account or service,
7245,"Issue : Honda Financial Services is attempting to collect {$230.00} for tickets allegedly tied to my vehicle account ( Account XXXX. XXXX, XXXX XXXX XXXX, XXXX ending XXXX ). I have already paid all outstanding tickets years ago. In addition, I have paid my lease off in full and received my vehicle title. Despite this, I received a past due notice from XXXX on XX/XX/XXXX, demanding payment and threatening negative credit reporting. 
Problem : XXXX has not provided the name of the agency, ticket numbers, or dates of these alleged tickets. 
I have requested verification, but no supporting documentation has been provided. 
Without this information, I can not even confirm which jurisdiction or agency supposedly claims these tickets. 
This appears to be an attempt to collect a debt without proper documentation, which may violate the Fair Debt Collection Practices Act ( FDCPA ) and the Fair Credit Reporting Act ( FCRA ) if it is reported to credit bureaus.",Debt collection,Lease/tickets balance; could be Consumer loan.
7246,"Before applying for a card I called to see if I would have instant access once approved. I needed an XXXX XXXX XXXX. I was told YES that I would have instant access via digital wallet with XXXX XXXX, XXXXXXXX XXXX, and she listed 3 more. 
I was approved immediately and no access. After speaking to 4 representatives I was told some people get an email directing them to digital wallet instant access. I asked why not me? No answer. I believe it is all lies to get customers. One representative told me I would have access in 48 hours. Another told me I would have to wait 7 days for the card. Another told me someone would get back to me within 2 days. I believe the representatives are told to lie about instant access to get customers.",Credit card,
7255,"Last XXXX my daughter was taken to XXXX XXXX  XXXX. She was an out patient. At the time of Service she received XXXX XXXX XXXX  which is essentially XXXX. I received a letter through XXXX  XXXX Saying that they approved and would Cover 100 % of her treatment. Now I am receiving bills from XXXXReceivable Solutions. If a bill is owed then that means someone didn't do their job. Not that I neglected to pay. I have communicated this multiple times. Not only did she have XXXX but she also started receiving XXXX half way through her treatment there which was reported to them but according to XXXX, XXXX  never filed a claim. I am officially disputing the debt on the grounds that It is not My fault if XXXX employees didn't do their job. I do not owe this debt. If they didn't get payment they need to take it up with the insurance companies. I also have charity through other hospitals. I have provided that as well below. I would think if I qualify through one I would qualify through the others. I have attached however the copy of the XXXX insurance cards and proof that a claim was never filed by XXXX. I will once again reiterate that I gave them the information while she was still in treatment. the made copies of the card but they told me that XXXX   XXXX approved the treatment all the way through. XXXX XXXX also confirmed it.",Debt collection,
7256,XXXX XXXX XXXXXXXX sent me a summons to appear in court for surge credit card which was in the amount of XXXX dollars I paid that off and it still shows on my credit report as a collection it was paid off in XX/XX/year> fix this please Im not sure who purchased it I think it was prime investments llc I think Im not positive but they can tell you,Debt collection,
7257,"I have 2 loans ( 1 subsidized & 1 not ) totaling approximately {$50000.00} with Goal but served by AES. The loan started in XX/XX/XXXX with a fixed rate of 6.625 % and 25 year term. For approximately the past 13 years I have been paying a {$300.00} monthly payment calculated and approved by the lender.

In XX/XX/XXXX, the lender increased my monthly payment by approximately 40 % to {$500.00}. I was advised that the lender miscalculated the monthly payment. These loans have never been in deferment or forbearance. Additionally, I have been paying primarily interest only on the balance that has barely decreased.",Consumer loan,
7259,"I am writing to formally express my concern regarding a recent credit application decision by PenFed Credit Union. I applied for a credit card with your institution and, as part of the process, you conducted a hard inquiry on my credit report. Despite maintaining a credit score above XXXX, my application was denied. This outcome is both unexpected and concerning given my strong credit profile. What is particularly troubling is that I was informed that reconsideration is not available. As a result, I have incurred a hard inquiry on my credit reportnegatively impacting my scorewithout any meaningful opportunity to provide additional information, clarify potential issues, or have my application reviewed further. I respectfully request the following : A detailed explanation of the specific reasons for my denial Clarification on the criteria used in evaluating my application Confirmation that all information used in your decision was accurate and complete Additionally, I ask that you review whether this inquiry was conducted appropriately, given the lack of reconsideration options and transparency in the decision-making process. I value fairness and transparency in lending practices, and I hope you will take this opportunity to address my concerns promptly.",Credit card,
7265,"I've consistently made sure that payments on this account are made on time, preventing them from becoming overdue. I am uncertain about the reasons for reports of late payment remarks on my accounts. According to 15 USC 1666b - Billing Error, corrections should be made.",Credit reporting,15 USC 1666b is credit-card billing; could be Credit card.
7282,"I AM FROM NEW YORK STATE On XXXX/XXXX/XXXX Ive reached out to someone XXXX XXXX sell my portion of bitcoin to. I found this person via XXXX. After talking through text for a few hours, we agreed upon $ XXXX For XXXX XXXX, the {$340.00} was to be paid by him via the cash app. 

This scammers number was a voip number. 

Initially I sent a small amount of BTC to him and he sent money via cash app. I figured it was okay to continue the rest of the transaction. 

Sent XXXX to him and that was it, i called texted and received zero response. 

Frustrated his has happened, I went back to the original XXXX ad. Instead of texting the number on the ad, I emailed instead asking to buy XXXX BTC in cash The original XXXX ad was set to XXXX, PA. I received an email response a few hours later from XXXX XXXX  asking if I was from California. I told him yes and began chatting on where to meet up to make the sale. 

I learned he is in XXXX, Ca, so I called the XXXX police department and explained to them what happened. A detective will be calling me back on a weekday to talk further. The officer I spoke to said its most likely can set up a sting to catch him. 

I have tried to call Coinbase but the dont have an actual phone number. 

I have called XXXX cash card and explained to them what happened, asking for the phone number of the person that scammed me. 10 days until they respond. 

I have records of all texts, transactions with numbers, his voip number, original XXXX ad as well as bitcoin wallet addresses I was giving by him. 

This is the original XXXX ad XXXX : XXXX",Money transfer or service,
7286,"I am submitting to address a pressing issue concerning my recent credit report. Despite my efforts, unauthorized credit inquiries persist, indicating a potential compromise of my credit under your bureau 's watch. Even after attaching FTC report # XXXX these inquiries remain unaddressed. I have previously contacted the companies listed below, requesting the removal of these unauthorized inquiries from their records and all credit reporting agencies. They assured me of their compliance, and each company received a certified letter indicating the inquiries were unauthorized. I demand the immediate deletion of the unauthorized inquiries listed below. This compliant addresses several unauthorized hard credit inquiries on my credit report, with THREE ( 3 ) inquiries still present. Enclosed is my new FTC report, number XXXX, for your reference. I am deeply disappointed by your inaction. When will EQUIFAX remove these erroneous hard inquiries from my credit file? My requests have been ignored for months. Please cease the delay tactics and remove the following inquiries : XXXX. XXXX XX/XX/year> XXXX. XXXX XX/XX/year> XXXX. XXXX XX/XX/year>. According to the Fair Credit Reporting Act Section 605B ( a ), you are required to remove items opened without my knowledge, consent, or authority within four business days, given ( 1 ) appropriate proof of my identity; ( 2 ) a copy of an identity theft report ; ( 3 ) identification of such information by me; and ( 4 ) a statement from me that the information is not related to any transaction by me. This compliant serves as a formal notice that if these inquiries are not removed from my report, I will proceed with legal action. My attorney is aware of my intentions and is prepared to hold you accountable for noncompliance. This is my final warning. Please remove the inquiries resulting from erroneous credit reporting.",Credit reporting,
7287,I have a leased vehicle with Ally Finances. I received a notifier a couple of weeks ago showing that my credit score has dropped by XXXX points. I check to see what was the issue and found out that alloy basically reported that I was not making car payments. I called Ally only to be in form that the car that my ex-wife has hasnt been paid on and a Extension had been added to the vehicle. So I asked him why wasnt I notified that the car payment was late and about the extension. He stated that they notified me. I requested all of the contact information they had which was all wrong my address was wrong the email address on file was wrong and also the telephone number was wrong. They also informed me that a extension had been accepted for the vehicle payments which I did not Request or Give consent to. They informed me That I would be responsible for the extension payment of 500+dollars. I explained to them that I dont see how I would be XXXX responsible for something that I didnt request nor did I give consent to nor was I contacted. Upon a father conversation with them I found out that they allow an unauthorized person to change all the contact information associated with my account and also allowed them to make unauthorized decisions on my account. So I explain to them that all of the contact information they had was wrong I was told two different stories the first customer service rep told me that no one could make changes to my account unless they have the account number and I told him no had access to the loan info because it locked in my truck. The customer service supervisor told me that someone could make changes to my account if they know the last four numbers of my social my name and address or just the account number. They had been sending the bill statement to the wrong address with the account number on it. So I was told two different stories. To make a long story short they expect me to pay all these fees that I didnt authorize.,Consumer loan,
7290,"Last year, my money from cashapp was hacked and stolen from my account. For the longest time I couldn't find a number to call cash app support about my issue. When I finally found customer support they would not assist me and XXXX was taken from me I also made a police report regarding this issue.",Money transfer or service,
7292,"b""So i got scammed on XXXX XXXX XXXX the person who scammed me threatened that i was going to get banned if i didn't go to another guy Mimicking Customer support. Later in the Conversation he had me use a money transfer website called Western Union and had me send him XXXX$ XXXX . I tried Disputing the transaction with my bank XXXX XXXX and they said they I have to talk to the merchant and request the money back so i contacted Western Union and told them what happened and they looked into it and said they won't help me and that I have to go to the bank to get it disputed so the two are sending me in circles.\n\nThe tracking number for the transaction for Western Union is XXXX XXXX XXXX",Money transfer or service,
7294,"Ocwen does not have any ideas about mortgage loans, they have informed me that I am negative XXXX in my escrow account, and this is incorrect. 
I have also been told that my account is in the bankrupcty department and no one has active bankrupcty that is on the mortgage account, I have asked this department on several occassions to remove my account from the bankruptcy department and to date have not been removed from that department.",Mortgage,
7300,"I went into the branch on XX/XX/2024 to open a cd after seeing an ad on XXXX for a XXXX rate just hours prior. I saved the ad, which has a day time stamp. They refused to give it to me and said that rate was from XX/XX/XXXX.",Bank account or service,
7314,"On XX/XX/XXXX I opened my bank statement and noticed my money was not in there. Looking back to my activity I saw I had written a check for {$7500.00} to XXXX XXXX XXXX for property taxes which I had driven to the post office. We never put mail in mailbox at our house. I immediately called Truist and spoke with a XXXX and told her that someone must have mis-keyed the amt by adding a XXXX in front. She said no my check # XXXX was for {$17000.00} and made out to XXXX XXXX. She walked me through viewing this on line. My check was totally altered. You could see the broken lines where they had erased. Name, amt. erased my memo of acct # and property address. She filed claim # XXXX I called police XXXX XXXX came to my home and filed a case # XXXX. Then I drove to the bank to take up a copy of my tax bill and other documents. The banker XXXX XXXX looked at all the info took copies and got them off to claim dept. told me not to worry bank may take up to 60 days but i should get all my money back. Then I received a decline letter saying I filed too late. I went to bank the manager XXXX XXXX didn't know anything about a time requirement neither did XXXX. She called claims dept and was told I only had 30 days. That they sent one letter "" a hold harmless '' to the XXXX Bank that cashed check and would do nothing more. Refused to call them. They have not given me my money back nor made a call Account where the deposit went through mobile scan. I asked to see letter they sent and they would not show me it. Upon a call again today they said 60 days if they hear nothing from XXXX they would "" reach out ''. Please help me. I need my stollen money back. I still need to pay taxes for {$7500.00} I learned our post office has a ton of theft where are the cameras? There are non how can government not care, bank doesn't care. Please help me to get my money back from this fraud. All the best.",Bank account or service,
7320,"I am filing a complaint against Cash App ( Block , Inc. ) due to inadequate customer service in unfair practices, which violate the consumer financial protection act ( CFPA ) specifically, Cash App failed to take timely and efficient measures to prevent and address fraud on their platform, leaving my account vulnerable and unprotected. Furthermore, their dispute resolution process was unfair and deceptive as they did not comply with error resolution requirements under the electronic fund transfer act ( EFTA ) and regulation E. These actions have caused significant inconvenience and financial losses and I seek appropriate Redress for these violations.",Money transfer or service,
7330,"To whom it may concern, My pay has been garnished three times by XXXX different debt collectors. The first 2-garnishment money was never applied to the loan. I made payments for 2 years from XXXX to XXXX of XXXX dollars. It was never applied to my loan and in XXXX I lost my job and could n't pay any more. My original loan amount was XXXX dollars approximately. When I got in position to make payments again the SL people wanted XXXX at once or they would garnish 25 % of my pay in about XXXX. This went on for years up to beginning of XXXX. I could n't pay because they kept saying the wanted the total loan amount and adding the interest to the principal and calling it the new principal never crediting the money paid or taken. I would have made the payments agreed on 25 years ago and paid it off. I could n't afford to keep paying them and not have the payments applied. So by adding XXXX dollars in fees and upping the principal by adding interest to it the total amount they wanted in XXXX was XXXX plus. Since then they have garnished XXXX dollars out of my pay. They waiting to steel my tax return next. If you can help I would like to have the total reduced, the loan taken out of garnishment and go back to the payments agreed on 36 years ago. They are using the fact that they are a government agency to steel false loan amounts. 

Thank you for your time, XXXX",Debt collection,Student loan garnishment; could be Consumer loan.
7332,"I have an RV loan with Bank of the West, which was recently acquired by BMO. As part of the acquisition, communications were sent to customers that stated that automatic ACH withdrawals for loan payments will need to be set up again on the new BMO portal. 

After I followed these instructions, Bank of the West / BMO withdrew two monthly payments several days apart - one as part of the new automatic transfer that I set up following their instructions, and one as part of the existing authorization that remained effective, unbeknownst to me.

I contacted BMO who stated that they would refund one of the payments by mailing me a check. It has now been almost a month and I haven't received the refund, and my loan still shows the same balance on the web portal. 

The incorrect instructions remain posted on their website.",Consumer loan,
7337,"We purchased a new home on Friday, XXXX XXXX and decided not to use the same financial institution to handle our new mortgage. Flagstar Bank held the mortgage on our existing home. The title company wired our payoff on XXXX XXXX. However, as the payment was received after XXXX I was informed our payment would not be applied to our loan until the next business day, Monday XXXX XXXX. This caused us to XXXX more days of interest accrual. 

Additionally, they would require you pay to receive you payoff amount. 

I believe both items are in violation of UDAAP.",Mortgage,
7340,"On XX/XX/XXXX, I went into CHASE bank at XXXX XXXX XXXX XXXX CA XXXX. I deposited {$100.00} dollars into my checking account and received my transaction summary from the teller. After looking at the summary, I was satisfied and left the bank. This was exactly at XXXX hours. About XXXX days later, I checked my checking account and there was money missing ( unauthorized transaction ) made by someone. A withdrawal of {$830.00} and Official check charge of {$10.00} exactly at XXXX hours. Both done on XX/XX/XXXX at exactly XXXX hours. Of course by this time I had already left the bank. I discussed my issue with a bank operations supervisor and she stated that I call XXXX XXXX. So I called XXXX XXXX and someone there stated that I needed to contact the local police and get a search warrant. I called XXXX police and XXXX XXXX stressed the fact that there isn't enough man power to deal with my claim. My incident he said "" doesn't have enough threshold '' to look into further. Chase advertised 0 Liability Protection. Could you please help me to get my money back from Chase? Thank you.",Bank account or service,
7357,"I am refilling my complaint because my original claim was denied due to missing information that I have now clarified. My debit card was stolen prior to XX/XX/year>. My last authorized transaction using my physical debit card was at Sun XXXX XXXX for {$5.00} right before XXXX Sunday.Following this visit, several transactions occurred at XXXX in XXXX, WV. I initially failed to report some of these as fraud because I frequently shop at XXXX using my XXXX mobile wallet, and the transaction totals were very similar to my own typical spending. Because my bank 's app does not specify whether a charge was a mobile wallet 'tap ' or a physical card 'swipe, ' I could not distinguish my legitimate digital payments from the thief 's physical ones at the time of my first report.I primarily use my XXXX mobile wallet for authorized transactions. EVERY TRANSACTION MADE WITH THE PHYSICAL CARD AFTER MY XXXX XXXX XXXX VISIT WAS UNAUTHORIZED. I request that the bank conduct a reasonable investigation as required by Regulation E ( 12 CFR 1005.11 ) by reviewing their internal 'entry mode ' logs. These logs will show that my authorized charges used a 'tokenized "" mobile wallet ID, while the fraudulent {$600.00} in charges used the stolen physical card 's swipe or chip. As I notified the bank within two business days of learning about the theft, my liability is limited to {$50.00}. ''",Bank account or service,
7358,"I left school in XX/XX/XXXX. I had been diagnosed with a XXXX XXXX, XXXX and attened for as long as I physically could. Navient has been reporting inaccurate derogatory late payments on my account. I have made several unsuccessful attempts with various agents to get these late payments removed as they are not accurate. I have stayed on top of my forbearances and deferments as I can not afford the stress or the pressure of having to deal with possible late payments or going into default. 

The dates that Navient has reported inaccurately are : XXXX ( XXXX, XXXX and XXXX ) XXXX ( XXXX ) XXXX ( XXXX, XXXX, XXXX, XXXX and XXXX ) XXXX ( XXXX, XXXX and XXXX ) Forbearances and deferments should be for at least a 12 month period and a 6 month grace period after leaving school. In XX/XX/XXXX after leaving school I still should not have been given a late fee until XXXX, although that is inaccurate.",Consumer loan,Navient late payments reporting; could be Credit reporting.
7363,"In an effort to validate a debt collection account that is being reported on my credit report, I asked the collection agency to validate the debt by sending them a letter via certified mail to the address provided on my report. The letter was mailed on XX/XX/2019 and I have not received a response. They have failed to respond within 30 days.",Debt collection,
7371,"I am submitting this urgent complaint because Sallie Mae has sent me a Final Default Notice dated XX/XX/year>, stating that my loan will default on XX/XX/year>. This imminent default is happening solely because of Sallie Maes repeated errors, misrepresentations, and mishandling of my in-school deferment, not because of borrower negligence. 

Sallie Mae admitted on a recorded call ( XX/XX/year> ) that they repeatedly sent me the wrong deferment forms. I completed and submitted the forms they gave me each time, believing they were correct. Sallie Mae never informed me that their system automatically rejects documents submitted as PDFs, despite their website instructing borrowers to upload PDF documents. This undisclosed system rule directly caused my deferment requests to fail. 

I am an actively enrolled student. My school has consistently verified my enrollment. Sallie Maes errors forced my loan into repayment prematurely, resulting in unaffordable monthly payments that exceeded my income. I repeatedly asked Sallie Mae for hardship, reduced payments, or any assistance program. Their representatives lied and told me no payment programs existed, which Sallie Mae later contradicted in writing to the CFPB by acknowledging I was offered programs. 

These errors pushed my loan into past-due status. Sallie Mae then reported negative credit marks that severely damaged my credit and also harmed my cosigner, XXXX XXXX, who has had a XXXX score for years. 

I have taken every step available, including sending a certified demand to XXXX XXXX XXXX XXXX XXXX and preparing a complaint for the Michigan Attorney General. Despite Sallie Mae acknowledging representative error, they refused to reverse the harm or stop the delinquency escalation. 

Now, Sallie Mae is using THEIR errors to push my loans into irreversible private loan default.",Consumer loan,
7376,"Consumer Financial Protection Agency Dear Sirs, Madam Re : Freedom Mortgage XXXX XXXX XXXX XXXX, XXXX XXXX XXXX Ever since I received a copy of my mortgage statement in XXXX I noticed that they had paid for XXXX house insurance policies for 2015. I had changed my insurance company from XXXX XXXX to XXXX before the XXXX policy expired in the month of XXXX. I had told XXXX to cancel at that time. The policy amount paid by the mortgage company, XXXX Mortgage, was over {$4800.00} where the policies with XXXX and XXXX were about {$2300.00} and {$2600.00}, respectively. I called the mortgage company and they had no answer for the double payment. The only information I got from them was that the XXXX payment was returned to them in XXXX 2015. To this day I have had no communication returned to me at all except for XXXX XXXX XXXX with Freedom, telling me she does not handle these complaints. Please help me with this problem as I do n't know how to make them listen to me. 
Thank you very much, XXXX XXXX XXXX XXXX XXXX XXXX XXXX XXXX XXXX, XXXX XXXX, XXXX, XXXXXXXXXXXX Account Number XXXX",Mortgage,
7377,how many times should I dispute this? I mailed the bureaus what they need and still I'm being ignored? I have unauthorized inquries and accounts that I want them to removed no proof that is beingsenttome.,Credit reporting,
7380,"They called me in XX/XX/2023 to settle a debt but they threaten me that if I do not make a payment plan that they will come to my job or come to my house and also garnish my wages. They also told me that they have my Social Security number. I tried to start a payment plan with them and is not able to pay it back at the moment so now they called me again. XX/XX/2023, and they are saying the same thing. If I dont settle the debt said theyre threatening to come to my house or my job or garnish my wages.",Debt collection,
7382,"On XX/XX/2023 I purchased XXXX XXXX prepaid gift cards from XXXX. One in the amount of {$100.00} and another in the amount of {$200.00}. Both we gifted to my sister who immediately informed me that they had been used, the card numbers scratched out, and repackaged. I reached out to Target for resolution and redirected to XXXX who requested proof of purchase, pictures of the gift cards, my contact and drivers license information. I submitted this information XX/XX/2023 and received a case number of XXXX. To date, XX/XX/2023 XXXX has not provided resolution, I am out of {$300.00} and every attempt to follow-up and request a status update results in me being left on hold for excessive amounts of time. I provided all the necessary documentation and have still received no resolution from either merchant ( Target/Visa )",Credit card,Prepaid gift cards; closest is Credit card (prepaid).
7384,"I have XXXX student loans under UAS connect but was never informed that payments were due. They did not call, email, or send a letter informing me that payments were due. I was applying for another loan through a different company, but my credit report came back saying that I had overdue loans and i that I will not be able to receive any more loans. The credit report company said that the loan delinquencies will be on my record for the next XXXX years. So in that time I can not get any more student loans and will not be able to pay for college. I called XXXX connect to figure out why my credit report is showing loan delinquencies and they said that it was because my payments were overdue. I was never informed that payments were due and on the website for my loans it said my next payment was due XX/XX/year> so I asked why it was showing up differently on their side. I was told that I had XXXX months worth of past due payments. When I asked why I was not informed of any due payments, they said they could not contact me due to security reasons. I do not see how I was meant to know about due payments when there was no communication of such.",Consumer loan,
7385,"I was never informed how credit really work so at the time that I received these two credit cards, I thought that I could handle the credit cards responsibly. I did well for a few months and then I had a change in employment which resulted in less money to pay credit card payments. When I got to a place that I could start paying on these two cards, I started sending monthly payments directly to Capital One for the two different credit cards that I had. I did not call and ask for a settlement. I just wanted to be responsible and pay the debt and so I did. Because I didn't know much about credit and credit reports, I didn't know that even once the debt was paid in full, it would appear on my credit report as Charged Off /Paid in full and closed by Consumer. I've become much more educated on credit and have been able to use my credit in a responsible way now. I just ask that the negative remarks be forgiven. Please consider my request as I have been working hard to build my credit profile and use it the way it was intended to be used. Thank You in Advance.",Credit card,
7396,"Grievance Complaints : Internal Fraud Schemes for Unsubstantiated Maintenance Fees {$8.00}. XXXX  XXXX XXXX XXXX  who informed I have 6 FREE Transfers from Savings Account per month. Tactics to tranfer you to a different Department to not be held Accountable for Fraudulent Maintenance Fee. RICO Racketeering Corruption and XXXX Schemes. 

2. I asked how many times I Transferred in XX/XX/2021? XXXX "" Only 1 time. "" I asked HOW many times in XX/XX/2021? XXXX replied, "" 4 times. '' Then I asked, WHY was I charged a Services Fee on {$8.00} on XX/XX/XXXX? She said, "" You must maintain a certain Balance in Savings Account to not be charged. '' I informed I only used 4 out of 6 Free Transferred, so why was I wrongful charged {$8.00} Maintenance FeeWhat does my Balance has to be She looked but could not find nor provide an answer. Then she told me she needed to speak to a different Department please hold. This went on about 10 to 15 minutes. She finally returned to tell me she still has no answer and that the systems are down. Then she told me she would have to Transfer me to a nother Department. I asked What Department is that? She said, Credit Card. I asked Why when it's my Savings Account XXXX said it ALL THE SAME, your Debit Card with Master Card is the same as Credit Card with Master Card. I had no choice but to let her tranfer me to CCD. I asked XXXX did she send Notice WHY I was being Transferred to her CC Department so that I would not have to re-explain everything we discussed? XXXX said Yes and then made Transfer to Credit Card Department. 
2. Transfer to CCD SW XXXXfr XXXX who answered and Asked What I can Help you with since I am waiting for your information to come up. I told her. Then she told me I know you were transferred to me ; but I have to TF to Deposit Department. 
3. Deposit Holding Department automotive could not Service and disconnected me.",Bank account or service,
7404,I recently reviewed my credit report and noticed an account that was not reporting accurately that I have not ever even opened. its says somethings about having two late payments on an account that in fact could have been paid on time. The consumer reporting agencies have need to report all information with complete accuracy. this account has not been late on payments ive attached a copy of my report to this complaint on the following dates XX/XX/year> I'm now requesting you investigate and provide verifiable proof with records showing that their were late payments. If this information can not be verified I demand these payments be updated to paid on time immediately or removed Thank you for your understanding and prompt action please Im begging Im only XXXX and this is considered fraud thank you so very much,Credit reporting,
7414,"I've had XXXX Ethereum crypto ( current worth {$490.00}, has fell 10 % in price since I opened a dispute with them 4 days ago ) held by coinbase.com for almost XXXX  years now which has been unavailable. I've tried for the last XXXX  days to get resolution to this with constant run around. First it was because my ID was out dated, I went through the verification process and then they told me it was because its on hold from a transaction back from XX/XX/year> and the transaction would need to be cancelled, I contact them the next day and nobody knows whats going on with the case, I believe no one is doing any thing about the issue.",Money transfer or service,
7420,"On XX/XX/year>, my Remitly account was suspended without prior notice. Before the suspension, I had approximately USD XXXX in my Remitly XXXX from a single international money transfer. After the suspension, I was no longer able to log in to my account or access my wallet balance. I contacted Remitly support multiple times to understand the reason for the suspension and to ask about my funds. I was informed that my account had been suspended because of an alleged violation of the User Agreement, but no specific reason was provided. I submitted an appeal, but Remitly later informed me that the decision was final and that my account would not be reactivated. During a support chat, a Remitly representative stated that the balance in my wallet would be returned to the sender. However, I have not received any confirmation that this refund has been completed, and I have not been provided with any documentation explaining the current status of the funds or the process for returning them. I am not requesting that my account be reopened. I am requesting that Remitly provide a clear written explanation of the status of my approximately USD XXXX wallet balance and either release the funds to the appropriate party or complete the refund if that is their decision. I also request written confirmation once the funds have been released or refunded.",Money transfer or service,
7424,"I had a forbearance due to covid for 3 months. we have been paying our mortgage for 6 months now in full. We set up new terms to extend the mortgage by 3 months and signed all of the paperwork with Wells Fargo in XXXX. Our loan still shows we are in forbearance and past due. I reached out to wells fargo in the middle of XXXX and was told it would be processed and updated 4 days from when I called. The big problem is I am in the middle of a refinance and can not proceed due to being listed as in forbearance. I called Wells Fargo on XX/XX/XXXX at XXXX after looking at my most recent statement on XX/XX/XXXX to tell them it still showed I was past due.. They stated they would work on it and call me back. No one called me back. So I called them back at XXXX and they told me there was no one that could help me and a manager would call me on XX/XX/XXXX. No one called me, I had to call them at XXXX on XX/XX/XXXX and was told a manager couldn't speak with me, I demanded a manager call me back. Finally a manager called me back at XXXX and told me there was nothing he could do and didn't know anything. I asked if he could at least write a letter stating I was no longer in forbearance and in good standing. He would not do it and said I have to wait for them to process the settlement. He told me this should have been done 1 month ago, but could not answer why it wasn't done. I am stuck and unable to complete my refinance due to their negligence and unwillingness to help.",Mortgage,
7425,"Dept of Ed - Nelnet is unlawfully reporting on my credit report. According to The Family Educational Rights and Privacy Act ( FERPA ) is a federal law enacted in 1974 that protects the privacy of student education records. FERPA applies to any public or private elementary, secondary, or post-secondary school. 20 USC 1232g ( b )",Credit reporting,Student loan servicer reporting; could be Consumer loan.
7433,"I am a victim of medical identity theft. Collection agencies are reporting medical accounts without my authorization, consent, or HIPAA release. These accounts were opened or assigned without my knowledge and constitute identity theft under federal law.",Debt collection,Medical collections / identity theft; could be Credit reporting.
7436,"I am filling a complaint against Cash App ( Block , Inc. ) due to inadequate customer service and unfair practices, which violate the Consumer Financial Protection Act ( CFPA ). Specifically, Cash App failed to take timely and effective measures to prevent and address fraud on their platform, leaving my account vulnerable and unprotected. Their dispute resolution process was unfair and deceptive, as they did not comply with error resolution requirements under the Electronic Fund Transfer Act ( EFTA ) and regulations E. These actions have cost significant inconvenience and financial loss, I seek appropriate readdress for these violations.",Money transfer or service,
7447,"I got a quote for a loan from Interfirst Mortgage, but when that house became unavailable, I targeted a more expensive home. The amount of the loan increased from around {$170000.00} to {$230000.00}, and as a result they said my rate would have to increase. I protested and was told that they would be happy to match any loan rates, if I could provide them with a loan estimate from a competitor. 

Fearing losing the house in this crazy market, I elected to continue, which was a mistake. However, I got a competing loan estimate and provided it to the lender in advance of the closing. At that time, neither of my loan agents answered or returned any of the numerous phone calls I made, and I emailed them several times before and after the closing ( which was XX/XX/XXXX ), and they still have not made any effort to respond. 

Prior to me providing them with the loan estimate, they answered the phone readily, and always responded to my emails. I would have even refinanced the loan with them since they already had all the information, but their complete unwillingness to communicate after I provided the required information just solidifies that this is a dishonest company that never had any intention of doing anything other than giving me a terrible deal.",Mortgage,
7468,"I had the opportunity to speak with Self financial Inc. today following the Conversation which I did record the representative advice me that self financial captured a {$1500.00} security deposit from me. The same {$1500.00} deposit they did not acknowledge in court when we went last year they reported that I had never made a payment. They completely disregarded the fact that they stole my money and applied it to nothing. They then went on to reporting on my credit bureau that no money was received, and they reported that they had closed the account, when I spoke with the representative today, he advised me that the account is open and incurring late fees and I am denied access. I would have never known that this account was open considering what they wrote to the credit bureau. They have been continuously running up false charges on me while telling the credit bureau that the account was closed. I recorded this conversation. I will be happy to provide it, however, the below on this form does not allow me to upload the conversation when I told the representative that I would like to proceed legally with what they have done to me because they are destroying my credit and my opportunity to secure Housing. He offered me a settlement of {$120.00} in which I told him no you need to remove what is on my credit because its false its fake. I dont owe you late fees you close the account told me that it was closed continue to create late fees and Hid it from me.",Consumer loan,
7477,"My mortgage was with XXXX and was sold to Flagstar. I tried to process my first payment with them and typed in the wrong account number which made my payment not go through. I never received an email or phone call saying I missed a payment and when I went to go pay the next months mortgage payment it said I had late fees and wasn't paid. I called Flagstar and the customer service representative was very rude to me and asked me "" If I would like to keep my home? '' and ; "" just wanted to know if you wanted to keep my home? "". When I asked about the late fee, he stated "" it wasn't a late fee but an insufficient funds fee. '' Federal Law states that I have a 60day grace period before late fees are charged.

I don't believe I should be charged any additional fee 's regardless of what they wish to call them to subvert the law given that I never received notice of the missed payment and I am attempting to fulfill my payment obligations in full.",Mortgage,
7482,"From XX/XX/XXXX through XX/XX/XXXX, I made cash payments in the total amount of {$9100.00} for mortgage due dates : XX/XX/XXXX through XX/XX/XXXX. 

SunTrust records indicate that my mortgage account is delinquent for XXXX and XXXX, XXXX. 

XXXX XXXX of SunTrust Mortgage confirmed that my last payment on XX/XX/XXXX in the amount of XXXX was NOT applied to the principal ( see attachment ). Instead, SunTrust Mortgage misapplied my funds to a "" SUSPENSE ACCOUNT '' for escrow payments. My contract does NOT include escrow payments ( see attachment ). 

I must pay XXXX 's mortgage payment soon, but SunTrust warned me that any future payments will be applied to any and all past due amounts. 

In USA, CFPB and 50 States v. SunTrust and among other civil actions, ( including 1-14-cv -- 01128-RMC ), the court has ruled in favor of the mortgagor when facts include deceptive acts and practices by the mortgagee. 
On the following dates, I spoke with SunTrust but to NO avail. 

Date SunTrust Customer Service Time Outcome XX/XX/XXXX XXXX XXXX by phone/email XXXX no response XX/XX/XXXX XXXX XXXX by phone XXXX no response XX/XX/XXXX XXXX XXXX XXXX no response XX/XX/XXXX XXXX XXXX no response XX/XX/XXXX XXXX XXXX no response I have attached documents for your perusal. I look forward to hearing from you soon. Thank you in advance for your consideration.",Mortgage,
7485,"XXXX XXXX, XXXX, XX/XX/XXXX This CFPB complaint has been filed to request pursuant to FCRA 605B ( 15 U.S.C. 1681c-2 ) that you, the XXXX  credit reporting agency , block information appearing on my consumer credit report that is the result of identity theft and fraud within 4 business days of you receiving this complaint. This fraudulent, inaccurate, and false information consists of XXXX XXXX XXXX XXXX XXXX XXXX XXXX XXXX XXXX XXXX XXXX XXXX XXXX XXXX XXXX XXXX XXXX XXXX XXXX XXXX XXXX XXXX XXXX XXXX XXXX XXXX XXXX XXXX XXXX XXXX XXXX XXXX XXXX XXXX XXXX XXXX XXXX XXXX XXXX XXXX XXXX XXXXXX/XX/XXXX. 

These accounts have resulted in several fraudulent hard inquiries and fraudulent collections appearing on my consumer FICO credit report. All of the aforementioned accounts, collections, and hard inquiries are the result of identity theft and fraud. I have attached a copy of FTC Identity Theft Criminal Complaint XXXX as proof from the US Federal Trade Commission that all of the aforementioned consumer credit accounts, collections, and hard inquiries are the result of identity theft and fraud.",Credit reporting,
7488,"I have my student loans set up through Navient. I was placed on forbearance during residency. I was told that I would have a 6 month grace period after graduating residency before I would have to enroll in payment ( I do not recall this person 's name as it was many correspondances ago ). I then found out that this was not true. Then while setting up income based repayment I was told numerous different amounts that I would be responsible for. Since XX/XX/XXXX I have been trying to pay my monthly payment with autopay. However, every month so far there has been an issue ; meaning every month I am given an alert saying I have a past due balance and that I should/can enroll/need to enroll in auto pay. Every month I call and someone attempts to fix it, points out that past person 's mistake and tells me it's taken care of. There is no accountability or penalty for Navient and their poor handling of my loans.",Consumer loan,
7493,"My account was stolen and Paypal is doing abslutely NOTHING about it, despite serveral calls, emails, proof, they do not protect consumer 's data which is a HIGH CONCERN Please investigate Paypal in depth",Money transfer or service,
7494,"I applied for a JP MORGAN Chase freedom card on the XXXX of XXXX. I was denied I asked a agent why was I denied, I was told I would receive something in the mail to the reason I was denied. I never received a letter at all. I called J.P Morgan Chase again on XXXX the XXXX, XXXX  and asked again why was I denied and I still haven't received an adverse action letter and they were violating the law. The agent I spoke to from J.P Morgan Chase bank said they would review the application again while I was on the phone. The agent then asked me for my social security number again, but said they could not approve me because the things I had on my credit report. Also J.P Morgan is in violation of truth and lending and the equal credit opportunity act especially since my credit card ( social security card ) was used and I received no benefits.",Credit card,
7496,"I paid my car bill for this month already. two days later i got charged for another car bill for this month basically "" paying in advance '' but i never authorized this and i dont have auto pay on my car bill.",Consumer loan,
7500,I have tried explaining to this creditor that I am not responsible for this balance and that it was charges made without my knowledge. They continue to state that I am still held accountable and obligated to pay the past due for {$2600.00}. The credit company name COMENITY BANK I have tried disputing it through that credit bureaus as well but they state that information matches so they can not remove it from my report. This defamation and fraudulent charges that I am apparently being held responsible for and it is not fair.,Credit card,
7501,"XXXX XXXX "" sold '' my mortgage to Specialized Loan Servicing, LLC XXXX ), last fall. A couple of weeks ago XXXX  sent me a statement detailing my escrow account. I'm attaching same for your convenience. The statement shows my projected escrow account will total {$2100.00} and the projected disbursements from my account will total {$2100.00} for a difference of XXXX cents. 

On the statement it says "" Cushion selected by servicer : {$350.00}. '' Do they have a legal right to hold an additional {$350.00} above what is needed to pay the annual taxes and insurance? In my view it would allow them to earn interest on my money for the life of the loan.",Mortgage,
7503,"Received emails from Bank of America stating an application was placed under my name, a confirmation that the application was being processed, a confirmation that the application was approved, and then an email change request notification. I called Bank of Americas fraud department and they closed the account.",Bank account or service,Account type not stated; treated as bank account.
7509,"I have an account with Coinbase.com and on XX/XX/2021 had approximately {$7500.00} in cryptocurrency in my account. During the early morning hours of XX/XX/2021 I received text messages from Coinbase of suspicious activities in my account and asked if it was me initiating these activities. I awoke from my sleep to answer the texts and responded that it was not me and locked my account. I called and learned that my money was safe but account was locked and would have to wait 24 - 48 hours to have access to my account. I specifically asked to verify that my money was not moved but again reassured that it was safe. I later learned that all my money but {$0.00} remained in my account. I also learned that my personal bank account linked to my Coinbase account had {$1000.00} transferred from my bank to Coinbase during this same time frame. In total, I sustained a loss of approximately {$8500.00}. Communicating with Coinbase to investigate what occurred has been almost impossible. Each time I spoke with a live representative, I was told that my case was being referred to the next level and that I would be contacted by that level within 24 hours. That "" level '' has yet to contact me. Coinbase has failed to protect my money, replenish my losses and respond to my desperate requests for answers.",Money transfer or service,
7510,At one time briefly I opened an account with XXXXXXXX XXXX internet. The service was so bad and the billing was always incorrect. I cancelled the service and returned the equipment ( there is nothing you can use the old modem for anyway ) and was told by the customer service manager I would not be billed for any services. When I had received another bill from the company they had admitted they sent it in error and told me not to worry about paying the bill and I never received any more bills. Now when my credit score is at its highest peak I see a collection from a Transworld systems about this same bill years later. There have been no calls voicemails text messages or any letters of intent to collect any debt sent to my home and I have left a forwarding address not to mention I have been here current address for TWO YEARS and have never received any communication or correspondence from Transworld. This debt was never valid and someone from billing has made an error and now my credit has taken a 20 point hit. This needs to be removed from all three credit bureaus.,Debt collection,Collections for a utility bill.
7512,"I am a victim of theft from a missing payment inside of the Nordstrom department store in the XXXX Texas. On XX/XX/year> I went inside the store to make a purchase and payment. Before leaving the store I went to the nearest teller to make a cash payment of {$100.00}. The cash payment was misplaced and stolen from the teller and never placed on the account payment history. After bringing this to Nordstrom attention, they refused to take accountability. Instead, they requested that I make the payment to cover the stolen payment. I refused to make an additional payment I demanded justice and payment to report. I was threatened that they would report the missing payment as late payment, and this caused over 4 missing payment history due to Nordstrom never correcting the initial payments",Credit card,
7513,"Today, at XXXX XXXX Pacific Time, Ireceiveda call from someone who asked for person X ( my partner ), and when I asked who they were, said : "" This is XXXX XXXX  ''. I asked, "" Which office of XXXX XXXX? '' They responded : "" It's an office of XXXX XXXX  ''. I pressed again : "" What office of XXXX XXXX  are you from? '' They responded : "" With the University ''. When I finally pressed again, they responded, "" I'm with Williams & Fudge, working on behalf of the University. '' I believe it is fraudulent to represent yourself as someone you are not. This was not a call from XXXX XXXX, they were from Williams & Fudge , Inc .",Debt collection,
7521,I go to use my card which was working fine and was unable to do a transaction I called XXXX XXXX and find out why and was told they locked my card due to suspicious transactions. Come to find out 3 days ago that I would be receiving a new card in the mail that was issued on the XXXX of XXXX which I had no notification no knowledge of my card locked or a new card coming in the mail. If I would have been notified I would have time to notify all of my automatic payments for my bills to inform them that I would be receiving a new card in the mail and I would get the new number to them as soon as I received it. XXXX XXXXs did not inform me send me no notification nothing so now all of my bills were declined that was set on automatic payment I've had to contact each XXXX of them to inform them of new card number. My car insurance was almost terminated my phone was shut off and my life insurance both were being canceled due to decline payments. I've had nothing but problems for the past couple years with XXXX XXXX which I get my widow benefits on not to mention money that was used off my card that was not me that they said or accountable by me which they were I was on the phone with them as money was taken off my card at the same time and they still said it was valid transactions so I was out over {$200.00}. When I contacted XXXX XXXX yesterday all I was told was they apologize for any inconvenience which like I told them an apology doesn't pay my bills or make me delinquent.,Bank account or service,Likely a benefits/prepaid debit card.
7523,"At this time, I request a true copy of a Bill of Sale pertaining to a debt purchase that XXXX XXXX XXXX claims they acquired from Synchrony Bank. If there is no Bill of Sale that can be proved on the debt ownership transfer, then the transfer of information is only an identity theft issue. FTC XXXX XXXX XXXX XXXX ( 2009 ) states in a federal district court decision, that debt transfers for collection must be proven to be 100 % accurate by an assignment of collection responsibility, or as in the case of debt-buyers by a Bill of Sale . If a Bill of Sale can not be shown, then I will file an identity theft claim against XXXX XXXX XXXX with the Federal Trade Commission. DELETE THIS TRSADELINE PERMANENTLY ON ALL CREDIT BUREAUS XXXX XXXX",Debt collection,
7536,I am strong victim of wells Fargo auto loan I was neglected when I summited the complaint and this has violated my consumer rights I have XXXX XXXX XXXX XXXX XXXX XXXX  and request CFPB and was over look now I have XXXX XXXX XXXX XXXX XXXX well Fargo has approved a loan on a damaged vehicle and over priced the vehicle Wells Fargo approved a auto loan,Consumer loan,
7538,"Hello, 5 months ago me and my wife began refinancing my mortgage with your company. Since we began we have been repeatedly misled or given inaccurate information or straight out lied to by my loan officers. We tried to cancel the business months ago when their service was clearly not helpful but they held hostage my deposit they refuse to return if i wanted to cancel their business. 

We've been told repeatedly that after an assessment and providing the value came out as predicted it would be the last step in the process. After the assessment came in for the proper amount they have now indicated that we needed repairs but are unable to tell me what is needing to be done because the assessment report does not say anything. After that we were told that we could not qualify anymore for our loan and would need to change terms. 

We've been given the run around from these officers and company for months without getting any straight answers on why we don't qualify and what we need to do to qualify again. At this point the only I can think of is their trying to scam me out of me {$500.00} dollar deposit by pushing me to another lender. 

These two employees have repeatedly given us conflicting information in what is either massive incompetence in their abilities or an intentional effort to drive away our business and keep the {$500.00} dollar deposit. I have asked to speak to the managers but haven't received a response. I am concerned that this is a complete scam with the way we are being treated by this company, I have reported this company as a scam to all available financial regulators and will be contacting legal counsel. 

XXXX XXXX XXXX XXXX NMLS ID # XXXX AmeriSave Mortgage Corporation NMLS ID # XXXX XXXX XXXX XXXX XXXX, XXXX XXXX XXXX KY XXXX XXXX Desk XXXX Fax XXXX XXXX XXXX Processor AmeriSave Mortgage Corporation NMLS ID # XXXX XXXX XXXX XXXX XXXX XXXX XXXX XXXX, XXXX XXXX XXXX GA XXXX XXXX Desk XXXX Fax XXXX Thank You, XXXX XXXX",Mortgage,
7540,"This debt collection company has been trying to collect debt that IS NOT MINE. They are claiming that I owe XXXX and when I requested a breakdown of just a little over {$1000.00} but claimed that there was a balance forward of {$15000.00}. They were unable to explain where this amount came from. This is a rent debt and I paid my rent every month. When we moved out, they claimed there was some damage to the property which was accounted for in the breakdown, but at no point did I ever owe a balance of {$15000.00}. This is impossible to owe this much money without being evicted. They have called me, harassed me and after disputing this in writing with them in writing, they have continued to say that I owe a debt that I DO NOT OWE. I have requested proof of this alleged debt in the form of a contract bearing my signature and the contract only proves that I fulfilled my lease obligation and I would also argue that the very small amount of damage is simply wear and tear. This company is exploiting me by listing this outrageous debt allegation on my credit report which is stopping me from being able to obtain credit. This amount is totally inaccurate and this practice violates the Fair Credit Reporting Act ( FCRA ), 15 U.S.C. 1681i. I have the right to a fair credit report that reflects only accurate accounts under the fair credit reporting act. This company has continuously violated my rights and their practices go against the Fair Debt Collection Practices Act. I am requesting for removal of this account from my credit report IMMEDIATELY. This company has been given the chance to prove the accuracy of this account but they have failed to provide any proof other than a claim that they purchased this debt from another company who I also did not sign an agreement with.",Debt collection,
7553,"I received an email on XX/XX/2023 from my Loan Servicer Mr. Cooper in a form letter that was also sent to thousands of others stating that on XX/XX/XXXX Mr. Cooper became the target onf a Cyber security incedent. the letter went on to state that Mr Cooper took immediate steps to lock down their systems in order to "" keep your data safe ''. 
The rest of the form letter went on to state that as a parent company they are working as to fix the issue as quickly as possible ; and that I would not in cur any fees, penalities, or negative credit reports. There was a link alsop given and I was encouraged to visit the site. 
Today however they have released a memo stating that one can make their mortgage payment via phone mail one-time web payment XXXX XXXX or a XXXX 
Due to my age ( XXXX ) a fixed income and all of this inconvience I am relunctant to do anything other than use the US mail and write a check ... ... .will there be anytype of retrobution to all of us that were affected? What about mine and all others personal information ie credit and bank accounts that may or maynot been compromised? 
XXXX XXXX",Mortgage,
7564,"On XX/XX/XXXX, I sent proof from my bank ( XXXX ) that I sent full payment on XXXX XXXX total due of {$120.00} credit card balance which was due XX/XX/XXXX. The bank stated they received my payment on XX/XX/XXXX. I sent payment as soon as I received their statement on XX/XX/XXXX. I sent via mail of XXXX payment and proof. On XXXX XXXX I received a letter from Comenity Capital bank stating at least 7 business days prior to due date which I did more than 10 days. The refused my proof and still charging me the late fees which is now due with interest fee which I will NOT pay. I sent my full payment more than enough time. This is the 3rd time with late fees from this bank which I have not been late once they keep charge these fees.",Credit card,
7582,"Department of Education and I had a communication lapse. I had moved and received absolutely no notices about the student loan. There is only one ( 1 ) student loan. I was called at work one day in early XX/XX/XXXX. Suddenly they were garnishing my check for the student loans. I was never given the opportunity to apply for Income Based Repayment, Hardship, or forbearance. They have be garnishing my wages ever since. They are paid approximately 15 % of my check every two weeks for over the last 5 years.

They are reporting 9 different accounts on my credit report of which 4 they are  reporting as collection accounts and show the last activity in XX/XX/XXXX. 
Here is an incomplete list of the discrepancies they have shown on my report despite me trying to correct them : 1- There is only 1 and they have reported 9 accounts.

2- The account has had payments made every single month for the last 5 years. They do not reflect this.

3- They list numerous account numbers.

4- I have never been given the opportunity to apply for forbearance or any program to help me deal with them.

I did speak to one person who told me that if they took it out of garnishment the payment would be higher which I could not afford. I was never contacted prior to the garnishment. 

I have spoke to XXXX, Experian and XXXX and let them know there were more than one duplicate and that it was being reported correctly but there was no resolution.",Consumer loan,Student loan wage garnishment; could be Debt collection.
7586,"To whom it may concern, Capital One closed my credit card dispute despite clear documentary evidence proving I was charged for hotel services not rendered.

I stayed one night only, which was confirmed in writing by the hotel through checkout confirmation. Despite this, I was billed for three nights via XXXX. I submitted the hotels written confirmation and proof of early checkout, yet Capital One accepted contradictory merchant claims and held me responsible for charges for nights I did not stay. 

This constitutes billing for services not rendered. I am requesting regulatory review and correction of this improper determination.",Credit card,
7592,"In accordance with the Fair Credit Reporting XXXX XXXX  Account # XXXX, XXXX, XXXX, XXXX, XXXX, XXXX, has violated my rights. 
15 USC 1681 Section 602 States I have the right to privacy.

15 USC 1681 Section 604 A Section 2 : Ot also states a consumer reporting agency can not furnish an account without my written instructions.

15 USC 1668B : A creditor may not treat a payment on a credit xard account under an open end consumer credit plan as late for purpose.",Credit reporting,
7597,"I was a victim of fraud while being interviewed for a job where I was given a check that had insufficient funds or something of the sort. The bank proceeded to freeze my accounts on that same day ( XX/XX/XXXX ) and called me the following day ( XX/XX/XXXX ) informing me that my accounts had been closed and that I was no longer welcome to do business with them. 

When I asked regarding the money I had in my account, they said a check would be sent to me and this was confirmed in 3 different calls where they read back and confirmed the correct address. However, today ( XX/XX/XXXX ) I called regarding an email I had received yesterday ( XX/XX/XXXX ) saying there was a change of address on my account. This was impossible since they were closed. Upon calling I was told that the check ( s ) had been sent on XX/XX/XXXX, but to the wrong address. 

Despite the mail being refused and returned to sender, the bank claims that I have to issue a subpoena to get any information such as the recording of the calls and that I would have sign and notarize an affidavit that I had not received the checks, even though they received it back and they have not been cashed. 

The amount totals around ~ {$460.00}...",Bank account or service,
7598,"On XX/XX/XXXX my vehicle was illegally repossessed by Westlake Portfolio Management. Allegedly they say I owe them money for a XXXX XXXX XXXX XXXX  which I have no standing contract with them nor has one ever existed. The company I originally got the car from was XXXX XXXX XXXX which was permanently shut down in XXXX of XXXX. Im not sure what happened to the company I believe they went bankrupt but I am not 100 % sure the case that caused their abrupt closing indefinitely. Now Westlake Portfolio Management has taken it upon themselves to repossess the vehicle because they claim that I am behind on paying them. I do not know who these people are nor have I ever entered into a verbal or written contract agreement with them. According to title 15 USC 1692f they are in violation of my rights as well as 15 USC 16802 and 15 USC 1692. Also the vehicle was taken without a court order from a judge. So this was a non judicial repossession committed by this company which is an illegal act. It is against the LAW. Since the repossession I have lost my job, I have been behind in my bills, I can not see my son as I use too for he lives two hours away and I do not have transportation to see him or let alone pick him up. This companies disregard for the law has turned my life upside down making the livelihoods of me and my family almost incorrigible. I have tried calling to speak with a supervisor but they always leave me on hold or say some one is going to call back. Its been almost two weeks since I last spoken to one of their scamming representatives and yet have I gotten a phone call in order to try and reach a peaceful and lawful resolution.",Consumer loan,
7599,"I lost my job in XX/XX/XXXX during my maternity leave. By XX/XX/XXXX, we were falling behind on our mortgage payments with Pacific Union Financial , LLC. 

We started the application process for a loan modification through their Loss Mitigation department in XX/XX/XXXX. We continued to check in on our application and submitted and re-submitted paperwork as needed. During this time, we continued to receive certified letters from the lawyers about our house going through foreclosure. However, we thought our loan modification would stop the foreclosure. As of XX/XX/XXXX, our application was under review by the underwriter, and I was informed we would hear back soon. 

On the morning of Friday, XX/XX/XXXX, at XXXX, cars lined up outside my home, and the house was auctioned off as my young children and I sat inside. I called Pacific Union as soon as I realized what was occurring, and I was informed that our application was denied on XX/XX/XXXX, and a letter was mailed to us to let us know. We had not received the letter, as letters from Pacific Union typically arrive XXXX days after they are dated. The reason for the denial was listed as insufficient debt-to-income ratio. They denied our application, and we were not given sufficient time to stop the foreclosure from happening. I asked to speak to a supervisor, and hours later, one contacted me to just say that they sent me a letter, and thats all they could do. 

Furthermore, when the denial letter did arrive from Pacific Union, one of the reasons were denied Type I Special Forbearance was that I was listed as no longer unemployed. This is not true. I specified that I am looking for a job, but I never indicated that I had found employment.",Mortgage,
7601,"A company called SOURCE RECEIVABLES MANAGEMENT placed a tradeline on my consumer reports in connection with an alleged debt they have not sent me any information on, and I was not given the right or opportunity to dispute this alleged debt. This agency is in violation of 15 USC 1692c, 15 USC 1692d ( 1 ), 15 USC 1692e ( 10 ), and 15 USC 1681s-2. I was not provided the chain of assignment, Papertrail as proof that I have used this account, a contract bearing my wet ink signature, whether this account has been reviewed by an attorney, or whether there is insurance on this alleged debt.",Debt collection,Tradeline from collector; could be Credit reporting.
7607,CFPB know as you were aware of case so you seen that I was a victim of the data breach with Equifax. I let XXXX  know that I was a victim of this situation and they did nothing. Please follow up and make XXXX  delete these from my credit report,Credit reporting,
7617,"An international wire transfer was not credited to my Wells Fargo account, despite confirmation from the senders bank that the funds were successfully delivered. After noticing the delay, I contacted my bank ( XXXX Wells Fargo ). Following a review with their payments team, they confirmed that the funds were not received on their end and that there are no issues with my account. They advised me to contact the sender or the transfer platform for further clarification. Based on this recommendation, the sender, who is in XXXX, XXXX, visited her bank to request a recall of the funds. However, her bank reconfirmed that the payment was successfully credited to my Wells Fargo account on XX/XX/year>. Additionally, the intermediary bank involved in the transaction is XXXX XXXX XXXX. At this point, I have already fully delivered the agreed-upon service to my client, and it would be unreasonable to continue requesting follow-ups from her regarding payment that her bank has repeatedly confirmed as successful.",Money transfer or service,International wire not credited; could be Bank account.
7627,"We were defrauded by Wells Fargo. When I called in to get a loan modification I was lied to. The home mortgage preservation representative directly lied to me in an attempt to disqualify us from being able to apply or qualify for a loan modification. He told me that we could only get a modification if we were delinquent on our mortgage. We had never been late at the time of the call. He also said we could intentionally miss a payment. About one year later when we could no longer pay we missed a payment. When we tried to get a modification with a lower interest we were told we didnt qualify because we had missed a payment in the past 12 months. We did however qualify for a 40 year loan at the same rate 6.25 APR. Even though we had been paying what they told us to during the modification they put our home in foreclosure just before giving us the bad news on lowering our rate. We were jerked around and transferred to 5 different loan preservation representatives. One year later we tried again to lower the rate and were told we had been late again even though we had not, and the credit bureau showed no late payment. Then they put our home into foreclosure while we appealed. When they denied our appeal we could not afford to catch up the payments so they sold our home at action. I tried to get an extension on the foreclosure because we could not get a fair price due to covid but once again we received no help from Wells Fargo. We had to fire sale our home in XX/XX/2020 to pay off the mortgage. I want to know if there is anything you can do to help. By the way my wife is a XXXX and even though I told the Wells Fargo representative all of this but they could care less and offered no help even though we were in shut down due to covid.",Mortgage,
7628,"My account with gemini cryptocurrency exchange has been on a security hold since XX/XX/XXXX, preventing all withdrawals of funds or crypto assets. 
I first contacted support on XX/XX/XXXX, opening Ticket ID XXXX. The company replied a few times, requested identity verification documents, and I promptly provided the requested verification. After I completed verification, the company stopped responding to my multiple follow-up emails and attempts to contact support. 
As of XX/XX/XXXX, more than three months have passed with no further communication, no explanation for the continued hold, no timeline for resolution, and no restoration of account access. This has left me unable to withdraw or manage my assets, exposing them to ongoing market risk.

I have attempted resolution directly through the company 's support channels multiple times without success. I am seeking the CFPB 's assistance to forward this complaint to the company for prompt investigation and resolution.",Money transfer or service,
7633,"Cardinal Finance is the worst Mortgage company and doesn't have any respect with the customer I live in Florida and I have a problem with the Roof I claimed with my insurance, and the insurance sent the check for me, to send to Cardinal Finance after I sent the check to pay the roofing company, the roofing company called me every day and asked about the check, cardinal transfer to another company and every day I have problem with cardinal Finance and the roofing company contacts me, and I don't have the check claim I sent to Cardinal. If Cardinal doesn't fix this problem I need to sue the company, also I tried to refinance my mortgage and the mortgage processor said I don't have any fees I used my social and searched many times but didn't say the true to the beginning and waste my time send documents and information, please remove my name from the credit report.",Mortgage,
7638,"I have sent certified mail about XXXX XXXX XXXX # XXXX payment is history is inaccurate, please method of verification of late payments. All the parties involved in the investigation : Full Names, Phones, Addresses, Documents, and Dates. I have to right per the Fair Credit Act to request this information.",Credit reporting,
7639,This company sold my account after stating it was a charge account. Having a third party also reporting to the credit bureau. Making my credit report have a double of the same account and with different amounts. I did not give permission to any third parties to get a copy of my credit report. This was done illegally according to the law.,Credit reporting,Account sold and double-reported; could be Debt collection.
7646,"An account that was designated for my retirement located at the company named XXXX changed addresses and I was never notified, and then on XX/XX/XXXX, XX/XX/XXXX, XX/XX/XXXX, XX/XX/XXXX JP Morgan Chase bank cashed forged checks in amount of {$5000.00}, {$5000.00}, {$10000.00} and {$10000.00} respectively. Each of these checks were never authorized by myself and were deposited to an account not opened by myself. I was never aware or designated the funds to be disbursed from this account. I was not notified of these disbursements until federal and state penalties were incurred through the IRS when my tax preparation occurred. 

My identity was stolen and these transactions were based on fraudulent terms.",Bank account or service,
7648,"I requested a refund for my federal student loans XX/XX/2021. I paid {$10000.00} to myfedloan servicing in XX/XX/2021. The balance has been reinstated on myfedloan and they say my refund request is processing, however studentaid.gov has not updated my balances and I still have no received the {$10000.00} back!!",Consumer loan,
7657,My name is XXXX XXXX and my bofa prepaid edd debit card has been locked again for bank referal for the second time in two months they want me to go into a bank and show two forms of id which the two bofa within XXXX miles of me are temporarily closed which i told them im not gon na go through this again and travel XXXX miles round trip when i verified every transaction with manager after the last time they locked my account and had to go to bank so how did it get locked again with no new transactions and i told them about temporarily closed banks and they said i have to travel the XXXX miles to have access to my benefits or i could contact XXXX update my info and have them send it to them so i did cuz i dont own a car live in country and cant drive XXXX miles but after i got email from bofa saying they recieved the update my account was still locked when i called they said i still had to go XXXX miles to show id and they have a federal injuction that prohibits them from freezing edd accounts on fraud filters and when i told them they are voilating federal injuction they did not care or try to help me one bit there is no possible reason for me to not have access to my benefits i passed all id verifications and they did this just two months ago thank god a manager understood the wrong and helped me after countless hours on phone but they are causing me so much suffering for no reason,Bank account or service,
7669,"I am submitting this complaint regarding inaccurate information being reported by Capital One Auto Finance on my credit report. I submitted a direct dispute to Capital One Auto Finance under FCRA XXXX ( a ) ( XXXX ), disputing the accuracy and validity of an auto loan account that I do not recognize and did not authorize. In my dispute, I requested that the company conduct a reasonable investigation and provide documentation demonstrating that I am responsible for this loan. Despite this request, Capital One Auto Finance has continued to report the account without providing any documentation showing that I authorized or agreed to this loan. I have not received a copy of a signed retail installment contract, loan agreement, or any documentation establishing my liability for this obligation. This matter involves identity theft. I did not apply for, authorize, or benefit from this loan. The continued reporting of this account without proper investigation raises serious concerns about the accuracy of the information being furnished. Under FCRA XXXX ( b ), Capital One Auto Finance is required to conduct a reasonable investigation and review all relevant information provided. Verifying the account through internal systems or loan records without providing documentation demonstrating that I executed the loan agreement does not meet this requirement. The continued reporting of this account without proper validation is inaccurate and is negatively impacting my credit profile.",Credit reporting,Disputed auto loan reporting; could be Consumer loan.
7673,"LOAN # XXXX OCWEN LOAN SERVICES4 Months ago we request Hamp Loan Modification : XXXX this is XXXX XXXX XXXX XXXX on XX/XX/XXXX our business suffered a financial loss therefore I had requested to Ocwen Loan Services loan modification on our Home. Bankruptcy or Fore Closure is not an option we are willing to take. We have enough equity and after XX/XX/XXXX New Job. We had contacted Ocwen for the loan modification, they had advised to us to stop paying for the loan, since they said this had to be done in order to qualify for the modification program. I ended up checking my credit report, and they had reported it and my credit score took a huge hit. This has also created more damage in our business since now I can not apply for anything. We have still yet to hear back from Ocwen in regards to my loan modification Status after 4 Months. I want to file a complaint & maybe if somehow someone from your department could look into this, I would greatly appreciate it. Also, are there any options I have available in order to avoid foreclosure of my real estate. We only need loan modification ut it seems nearly impossible, Ocwen do not assist in any way and they never respond to us with any offer after 4 months we send all documents via e mail pdf, XXXX certifided mail, etc.. 
XXXX XXXX XXXX XXXX XXXX",Mortgage,
7676,"On the XXXX of XX/XX/year> I received XXXX dollars from a class action settlement and from that point on I was unable to transfer funds from my XXXX  in any way shape or form. In the next following days I tried to contact them and I did exactly as they said and they continued to ignore my requests and act as if they could not help me. I tried over and over they froze my account 2 times I verified my identity and still they would not allow me to remove my funds. I have called, emailed, chatted and done all I can do there is no more I can do and it is heartbreaking that the money is there but I can't do anything with it.",Bank account or service,Provider not named; funds frozen in an account.
7677,"I needed to pay a vendor in XXXX and entered into a contract with Continental Exchange Solutions , Inc. dba Xe to handle the transaction witch required exchanging USD for euros to be deposited in vendors bank.

XE initially approved my account and provided my with the contract ( attached ) and details for transferring the required funds to their bank. After I wired the money XE revoked my contract bc the bank account I was wiring money from did not have my business name on it. 

I remedied the situation by having my bank update my account to include the business name. On the XXXX I provided XE with my bank statement showing my business name on the account.

XE has not acknowledged the receipt of my wire transfer to their bank. Xe also has not processed the documents I sent on the XXXX despite a message I receive when I log in to their site saying documents are usually processed in 1 to 2 days.

I have contacted XE multiple times to resolve the issue. Each time I am told the will look into it and get back to me. I have yet to hear back from XE",Money transfer or service,
7693,"Date : XX/XX/year> TransUnion XXXX XXXX XXXX XXXX XXXX XXXX Dear Transunion, I am writing to dispute inaccurate information on my credit report. My student loans are incorrectly listed as delinquent or past due, even though they are currently in deferment and no payments are required during this time. 

Details of the student loans : XXXX Name : XXXX XXXX XXXX Account XXXX : XXXX XX Deferment Start Date : XX/XX/year> Deferment End Date : XXXX I have enclosed the following documents to support my claim : XXXX letter from my student loan servicer confirming the deferment status -Other relevant documentation Under the Fair Credit Reporting Act ( FCRA ), I request that you investigate and correct the incorrect information on my credit report. Please notify me in writing once this issue has been resolved. 
Thank you for your attention to this matter. Should you require any further information, please contact me at XXXX. 

Sincerely, XXXX XXXX",Credit reporting,
7696,"To Whom It May Concern, I am writing to formally dispute information reported on my XXXXn credit file relating to an account listed by Preferred Lease FKA MP ( Account Number ending in XXXX ). This account reflects a charge-off with a reported high balance of {$1700.00}, a past due amount of {$1000.00}, and a closed date of XX/XX/XXXX, with a removal date estimated as XX/XX/XXXX. 

Under my rights granted by the Fair Credit Reporting Act ( FCRA ), 15 U.S.C. 1681i, I am requesting that you conduct a reasonable investigation into this account. If the information can not be verified as accurate, complete, and legally reportable, it must be deleted from my credit file within XXXX  days of receipt of this dispute.

Additionally, per 15 U.S.C. 1681s-2, data furnishers are required to report only accurate and verifiable information. If XXXX is unable to obtain documentation from the original furnisher proving the legitimacy and accuracy of this account, it must be removed.

This dispute is being submitted with no admission of liability or acknowledgment of the accuracy of the account as reported. I am requesting that XXXX : 1. Verify all information reported by Preferred Lease FKA MP ; 2. Delete the account entirely if it can not be verified with supporting documentation ; 3. Provide me with written confirmation of the results of your investigation",Credit reporting,
7699,"To Whom It May Concern : I am writing to file a complaint regarding a potentially misleading credit card promotion I received from Capital One.

Capital One advertised a 0 % APR on balance transfers until XX/XX/year>, which was a key factor in my decision to apply for the card. However, after being approved, I was issued a credit limit of only {$1000.00}, making it nearly impossible to take meaningful advantage of the promotion especially when considering balance transfer fees and impacts to credit score based on high percent usage. 

At no point in the promotional material was it made clear that I might receive such a low credit limit that would render the balance transfer promotion ineffective or unusable. Had I known this was a likely outcome, I would not have applied. 

While I understand that credit limits are based on individual creditworthiness, my concern is that the promotional material gave a misleading impression of the potential benefit without adequately disclosing that the promotion could be significantly limited by the credit line issued. 

I have contacted Capital One multiple times in-order to resolve this issue and applied twice for credit limit increases with no avail. After, talking with multiple representatives I have been unable to solve this issue. I was also not wanting to activate the card in-order to avoid have another potential credit score impact from deactivating it however, the automated system when attempting to verify my information activated the card without my knowledge or permission.

Thank you for your time and consideration. 

Sincerely, XXXX XXXX XXXX XXXX",Credit card,
7702,"I am filing a complaint regarding unauthorized XXXX withdrawals from my account at Wells Fargo. Beginning in XX/XX/XXXX, a series of unauthorized XXXX transactions were made from my account by unknown parties and continued into early XXXX. I did not authorize any of these debits, nor did I provide permission to any third party. This account is used only for limited, routine payments ( such as credit cards and mortgage ), and the transactions appeared consistent with normal activity. Because of this, they were not reasonably identifiable as unauthorized at the time. I discovered the issue and reported it promptly on XX/XX/XXXX. Wells Fargo reimbursed a portion of the transactions ( approximately {$6000.00} ), explaining that they were able to recover or cover those within certain timeframes. However, they denied reimbursement for the remaining transactions ( approximately {$2000.00} ), citing dispute right limitations. While I understand the banks explanation regarding timing, all of these transactions were part of the same pattern of unauthorized ACH activity, and I did not authorize any of them. I am requesting a full review of the remaining transactions and any documentation of authorization for those debits. Given the ongoing nature of the fraud and the fact that I reported the issue as soon as it was discovered, I am requesting that Wells Fargo reconsider and provide a fair resolution, including reimbursement of the remaining unauthorized transactions. I believe I acted reasonably under the circumstances and am seeking assistance in resolving the remaining losses.",Bank account or service,
7704,"Credit Report Agency has old information ( Old Addresses etc ). it is not showing a debt from XXXX as paid. 
15 USC 1692 ( A ), ( B ).

I am disputing the presentment because of violations against Federal and State Laws.

HJR 192 UCC 3-311 UCC 3-104 UCC 3-306 UCC 1-308 ( Without Recourse )",Credit reporting,
7723,"I sent my contractor a {$200.00} payment on XX/XX/year> through CashApp. He refunded the {$200.00} back to me through CashApp. However, I never received the refund back to my bank account. I called CashApp and they stated that the {$200.00} was refunded to my XXXX bank account on XX/XX/year>. However, XXXX advised that the funds were never received. CashApp informed me that I would have to dispute the charge with XXXX. However, XXXX informed me that the problem is on CashApp 's end because they did not refund the money. I called CashApp a second time and informed them that XXXX never received the refund. CashApp just kept saying that I needed to contact XXXX and telling me there was nothing CashApp could do. I looked online to see if other people experienced CashApp not sending refunds and found that CashApp has been stealing refunds from customers and CFPB had to force them to pay back refunds to some customers.",Money transfer or service,
7724,"I recently applied for a HELOC ( home equity line of credit ) with Bank of America ( "" BOFA '' ) and they quoted me a {$100000.00} HELOC at variable rate. Before asking me to run my credit, they told me their desktop appraisal provided a value for my property sufficient to cover a {$100000.00} HELOC. I agreed to have them run my credit based upon the interest rate they quoted me and based upon the property value they quoted me. Had the interest rate they promised and the property value they quoted me been less than as represented by BOFA, I wuld never have allowed them to run my credit. BOFA informed me that my application had been approved and also opened up a web portal for me to submit paystubs and w-2s. After I spent significant time and energy, they informed me that they had re-reviewed my application and that suddenly I did not qualify for the HELOC as represented and that they suddenly needed more information to review the property value on my home. After a couple of days, they contacted me and told me that I did not qualify for my HELOC suddenly and a few days later, I received a letter informing me that I had been denied credit. BOFA is engaging in a bait and switch process that has now hurt my credit because the credit inquiry remains on my credit reports. This is fraudulent conduct and I am demanding that BOFA remove the credit inquiry they conducted based upon false pretenses. Had they not told me that my property qualified for a HELOC ( based upon value ), I would never have allowed BOFA to run my credit. BOFA 's credit inquiry should be removed from my credit report.",Mortgage,
7739,"Approximately in XX/XX/XXXX, I knew that my student loan repayments were going to begin in XX/XX/XXXX. I decided to make an early payment and set up auto-payment through NelNet. I visited the website and attempted to make my first payment in XX/XX/XXXX and set up my auto-debit payment account. In XX/XX/XXXX, I received an email from NelNet stating that a certain amount was going to be taken from my bank account. After they took a certain amount from my bank, I received another email stating that they were going to remove another amount from my bank account. I was confused on why they were going to be taking from my bank account twice. They said that their system default does not necessarily make all payments deductions on one day. I was confused on what my monthly minimum payments was. Even though I was speaking to the representative, she could not give me a straight answer. I asked her to please make all my monthly payments due on one day and she confirmed that she would. On XX/XX/XXXX, I contacted NelNet requesting that my payments be due on the XXXX of every month. The representative stated that the amount due on XX/XX/XXXX was already processed and that could not be changed. I said that was okay, but please starting in XX/XX/XXXX, to please change the due date to the XX/XX/XXXX. I was told that the next auto-payment would be processed on XX/XX/XXXX. So a total amount of $ XXXX was taken from my bank on XX/XX/XXXX. But then I received another email on XX/XX/XXXX stating that the same amount of $ XXXX was going to be processed on XX/XX/XXXX. I immediately called NetNet informing them that this was a mistake. The representative confirmed that the system noted the next payment was supposed to take place on XX/XX/XXXX, but for some reason they could not do anything about the amount being processed on XX/XX/XXXX. They said they could not do anything about it.",Consumer loan,
7744,"I had financial issues and had to stop paying on bills other than necessary bills. I made a few payments toward the loan but seems the principal only decreased by less than XXXX or so. My loan amount was XXXX and now i receive a collection notice for almost XXXX. I made a XXXX payment on XXXX only XXXX went toward the principal leaving my balance XXXX, on XX/XX/XXXX XXXX payment only XXXX went toward the principal balance XXXX and on XX/XX/XXXX made a XXXX payment XXXX toward my principal and balance was XXXX. How is this possible if i have made payments toward my loan? They call both my and my XXXX year old cell phones all during the day. And i have not given them permission to call any cell numbers. I want them to stop calling me and my daughter cell or any other number they have on me.",Consumer loan,Collection notice and calls; could be Debt collection.
7747,Comeric bank gave my father XXXX a hom equity loan against my house that i own with my husband. they admitted in court tht they did not look into the title which has been in our names since XX/XX/XXXX and in XX/XX/XXXX they gave my father a loan and since he has passed away they have this lein on my hoouse and have been threating my family to foreclose i do not find this fair i need help please they already tols my then XXXX year old daughter we are going to be on the streets because he low life parents dont pay the bills. this is wrong to make her worry. it is not her bussiness .please help me,Mortgage,
7758,"I just refinanced my mortgage with Everbank. My loan went through and the old mortgage was paid off. But in the time between the payoff and the automatic payment of my XX/XX/XXXX mortgage ( which was not supposed to be paid ), the bank took out the monthly payment, a mistake on their end, and instead of refunding that payment to me, they applied it to the new mortgage. I told them that I wanted the entire amount that they owed to me to be refunded. I am still waiting. They are telling me that they can only refund a partial amount. It was their mistake, and I want all of the money owed to me.",Mortgage,
7765,"I am submitting this complaint because I am being extremely affected by Credit Managements actions. They are being completely unfair and I dont know how to get ahold on them but through this portal.

I want to express that I have suffered a big impact in my credit score and I have lived one of the worst periods of my life with all this situation.

This company has been reporting wrong information, re-aging the account, they have failed to mark account as disputed, they have also reported multiple billing errors by charter Internet ( original creditor ) and unfair business practices. 

The account information is the following : Account Name : CREDIT MANAGEMENT, INC Account Number : XXXX Original Creditor : XXXX XXXX. 
Opened Date : XX/XX/2019. 
High Balance : {$72.00} My demand is based on many damages and all the violations that they have committed : I WANT THIS ITEM REMOVED FROM MY CREDIT REPORT ASAP. 

Please sed the attached documentation to this company. 

Thank you.",Debt collection,Re-aging/reporting; could be Credit reporting.
7776,"THE BUREAUS XXXX XXXX XXXX XXXX XXXX XXXX, IL XXXX {$4400.00} Open balance I have never had an account with this company. 

I called them and they said I owed half of that for a store credit card, but refused to delete from my report.",Credit reporting,Disputes with bureaus; collector involved.
7780,"In XXXX XXXX, I was checking my credit through XXXX XXXX and saw the derogatory from XXXX XXXX now MIDWEST RECOVERY, This is for {$1100.00}. This is in the : XXXX XXXX XXXX XXXX XXXX XXXX XXXX XXXX, XXXX, WV XXXX ( XXXX ) XXXX I called them in XX/XX/XXXX and again last week. They said they sent something to correct this back in XX/XX/XXXX but the derog is still there. From called them again last week they said they would send me a letter ( which has n't arrived yet ). 

On XX/XX/XXXX, I sent a a complaint to XXXX ( confirmation # XXXX ) and they responded back saying it was mine because of the social security number. The social security number is mine but its not me. Someone else is using my social security number.",Debt collection,Collector derogatory item; could be Credit reporting.
7786,"My credit issue is with the World Finance. Contact information is as follows : Local office : XXXX XXXX XXXX XXXX XXXX XXXX XXXX XXXX XXXX LA XXXX XXXX : XXXX XXXX XXXX  The creditor is engaging in intrusive harassment tactics. 
My bill is 7 days overdue. I have no history of missing payments. They never made an attempt to reach out to me directly ( supported by my phone and email records ). On this day, XX/XX/2023, they contacted a relative and my employer about my bill being 7 days overdue. 
I called the branch immediately and the manager of the branch confirmed that she contacted my employer and another third person to discuss this matter in violation of federal laws. 

Under the Fair Debt Collection Practices Act ( FDCPA ), debt collectors are generally prohibited from communicating with third parties, including your employer, about your debt. 

Upon request, my unedited phone logs can be provided.",Debt collection,Lender contacting employer; could be Consumer loan.
7792,I have XXXX accounts on my report by XXXX XXXX  showing closed XXXX since XXXX an the other XXXX however the Bureaus are still reporting them as delinquent and past due. Please have these accounts deleted and updated asap.,Credit reporting,
7801,"I made an account with Chase Bank, and Have an agreement with chase that there would be a XXXX bonus credit put into the account upon a direct deposit being entered In to the account! On XXXX XXXX my check which qualified and triggered the XXXX bonus offer was added to the account via direct deposit totaling XXXX direct deposit, flaked to personal bank XXXX, and manager as well as the marketing team which was unable to add the bonus in the account within a XXXX day time frame as the app discussed XXXX manager and marketing team admitted via live recorded phone call that I qualify for the credit and that it will be there on Tuesday instead of today or tomorrow? Phone call was on Friday XXXX XXXX at XXXX with manager!",Bank account or service,
7812,"Select Portfolio Services is charging excessive fees for a foreclosure that was dismissed XXXX year prior to my lloan being transfered from XXXX XXXX XXXX, who was sued by CFPB. My loan was transfered to SPS instead of being properly serviced. Select Portfolio Services has also misapplied payments made to my loan and has taken over {$150.00} interest monthly from the mortgage payment as attorney fees instead of servicing the loan with the payment. 

Select Portfolio has co-mingled my mortgage loan payment with these bogus fees... According to XXXX XXXX the fees only totaled {$470.00}. Why is my mortgage payment being used to pay off fees that acure {$150.00} interest monthly. This means that neither the mortgage nor the "" attorney fees '' will ever be paid off. These fees should not be comingled with my mortgage and should be billed and collectedseparately. 

When I asked to pay off the fees they took the payment and instead reapplied it to montlhly payments and took feee from the payment instead of applying to these bogus fees. SPS obviously is unfair in its practicies and i HOPE AND PRAY that government will intervene in ensuring that SPS is fair in its trade practices.",Mortgage,
7817,I had 11 months left to pay off on a 5 year loan with Wells Fargo for my XXXX XXXX. I spoke with a representative about a late payment which we came to an agreement for me to pay {$800.00} out of the {$1600.00} that was owed which I did. I was contacted my Wells Fargo at my job several times about my vehicle was scheduled for repossession. Even after I told them about the payment arrangement. One day they called my cellphone and stated that I lied about my place of employment because they went to repo the vehicle and couldnt locate it. I explained to the person on the phone that there are several courts in the county that I worked in but still didnt understand why my vehicle was being repossessed after paying what was agreed upon. The person continued to explain that they didnt want the money any longer and wanted the vehicle. They explained that they have refunded the {$800.00} I paid via a check in the mail and the vehicle WILL be repossessed and legal actions will be taken if I dont comply and return the vehicle. I was so confused and scared that I left the vehicle outside of the garage one night and sure enough the next morning it was gone and a week later a received a check for {$800.00}. Later they told me they sold the vehicle for {$9000.00} and that I need to pay for the difference. I didnt do it. Needless to say is I had less then a year to pay off the vehicle after paying for it for 4 years. This really devastated me. It was placed on my credit report as a repossession. It made it difficult for me to purchase another vehicle. Once I was able to obtain another vehicle I had to start all over again with a 5 year loan. I received an email some time ago about the lawsuit but never heard anything from anyone about the outcome. Please contact me either way.,Consumer loan,
7822,"CFPB THANK YOU FOR ALL THE HELP, TD bank i have account for over year open with them the only allowed me to do wire, i can not pay my employees with ACH, i can not used my debit card, i can not withdraw money from the account end the charge me {$1500.00} for every wire i receive because im not allowed to receive ACH is well, so the charge me for every wire i do its {$3000.00} its my business account, so all this month bank been charge me more then {$10000.00} in fees end i still can not used the account can not complain i went to the bank so many time, i can not remember how many times i complain about this situation with then so please help me out again",Bank account or service,
7825,I disputed a transaction with my bank for which I didn't receive goods or services for and my bank denied my dispute without investigating. They didn't ask me for supporting documents and there wasn't even an option for me to describe what happened. I was just able to tap a couple buttons to file the dispute and within a couple days was notified that my dispute was denied. I even tried to appeal the dispute but to no avail. No one from Truist reached out to me to ask me for me details or any type of evidence to support my claim. No type of communication from Truist whatsoever.,Bank account or service,
7829,"In accordance with the Fair Credit Reporting Act, XXXX XXXX XXXX XXXX XXXX XXXX XXXX XXXX XXXX has violated my rights. 

15 U.S.C 1681 section 602 A. States I have the right to privacy. 

15 U.S.C 1681 Section 604 A Section 2 : It also states that a consumer reporting agency can not furnish an account without my written instructions.",Credit reporting,
7830,"Hey, I was traveling overseas last year, and wanted to rent a car, so I decided to use one of the benefits that my XXXX Credit card offer, which is insurance coverage, and this is the reason I applied for this card. 
The way they advertise it is "" Decline the rental company 's collission isurance and charge the entire rental cost to your card ''. 

So I rented a car on XXXX XXXX 2017 for {$150.00}, and when I went to pick up the rental car from the airport, the rental car company refused to accept the XXXX Credit card and wanted to charge me {$400.00} more on the top of the amount I paid, so I canceled the rent, and now the rental car refusing to take responsibility of misleading info on their advertising, and wo n't refund the money back to me. 
I talked to the benifit office of the XXXX Credit Card offered by Chase, and thei answer was that they ca n't help, they follow the policy of Chase, and when I called Chase, their supervisor said they ca n't refund the miney. 
What I 'm asking for is the redund of {$150.00} since I did n't lease the car, because their card is not acceptable like they advertise. 

Regards",Credit card,
7835,"On XX/XX/XXXX I logged onto online banking, and it was then that I found out that all my credit cards were closed. I called the bank the same day, and their representatives told me the bank would only communicate with me only if I were to send a letter to a XXXX XXXX in XXXX XXXX South Dakota. Other than that, no representatives nor supervisors would speak with me regarding my now closed accounts over the phone. This is quite unacceptable as I was current in all my accounts and had no issues prior to this, nor was I told in any way that my accounts would be closed. Citigroup has infringed upon my rights under Truth in Lending Act ( TILA ), the Fair Credit Reporting Act ( FCRA ), the Credit CARD Act of 2009, and state laws. The behavior XXXX has exhibited here represents the most unprofessional and ethically questionable conduct one could demonstrate. It undermines trust, and reflects a complete disregard for the standards of integrity and respect that are fundamental to the banking system.",Credit card,
7840,"I am submitting this complaint against XXXX XXXX XXXX regarding unfair and deceptive billing practices and the denial of hardship assistance. I opened a credit card account with XXXX in 2017 with a credit limit of {$1400.00}. Since opening the account, I have consistently made monthly payments of approximately {$64.00}. Despite years of on-time payments, I have only reduced the principal balance by {$130.00}. The majority of my payments have been applied to fees and other charges rather than the principal balance. This has created a situation where I am effectively trapped in a cycle of debt with no meaningful progress toward paying off the account. I believe this is an unfair and predatory practice. I have contacted XXXX XXXX XXXX to request assistance through a hardship program or to negotiate a reasonable payoff amount. I was informed that I do not qualify for any hardship or settlement options. Given the length of time I have been paying and the minimal reduction in principal, I find this response unacceptable. I am currently experiencing financial hardship and can not continue making payments under these terms. I am seeking relief and a fair resolution. I am requesting the following : A reasonable settlement or reduced payoff amount, they said I didn't qualify. A review and possible refund or adjustment of excessive fees charged over the life of the account. Access to a hardship program with fair terms that allow me to resolve this debt. I believe this account has been structured in a way that prevents consumers from successfully paying down their balance, and I am asking for assistance in reaching a fair and just resolution. Thank you for your attention to this matter.",Credit card,
7841,"I have reviewed my credit report, I've noticed Discover bank submitted a charge off on my credit report. It has decrease my credit rating. I have called the customer service to dispute such issue. The customer service informed me they no longer have access to my file, they have sold it to another agency.",Credit reporting,Charge-off reporting; could be Credit card.
7845,"I have the HSBC Premier World MasterCard that has the HSBC Premier Rewards Program that states that I am supposed to receive XXXX point for every net dollar that I purchase with the credit card. However, the program is not correctly counting the points on my account and this is not the first time that I have noticed and complained about this problem. 2 years ago I had the same problem, I contacted the HSBC Premier Customer Service and they were able to fix the problem and correct my points balance, however, this time, I have contacted the same Customer Service and they keep saying that the balance is updated but it is impossible that this information is true and this is why : - My points balance on XX/XX/XXXX was XXXX points. 
- In the period of XX/XX/XXXX-XX/XX/XXXX I had a total of USDXXXX in new purchases which means that I should receive XXXX new points. 
- However, as of XX/XX/XXXX my points balance is XXXX points and I have n't used any points since XX/XX/XXXX, which means that in the period of XX/XX/XXXX I have only accrued XXXX new points. 
- If I was supposed to receive XXXX point for every net dollar in new purchases and in the period of XX/XX/XXXX-XX/XX/XXXX I should have received XXXX new points based on my new purchases for the same period and I have only received XXXX points, this means that I am MISSING A TOTAL OF XXXX POINTS ON MY BALANCE POINTS. 

I have contacted the HSBC Premier Customer Service by email, which they never responded and I have contacted them by phone, and after 1 hour long of waiting, they still have n't acknowledge the problem or even given me an explanation for why I am missing XXXX points. 

This is not my first problem with HSBC Premier and it seems like that every time that there is something wrong with my account or any product that I have with this bank, I have to always find an outside source to be able to help me resolve any issue with this bank.",Credit card,
7850,"On XX/XX/2018 I performed a wire transfer with Moneygram. Within seconds the funds were removed from my account as the transaction was completed. Moneygram withdrew {$540.00} from my account. Literally, 10 minutes after the initial transaction, the recipient was not allowed to retrieve the funds. I contacted Moneygram to inquire why the transaction was canceled, and I was informed that the system canceled it and no further information was available. At that time I requested a full refund. I was told that it will take 10 business days for me to retrieve my funds back. I feel as though I have been scammed. How is it possible for them to deduct my funds only to cancel the transaction in a matter of minutes. Why wasn't the transaction disallowed before the removal of my funds. I feel that Moneygram is capitalizing on the interest of my funds. My bank will not acknowledge my dispute because Moneygram representatives are informing me that they can't provide any form of documentation to show that my transaction was canceled. The 5th representative basically told me to "" take his word, I will get a refund ''. This is beyond frustrating that no one at this company can explain wy the transaction was canceled, nor can they explain why I have to wait 10 days due to their error. I am now forced to deal with numerous adverse charges into my account. This is a horrible business.",Money transfer or service,
7854,"Around XXXX, I received XXXX credit card offers under my company name XXXX XXXX XXXX from Chase Financial Services. As I was president of the corporation, the cards was in my name as well as the corporations name. All purchases on the cards were company related purchases. No purchases were ever made by me for anything personal. As a result of the financial crises beginning in XXXX, my company, which had been in business for XXXX years ( XXXX ) went bankrupt. Chapter XXXX was granted in XXXX and company was taken over by the trustee. All creditors were notified and released me of debts except for Chase. Chase claims I am personally responsible for the corporate debt even though I never signed any personal guarantees. I have requested over the past several years for them to provide me something, anything, indicating that I have agreed to personal liability. They have refused. What they have done is ruin my credit, increased my borrowing costs and limited my financing options. Please help",Credit card,
7855,"My mortgage was transferred to "" Nationstar Mortgage LLC d/b/a Mr. Cooper '' for loan servicing on XX/XX/XXXX from XXXX XXXX ( though i was notified in XXXX and the due date on the mortgage remained XX/XX/XXXX ). 

When paying the mortgage the first time on line with "" Mr Cooper, '' two mortgage payments were applied rather than one. There is not an explanation about why two payments were made, only that it was a glitch. I am able to cover the additional payment, but have a concern with a loan servicer whose system, so far, has deducted double payments 100 % of the time.",Mortgage,
7857,"Subject : Formal Dispute of Inaccurate and Unverified Information on Credit Report I am writing to formally dispute inaccurate and unverified information currently appearing on my credit report with your agency. Under the Fair Credit Reporting Act ( FCRA ), you are required to ensure the accuracy and integrity of the information you report. However, the following item ( s ) appear to be inaccurate and have not been properly verified despite previous disputes : Accounts : XXXXXXXX XXXX XXXX XXXX XXXX, XXXX, XXXX, XXXX XXXX, XXXX XXXX XXXX, XXXX XXXXXXXX XXXX  XXXX I request that you immediately investigate this matter and provide a detailed report of how this information was verified. If the account ( s ) can not be verified, I demand that you remove them from my credit file promptly, as required by law. 

Please be aware that credit reporting agencies are currently facing legal scrutiny for failing to thoroughly verify disputed items. This serves as notice that I am prepared to take further action if necessary, including filing a complaint with the Consumer Financial Protection Bureau ( CFPB ), my state attorney general, and pursuing legal remedies if this issue is not corrected within the timeframe provided by law.",Credit reporting,
7858,"I represent a homeowner who has a loan with Carrington Mortgage.  We have had a buyer in contract for over a year now.  Carrington has been reviewing our short sale for that much time as well.  Finally when I thought we would be getting the approval, Carrington closed our file out stating that we did not provide the correct documents that they required for the short sale to be reviewed.  This is absolutely not true.  I did provide them with the Deed of Reconveyance from XXXX for a XXXX lien that was satisfied over 10 years ago.  Carrington wanted a ""Release Of Lien"" recorded document and not the Deed of Reconveyance document that we provided them from our County Court House.  I spoke to title about this document that Carrington wanted and they told me in the Sate of Washington, we do not provide or do ""Release of Lien"" recorded documents for that type of lien.  ONLY a Deed of Reconveyance is given to the bank and seller for this satisfaction of lien.  Title even spoke to the supervisor at Carrington about this and told them that there is NO SUCH document when we have the Deed of Reconveyance.  Carrington did not care that even a Title officer telling them that what they already have what is legally needed to satisfy that lien.  They sill refused to work with me or the seller in getting this short sale back active in review and allow this document to satisfy this requirement.  This is absolutely not legal to hold a sellers home hostage and not allow them to exercise their rights to do a short sale when all of the required documentation was provided.",Mortgage,
7859,I received a phone call telling me my grand daughter was in an accident and needed to get home. They even put a girl online that sounded just like her. She needed to pay the rental car {$650.00} so that she could get home. They kept calling to get more money. This is when I realized something was not right.,Money transfer or service,
7866,"Wells Fargo allowed a fraudulent checking account to be opened in my name. I have never banked with Wells Fargo before receiving multiple emails regarding a new checking account in my name. 

Wells Fargo, despite allowing a complete imposter to open this account, refused to allow me, the person whos name and information is on the account, to close or freeze the account. Because the fraud occurred on a XXXX  before a holiday, Wells Fargo stated they could not help me with anything until XXXX, allowing fraudulent activity to occur for at least XXXX days without any problems whatsoever.",Bank account or service,
7872,"Hi, Couple of Months ago I subscribed to an offer I received from Citibank XXXX XXXX ) : If I opened a CitiGold account and met all requirements, I would receive XXXX XXXX XXXX Bonus points. 
I called Citi and they confirmed I was eligible to this offer as I had a Citi XXXX Platinum Credit card ; this was also confirmed by XXXX of their Agent during an Online chat. 
Requirements were : Open a new Regular Checking account in the Citigold Account Package by XXXX/XXXX/15. 
Within 60 days after account opening : complete Qualifying Debit Card Purchases of {$1000.00} using the Citibank Debit Card which must be posted to the new checking account. 
And XXXX qualifying bill payment must be posted to the new checking account each month for two consecutive calendar. 
When I met all criteria, I contacted Citi via Online Chat, and was told that all conditions were met on my side, and points would be posted in couple of weeks. 
As I did not see any evolution after two months, I contacted them once again last Month, and they told me that finally I was not eligible. 
I am a bit suprised since I had several acknowledgment from Citi that I was eligilble for the offer and I would not have opened this account otherwise.",Bank account or service,
7873,"As per the guidance from the Consumer Financial Protection Bureau ( CFPB ) the document needed and a letter from an advocacy group helping me due to XXXX XXXX debt bondage, which falls under trafficking according to Trafficking-Debt Final Rule 1002.142 ( b ) ( 4 ) -51002.142 ( b ) ( 7 ). I kindly request that you delete and block this information from my credit report within four business days pursuant to section 605c of the Fair Credit Reporting Act. I am a victim of human trafficking of debt bondage and would like for all listed accounts to be blocked and deleted company information Transunion. 


INQUIRIES : XXXX XXXX XXXX XXXX XXXX XXXX XXXX XXXX XXXX XXXX XXXX XXXX XXXX XXXX XXXX XXXX XXXX XXXX XXXX XXXX XXXX XXXX XXXXXX/XX/XXXX",Credit reporting,
7876,"I applied for a personal loan online on XX/XX/2024 on the Penfed Credit Union website for the loan amount of {$13000.00}. I applied as a single applicant and was denied. After being denied my spouse agreed to be added as a joint applicant. We were denied on the joint application as well. I spoke to Penfed on the same date to understand the reason for denial as I have an outstanding credit score/history. Penfed indicated that they would be mailing a letter of denial with the denial reason. We both received the letter of denial with the same reasons of denial as follows : utilization of accounts, number of accounts, and/or occurrence of a derogatory event. 

The reasons provided by Penfed for denial are ambiguous due to the fact that : - On the same date, XX/XX/2024 after the denial from PenFed I applied as a single applicant for the same amount and loan type with another lender online and was approved in minutes. 

In addition my credit details are as follows : - XXXX XXXX of XXXX ( per Penfed ), and XXXX by XXXX - A credit usage percentage of XXXX XXXX ( less than XXXX XXXX  is considered good ) - Total outstanding balances {$6300.00} - XXXX credit card accounts open ( XXXX accounts with a XXXX balance owed and XXXX with a balance of {$6000.00} owed ) - No history of late payments - No negative or derogatory history Due to the reasons for denial being untrue and my strong and solid credit history. I have no other reason to believe that disparity is confirmed and that I was denied due to the fact of having an XXXX American, XXXX name, and being XXXX years of age. This leads me to believe that PenFed is engaged in unfair credit lending practices.",Consumer loan,
7877,"I was a victim of identity theft, and this is another request to remove the information from my credit file resulting from alleged identity theft. Per FCRA 605B ( 15 U.S.C. 1681c-2 ) CREDIT BUREAUS are required to remove any items not later than 4 business days after receipt. Also, the information provided on some items is UNKNOWN to me and REMOVED from other bureaus, and I have doubts about their accuracy. 
XXXX XXXX ( Original Creditor : XXXX XXXX XXXX XXXX XXXX XXXX XXXX XXXX XXXX  Balance : {$1200.00} XXXX XXXX XXXXXXXX ( Original Creditor : XXXX XXXX XXXX XXXX XXXX XXXX XXXX Balance : {$350.00}",Credit reporting,
7882,"Received card as a XXXX present, it was loaded with {$500.00} XXXX, and given to us on XXXX. When trying to activate the card the site, XXXX, said there was an issue with the card and to call customer service, XXXX after several attempt and hold time of 30 minutes plus we got to talk to an agent each time only to put us on hold to "" investigate '' and then would drop the call shortly after. Attempted to escalate to supervisor and was disconnected after the agent stated they did "" do that ''. 
The agent confirmed that the funds were loaded, there was no transactions, and the balance was XXXX. No help to resolve this issue from the company and horrid customer service.",Credit card,Prepaid gift card; closest is Credit card (prepaid).
7883,"I asked for a deferral and time to apply for the California Relief Program. It is so disappointing that SPS is not participating in this program. After waiting for months for this program to open it was disheartening to receive this email : Dear XXXX XXXX Thank you for your application to the California Mortgage Relief Program. We will save all of your information that you have submitted and begin reviewing your case when your mortgage servicer elects to join the program. 

Unfortunately, your mortgage servicer is not currently participating in this program. Because program guidelines dictate that funding for approved applications goes directly to the mortgage servicer, we can not process the application if the servicer is not participating. 

Although we have explored a variety of avenues to encourage all mortgage servicers to engage in the California Mortgage Relief Program, some have not yet taken action to join the program.

It might be helpful if homeowners also send a request to their mortgage servicer to participate.

Below is a sample email you can send to your mortgage servicer asking them to participate in the California Mortgage Relief Program.",Mortgage,
7892,i was scammed through a company that was suppose to help us pay off debt it was a trading group and the classes were held through video they scammed me the card showed paid and full well they said it was fraud and i told them it was not fraud. i ask to speak with some one and they just totally blew me off. its like they doubled the interest and closed the card. Capitol One is the credit card company and i need this resolved because its unfair.,Credit card,
7896,"The company is charging me 100 percent interest on a loan I had no other option to take to get my vehicle out of the repair shop. I contacted them and they insisted that this was their policy, to charge 100 % interest on an original loan of {$740.00}. They want upwards of {$1600.00} in total. I am unable to pay such an amount and they are badly damaging my credit in the process.",Consumer loan,
7900,"I am a victim of identity theft. I am writing to request that you block the following fraudulent information from my credit report. I have no idea how the theft took place. I also have no knowledge of any suspects. I did not receive any money, goods, or services as a result of identity theft. Please let me know if you need any other information from me to block this information from my credit report. Thank you. XXXX XXXX XXXX",Credit reporting,
7913,"reported to Chase about payment taking out my account from vendor. Contacted vendor as well to stop payment. Chase charged me XXXX o stop payment with vendor not amount. following week another XXXX taking out account from this same vendor. Chase stated that for 18 mons this vendor or I couldn't pay anything from this account, neither could they touch the account. Called Chase got the run arounds, everyone said the agent lied who stopped payment, I am so frustrated with this process.",Bank account or service,
7919,"Currently I am in the process of rebuilding my credit with some new credit entries on my credit reports that show being paid on time and yes some usage a little high, but I am making higher monthly payments to bring the balance down. 
I applied for a XXXX card that is issued by XXXX in XXXX XXXX SD. 
I received a response that I was denied for having old credit entries that are XXXX XXXX XXXX.",Credit card,
7928,"My mortgage originated XX/XX/XXXXXXXX  with XXXX XXXX which was included in a XXXX  XXXX Bankruptcy and the debt was discharged XX/XX/XXXX. I am still residing in my home as I chose to "" pay and retain '', however DID NOT reaffirm the debt nor did the creditor obtain a relief from the automatic stay. 

On XX/XX/XXXXXXXX  my mortgage with XXXX XXXX was transferred to PHH for servicing. Although XXXX XXXX discontinued credit reporting as required under the bankruptcy laws, PHH unfortunately resumed reporting my mortgage balance, payment history, etc. to all XXXX major credit bureaus. 

After consulting with an attorney about this, I have been advised that the credit reporting of the account by PHH is a direct violation of Bankruptcy Code. See 11 U.S.C. 362 ( k ) and willfully violates the automatic stay as this violation injures an individual. The law also requires the creditor to pay the individual actual damages, including costs and attorney fees, and may be required to pay punitive damages to punish this violation.

Before I pursue legal action, I am requesting that PHH provide me with supporting documentation verifying how they are able to report my mortgage to the credit bureaus when the debt was successfully Discharged in a XXXXXXXX XXXX  Bankruptcy, not reaffirmed and Relief from the Automatic Stay was NEVER obtained by the original creditor? 

Prompt and immediate attention is greatly appreciated. 

Thanks!",Mortgage,
7937,"I opened up my account with Wells Fargo online, and I had an offer of getting a {$300.00} bonus with qualifying activities which were Receive a total of {$1000.00} or more in qualifying electronic deposits to your new checking account within 90 calendar days of account opening ( the qualification period ).

Once the 90-day qualification period has elapsed, we will determine if you have met the offer requirements and will deposit any earned bonus into your new checking account within 30 days. I have qualifying activities yet the bank assumes I did not do it the correct way when opening online. I opened my account online and had to go into the branch and verify my identity, Im not sure if thats potentially where the disconnect is. However, I have tried endlessly to advise Wells Fargo it must be a system error in their part. REF # of phone call via Wells Fargo Customer Service is XXXX.",Bank account or service,
7941,"Late XX/XX/, I disputed the transaction with the company in regards to XXXX XXXX XXXX XXXX XXXX billed on XX/XX/2023 for {$350.00}. The company provided a temporary credit. On XX/XX/XXXX, the company provided a letter stating they reversed the transaction because of lack of "" proof of cancellation ''. I submitted a response on XX/XX/XXXX stating the merchant "" terminated '' the service with bogus reason hence no cancellation from my side was needed. On XX/XX/XXXX, I submitted the response again stating 1 ), the merchant breached the contract first thus no cancellation obligation is needed from me 2 ), the specific details why the merchant breached the contract. Capital One denied my claim immediately on the ground of "" lack of requested documents ''. I called in to confirm the requested documents again, after 4 representatives, they confirmed with me 1 ), purchase agreement or invoice ; 2 ), proof of cancellation ; 3 ), terms and conditions ; 4 ), refund voucher or not ; 5 ), description on what happened. I explained to the rep that 1 ), I was never provided a purchase agreement or sales receipt, that's the fact from the initial filling ; 2 ), the merchant refused to provide service and breached the contract hence no cancellation needed from me ; 3 ), I have already provided a copy of the terms and conditions ; 4 ), I have already provided a description on what happened and details. 5 ), the merchant refused to provide a refund. 

Capital one refused to dispute this transaction on the ground of lack of sales invoice or purchase agreement. The reason is that because the merchant refused to provide me with those documents upon three attempts.",Credit card,
7942,"As a consumer, I actually have protection under the law that is delivered to me to secure me from misinformation simply being noted on my credit report. At this time I would like to prepare another appeal for investigation before I confer with my own counsel to obtain advice on how to handle fraudulent, incorrect and unverifiable accounts that are keeping to be established as correct. Be sure to generate me with a duplicate of the agreement signed or voice interaction where I permitted charging me regarding these accounts. 

XXXX XXXX XXXX XXXX XXXX XXXX XXXX XXXX",Credit reporting,
7945,"Regarding : Citibank card : Cardmember since XXXX Account ending in XXXX I had a fraudulent charge on my card in California. I live in GA. I called them. They said they would remove it, cancel the card and send me a new one. They did send me a new card ending in XXXX. I have not even activated it yet! And there are ALREADY NINE fraudulent charges with XXXX and XXXX XXXX in California. I have called them and used their website. It will not let me dispute the charges online, so I used the chat function last night and again today. They keep giving me the runaround and are allowing these charges to continue",Credit card,
7951,"Re : Complaint U S BANK - Case # XXXX I received the response of the US BANK thru mail. 
It is worth noting about the CHANGES made in my MOBILE BANKING Statement of XX/XX/2017 after I called US bank Customer Service that I reported the Case / issue above to the Media. 
Before calling US BANK Customer Service I communicated to the US Bank Manager XXXX XXXX XXXX of XXXX XXXX XXXX XXXX XXXX,  CA and CONFIRMED that the MONEY in Dispute was NOT Yet credited to my account. 
Both of us went to the XX/XX/2017 Bank statements and had the same Verdict NOT YET CREDITED ... 
I was told by the US BANK Customer Service to speak again with the Manager because he will talk to him ... 
So I did and after XXXX XXXX had LUNCH on the same day ( above ) I spoke with US BANK Manager and Customer Service and got all my 2017 bank statements printed out. 
The demeanor, facial expression and tone of voice of the US Bank XXXX XXXX XXXX had changed .... mad and somewhat under pressure. 
Then he ( manager ) gave me the CHANGED VERSION of the XX/XX/2017 Bank Statements and said, ACCORDING TO THEM THEY ALREADY GAVE BACK THE MONEY.,,, I Stated, BUT YOU AND ME KNEW PRETTY WELL THEY DI D NOT. 
The people in this mentioned above location were friendly, goes to extra mile to help and honest ... the dilemma in this predicament started at their own FRAUDELIENT TEAM and Customer Service. 
Before the issue reached the US bank President, the problem had has already been GREATLY MODIFED to Cover the Tracts.",Bank account or service,
7953,"There is way too many inconsistencies and misleading information with Bank of America. 
XXXX XXXX a merchant charged me {$360.00} to my account after I canceled within the trial date timeframe. ( I have proof of conversations to cancel within the same day ) I called Bank of America and filed a claim in which they said it will be 45 days. After 45 days, I called back and was then told it will be 90 days. 
90 days later and still no credit back to my account or even a temporary credit. However when I called today, I was told that the merchant has 2 opportunities to respond. 

.",Bank account or service,
7956,"Unfortunately, Ive experienced repeated servicing disruptions including autopay errors, inconsistent account access, and delayed postings. These have resulted in XXXX late payments being reported to my credit profile. These were not due to financial hardship or intentional delinquency, but rather technical and administrative complications outside of my control. 
Specifically, the following months are being reported as late : - XXXX XXXX XXXX XXXX XXXX XXXX XXXX XXXX XX/XX/year> My loan agreement requires Earnest to provide clear and reliable access to payment services. The documented issues suggest a lapse in that responsibility. Ive made every effort to resolve this and resume on-time payments. 
I understand that the Fair Credit Reporting Act ( FCRA ) does not require reporting of every late payment and permits data furnishers to make discretionary updates. The Consumer Financial Protection Bureau ( CFPB ) has also previously reviewed similar issues with Earnest, compelling tradeline corrections where system errors caused misreporting.",Consumer loan,Earnest loan servicing errors causing late reports; could be Credit reporting.
7963,"XXXX XXXX, ( XXXX ), ( XX/XX/year> ) This CFPB complaint has been filed to request pursuant to FCRA XXXX ( 15 U.S.C. XXXX ) that you, the Equifax credit reporting agency , block information appearing on my consumer credit report that is the result of identity theft and fraud within XXXX business days of you receiving this complaint. This fraudulent, inaccurate, and false information consists of XXXX - XXXX These accounts have resulted in several fraudulent hard inquiries and fraudulent collections appearing on my consumer FICO credit report. All of the aforementioned accounts, collections, and hard inquiries are the result of identity theft and fraud. I have attached a copy of FTC Identity Theft Criminal Complaint ( XXXX ) as proof from the XXXX Federal Trade Commission that all of the aforementioned consumer credit accounts, collections, and hard inquiries are the result of identity theft and fraud.",Credit reporting,
7966,"On XX/XX/year> I noticed a transaction ( s ) on my Wells Fargo Bank Account totaling XXXX that I did not authorize. The transaction was still pending when I called Wells Fargo on XX/XX/year>. A Wells Fargo representative informed me that transaction was completed using Bill Pay. I have never enrolled in Bill Pay and have never used Bill Pay. Subsequently, I received a letter from Wells Fargo dated XX/XX/year> stating my "" claim has been denied, '' and to consider my claim closed. The letter went on to state that I could request copies of the documents they used to make this decision Monday through Friday XXXX to XXXX Eastern Time. 
On Monday XX/XX/year> I called Wells Fargo to request documents of the investigation that resulted in my claim being denied. This was the first Monday after I received the letter of denial. The Wells Fargo representative said it could take a month to get these documents to me. 
On XX/XX/year> the same day that I filed the complaint Wells Fargo closed the original account and opened a new account to prevent further fraud. XX/XX/year> I filed a police report regarding the matter.",Bank account or service,
7977,"I have a loan through DiTech, who is servicing my current mortgage. I am in the process of refinancing to another lender. That lender requested a payoff from DiTech 9 business days ago. I called DiTech and they acknowledged they received the request 9 days ago, but appear to not have an answer why they wont provide either the lender or myself a payoff amount. I have submitted a request online and via phone with DiTech as well. I can not access that information on their website ; the message on the payoff tab says "" unable to process ''.
The co-lender on the loan, my ex-wife, filed bankruptcy years ago which affected the estate. That bankruptcy has since been discharged in the courts by the Trustee and the Judge. DiTech has been notified.",Mortgage,
7981,"According to my PSLF and TEPSLF information that Mohela has, I was a Deputy District Attorney in XXXX XXXX, California from XX/XX/XXXX to XX/XX/XXXX. All monthly payments were made. Mohela is only counting back to XX/XX/XXXX and refuses to apply the previous decade of service. I have called them approximately 10 times over the past year. Ive been told its a system error, that they are still counting, and that I dont qualify with ZERO explanation. I have tried to write in a complaint to them but the webpage then directs you to call them. I have received form emails that explain nothing. I have recovered form emails saying that my problem is unique and I should call them. All emails to them result in form emails back. No one is helping. 

They list payments as qualifying only back to XX/XX/XXXX and do not apply the first decade of my service. There are no listed ineligible payments and they claim ALL eligible payments have been applied. They have my forms where the County signed off that I was, in fact, in public service for roughly 17 years. 

I have tried everything and they will not help. I appreciate you reading this and doing what you can. This should be a no-brainer as I am WAY over the 10 year requirement.",Consumer loan,
7984,"On XX/XX/year>, around XXXX PM, the ATM at Chase Bank near XXXX XXXX XXXX "" ate '' my money, and it never came out. The transaction to pay for my credit card didn't go through. I have all the evidence : photos and receipts. But they just don't refund me anything and did not compensate me after XXXX months. 

The amount is {$1.00}. 

I called immediately after that happened, but the woman on the phone said I needed to visit in person. RIDICULOUSLY, I went to that bank again the same week, and they said they could not help me get my money back.?????? The machine is just outside the door of this bank ; how cant you help? They said I needed to call. When I asked the bank counter some other questions, the woman even lied to me. Ridiculous. 

I called again, but they said they were out of business hours and needed me to call back. 

I'm so tired ; it's just {$1.00}. I don't want to waste more time dealing with these unhelpful people at XXXX. But I think that is MY MONEY, and I NEED IT BACK. 

I called again, but the unfriendly and unhelpful XXXX representatives just kept transferring me from one to another and did not solve the issue in XXXX minutes of phone calls. 

I NEED COMPENSATION for the time and the phone bill I spent dealing with those unprofessional Chase bankers. It's so annoying and makes me soooooooo ANGRY...",Bank account or service,
7993,"I had a Bank of America Visa which had no balance. BofA started charging me a monthly fee for not carrying a balance without notice, then reported me to XXXX for not paying. The amount? XXXX dollars. This cause the rates to rise on all my accounts because my credit score went down. This is borderline extortion.",Credit card,
7998,"I received an escrow analysis from Specialized Loan Servicing XX/XX/2023. 
they projected an increase of monthly escrow and shortage payment total of {$400.00}, the figures for real estate taxes they paid were incorrect. I contacted XXXX County treasury and requested receipt of taxes paid for 2023. speicalized Loan paid the correct taxes but used incorrect figures in the escrow report. 
sent a Notice of Error requesting correction which they received on XX/XX/2023. 
the Notice of Error also pointed out the my property has senior tax freeze so the taxes will not increase. 

speicalized loan servicing has not responded as of XX/XX/2023 to the Notice of Error, which is past the 5 day window for response. 
additionally have sent 2 emails through their web site asking for a respsone. 
the mortgage payment due XX/XX/XXXX with a grace period ending XX/XX/XXXX. I have not sent the payment with the increased escrow portion as I am very concerned they will not correct the escrow error.",Mortgage,
